{
 "type": "FeatureCollection",
 "name": "DEA reportados por la comunidad (Instagram @corazonasalvo)",
 "features": [
  {
   "type": "Feature",
   "geometry": {
    "type": "Point",
    "coordinates": [
     -73.2205572,
     -39.8296559
    ]
   },
   "properties": {
    "id": "ig-0001",
    "categoria": "dea",
    "nombre": "Liceo Técnico Valdivia",
    "tipo_recinto": "educacional",
    "referencia": "",
    "fuentes": [
     "comunidad:instagram"
    ],
    "verificacion": {
     "estado": "sin_verificar",
     "confirmaciones": 0,
     "reportes_ausencia": 0,
     "ultima_confirmacion": null
    }
   }
  },
  {
   "type": "Feature",
   "geometry": {
    "type": "Point",
    "coordinates": [
     -73.2212716,
     -39.8302443
    ]
   },
   "properties": {
    "id": "ig-0002",
    "categoria": "dea",
    "nombre": "Escuela N°1 Chile",
    "tipo_recinto": "educacional",
    "referencia": "Errázuriz 2330",
    "fuentes": [
     "comunidad:instagram"
    ],
    "verificacion": {
     "estado": "sin_verificar",
     "confirmaciones": 0,
     "reportes_ausencia": 0,
     "ultima_confirmacion": null
    }
   }
  },
  {
   "type": "Feature",
   "geometry": {
    "type": "Point",
    "coordinates": [
     -73.2837142,
     -39.8451499
    ]
   },
   "properties": {
    "id": "ig-0003",
    "categoria": "dea",
    "nombre": "Colegio San Luis De Alba",
    "tipo_recinto": "educacional",
    "referencia": "",
    "fuentes": [
     "comunidad:instagram"
    ],
    "verificacion": {
     "estado": "sin_verificar",
     "confirmaciones": 0,
     "reportes_ausencia": 0,
     "ultima_confirmacion": null
    }
   }
  },
  {
   "type": "Feature",
   "geometry": {
    "type": "Point",
    "coordinates": [
     -73.3975018,
     -39.7244291
    ]
   },
   "properties": {
    "id": "ig-0004",
    "categoria": "dea",
    "nombre": "Posta de Salud Rural Curiñanco",
    "tipo_recinto": "salud",
    "referencia": "",
    "fuentes": [
     "comunidad:instagram"
    ],
    "verificacion": {
     "estado": "sin_verificar",
     "confirmaciones": 0,
     "reportes_ausencia": 0,
     "ultima_confirmacion": null
    }
   }
  },
  {
   "type": "Feature",
   "geometry": {
    "type": "Point",
    "coordinates": [
     -73.3975684,
     -39.8726322
    ]
   },
   "properties": {
    "id": "ig-0005",
    "categoria": "dea",
    "nombre": "Estadio de Futbol Niebla",
    "tipo_recinto": "deportivo",
    "referencia": "",
    "fuentes": [
     "comunidad:instagram"
    ],
    "verificacion": {
     "estado": "sin_verificar",
     "confirmaciones": 0,
     "reportes_ausencia": 0,
     "ultima_confirmacion": null
    }
   }
  },
  {
   "type": "Feature",
   "geometry": {
    "type": "Point",
    "coordinates": [
     -73.3981444,
     -39.8729402
    ]
   },
   "properties": {
    "id": "ig-0006",
    "categoria": "dea",
    "nombre": "Ex-internado de Niebla",
    "tipo_recinto": "educacional",
    "referencia": "",
    "fuentes": [
     "comunidad:instagram"
    ],
    "verificacion": {
     "estado": "sin_verificar",
     "confirmaciones": 0,
     "reportes_ausencia": 0,
     "ultima_confirmacion": null
    }
   }
  },
  {
   "type": "Feature",
   "geometry": {
    "type": "Point",
    "coordinates": [
     -72.391084,
     -40.132314
    ]
   },
   "properties": {
    "id": "ig-0007",
    "categoria": "dea",
    "nombre": "Hotel y Cabañas Lago Ranco - Caja Los Andes",
    "tipo_recinto": "hotel",
    "referencia": "",
    "fuentes": [
     "comunidad:instagram"
    ],
    "verificacion": {
     "estado": "sin_verificar",
     "confirmaciones": 0,
     "reportes_ausencia": 0,
     "ultima_confirmacion": null
    }
   }
  },
  {
   "type": "Feature",
   "geometry": {
    "type": "Point",
    "coordinates": [
     -73.3951684,
     -39.8733264
    ]
   },
   "properties": {
    "id": "ig-0008",
    "categoria": "dea",
    "nombre": "Centro de Salud Familiar (CESFAM) Niebla",
    "tipo_recinto": "salud",
    "referencia": "",
    "fuentes": [
     "comunidad:instagram"
    ],
    "verificacion": {
     "estado": "sin_verificar",
     "confirmaciones": 0,
     "reportes_ausencia": 0,
     "ultima_confirmacion": null
    }
   }
  },
  {
   "type": "Feature",
   "geometry": {
    "type": "Point",
    "coordinates": [
     -72.5433707,
     -40.056195
    ]
   },
   "properties": {
    "id": "ig-0009",
    "categoria": "dea",
    "nombre": "CECOSF Nontuela",
    "tipo_recinto": "salud",
    "referencia": "",
    "fuentes": [
     "comunidad:instagram"
    ],
    "verificacion": {
     "estado": "sin_verificar",
     "confirmaciones": 0,
     "reportes_ausencia": 0,
     "ultima_confirmacion": null
    }
   }
  },
  {
   "type": "Feature",
   "geometry": {
    "type": "Point",
    "coordinates": [
     -72.3829642,
     -40.1254201
    ]
   },
   "properties": {
    "id": "ig-0010",
    "categoria": "dea",
    "nombre": "CESFAM Futrono | Centro de Salud Familiar",
    "tipo_recinto": "salud",
    "referencia": "",
    "fuentes": [
     "comunidad:instagram"
    ],
    "verificacion": {
     "estado": "sin_verificar",
     "confirmaciones": 0,
     "reportes_ausencia": 0,
     "ultima_confirmacion": null
    }
   }
  },
  {
   "type": "Feature",
   "geometry": {
    "type": "Point",
    "coordinates": [
     -72.38762,
     -40.128242
    ]
   },
   "properties": {
    "id": "ig-0011",
    "categoria": "dea",
    "nombre": "Liceo San Conrado de Futrono",
    "tipo_recinto": "educacional",
    "referencia": "",
    "fuentes": [
     "comunidad:instagram"
    ],
    "verificacion": {
     "estado": "sin_verificar",
     "confirmaciones": 0,
     "reportes_ausencia": 0,
     "ultima_confirmacion": null
    }
   }
  },
  {
   "type": "Feature",
   "geometry": {
    "type": "Point",
    "coordinates": [
     -72.9142381,
     -40.2060211
    ]
   },
   "properties": {
    "id": "ig-0012",
    "categoria": "dea",
    "nombre": "Posta Choroico",
    "tipo_recinto": "salud",
    "referencia": "",
    "fuentes": [
     "comunidad:instagram"
    ],
    "verificacion": {
     "estado": "sin_verificar",
     "confirmaciones": 0,
     "reportes_ausencia": 0,
     "ultima_confirmacion": null
    }
   }
  },
  {
   "type": "Feature",
   "geometry": {
    "type": "Point",
    "coordinates": [
     -73.0035224,
     -40.3103952
    ]
   },
   "properties": {
    "id": "ig-0013",
    "categoria": "dea",
    "nombre": "Liceo Bicentenario de Excelencia Agrícola Tecnológico Werner Grob",
    "tipo_recinto": "educacional",
    "referencia": "",
    "fuentes": [
     "comunidad:instagram"
    ],
    "verificacion": {
     "estado": "sin_verificar",
     "confirmaciones": 0,
     "reportes_ausencia": 0,
     "ultima_confirmacion": null
    }
   }
  },
  {
   "type": "Feature",
   "geometry": {
    "type": "Point",
    "coordinates": [
     -72.7914707,
     -40.2111516
    ]
   },
   "properties": {
    "id": "ig-0014",
    "categoria": "dea",
    "nombre": "Posta Rural Los Esteros",
    "tipo_recinto": "salud",
    "referencia": "",
    "fuentes": [
     "comunidad:instagram"
    ],
    "verificacion": {
     "estado": "sin_verificar",
     "confirmaciones": 0,
     "reportes_ausencia": 0,
     "ultima_confirmacion": null
    }
   }
  },
  {
   "type": "Feature",
   "geometry": {
    "type": "Point",
    "coordinates": [
     -73.0004272,
     -40.3129249
    ]
   },
   "properties": {
    "id": "ig-0015",
    "categoria": "dea",
    "nombre": "Liceo Bicentenario Industrial Ingeniero Ricardo Fenner Ruedi",
    "tipo_recinto": "educacional",
    "referencia": "",
    "fuentes": [
     "comunidad:instagram"
    ],
    "verificacion": {
     "estado": "sin_verificar",
     "confirmaciones": 0,
     "reportes_ausencia": 0,
     "ultima_confirmacion": null
    }
   }
  },
  {
   "type": "Feature",
   "geometry": {
    "type": "Point",
    "coordinates": [
     -72.5898299,
     -40.2413309
    ]
   },
   "properties": {
    "id": "ig-0016",
    "categoria": "dea",
    "nombre": "Posta Rural Puerto Nuvo",
    "tipo_recinto": "salud",
    "referencia": "",
    "fuentes": [
     "comunidad:instagram"
    ],
    "verificacion": {
     "estado": "sin_verificar",
     "confirmaciones": 0,
     "reportes_ausencia": 0,
     "ultima_confirmacion": null
    }
   }
  },
  {
   "type": "Feature",
   "geometry": {
    "type": "Point",
    "coordinates": [
     -73.1297388,
     -40.1569226
    ]
   },
   "properties": {
    "id": "ig-0017",
    "categoria": "dea",
    "nombre": "Posta Rural Catamutun",
    "tipo_recinto": "salud",
    "referencia": "",
    "fuentes": [
     "comunidad:instagram"
    ],
    "verificacion": {
     "estado": "sin_verificar",
     "confirmaciones": 0,
     "reportes_ausencia": 0,
     "ultima_confirmacion": null
    }
   }
  },
  {
   "type": "Feature",
   "geometry": {
    "type": "Point",
    "coordinates": [
     -73.1891279,
     -40.1627457
    ]
   },
   "properties": {
    "id": "ig-0018",
    "categoria": "dea",
    "nombre": "Posta Rural Santa Elisa",
    "tipo_recinto": "salud",
    "referencia": "",
    "fuentes": [
     "comunidad:instagram"
    ],
    "verificacion": {
     "estado": "sin_verificar",
     "confirmaciones": 0,
     "reportes_ausencia": 0,
     "ultima_confirmacion": null
    }
   }
  },
  {
   "type": "Feature",
   "geometry": {
    "type": "Point",
    "coordinates": [
     -73.2736907,
     -40.2910204
    ]
   },
   "properties": {
    "id": "ig-0019",
    "categoria": "dea",
    "nombre": "Posta Rural Pilpilcahuin",
    "tipo_recinto": "salud",
    "referencia": "",
    "fuentes": [
     "comunidad:instagram"
    ],
    "verificacion": {
     "estado": "sin_verificar",
     "confirmaciones": 0,
     "reportes_ausencia": 0,
     "ultima_confirmacion": null
    }
   }
  },
  {
   "type": "Feature",
   "geometry": {
    "type": "Point",
    "coordinates": [
     -73.3354904,
     -40.3116885
    ]
   },
   "properties": {
    "id": "ig-0020",
    "categoria": "dea",
    "nombre": "Posta Mashue",
    "tipo_recinto": "salud",
    "referencia": "",
    "fuentes": [
     "comunidad:instagram"
    ],
    "verificacion": {
     "estado": "sin_verificar",
     "confirmaciones": 0,
     "reportes_ausencia": 0,
     "ultima_confirmacion": null
    }
   }
  },
  {
   "type": "Feature",
   "geometry": {
    "type": "Point",
    "coordinates": [
     -73.0626356,
     -40.3051279
    ]
   },
   "properties": {
    "id": "ig-0021",
    "categoria": "dea",
    "nombre": "CESFAM Dr. Alfredo Gantz Mann",
    "tipo_recinto": "salud",
    "referencia": "",
    "fuentes": [
     "comunidad:instagram"
    ],
    "verificacion": {
     "estado": "sin_verificar",
     "confirmaciones": 0,
     "reportes_ausencia": 0,
     "ultima_confirmacion": null
    }
   }
  },
  {
   "type": "Feature",
   "geometry": {
    "type": "Point",
    "coordinates": [
     -73.0795761,
     -40.2798038
    ]
   },
   "properties": {
    "id": "ig-0022",
    "categoria": "dea",
    "nombre": "Centro Comunitario de Salud Familiar Los Lagos",
    "tipo_recinto": "salud",
    "referencia": "",
    "fuentes": [
     "comunidad:instagram"
    ],
    "verificacion": {
     "estado": "sin_verificar",
     "confirmaciones": 0,
     "reportes_ausencia": 0,
     "ultima_confirmacion": null
    }
   }
  },
  {
   "type": "Feature",
   "geometry": {
    "type": "Point",
    "coordinates": [
     -73.0738837,
     -40.3054935
    ]
   },
   "properties": {
    "id": "ig-0023",
    "categoria": "dea",
    "nombre": "Cecosf Doctor Daiber",
    "tipo_recinto": "salud",
    "referencia": "",
    "fuentes": [
     "comunidad:instagram"
    ],
    "verificacion": {
     "estado": "sin_verificar",
     "confirmaciones": 0,
     "reportes_ausencia": 0,
     "ultima_confirmacion": null
    }
   }
  },
  {
   "type": "Feature",
   "geometry": {
    "type": "Point",
    "coordinates": [
     -73.0741565,
     -40.2995144
    ]
   },
   "properties": {
    "id": "ig-0024",
    "categoria": "dea",
    "nombre": "Colegio Padre Damián",
    "tipo_recinto": "educacional",
    "referencia": "",
    "fuentes": [
     "comunidad:instagram"
    ],
    "verificacion": {
     "estado": "sin_verificar",
     "confirmaciones": 0,
     "reportes_ausencia": 0,
     "ultima_confirmacion": null
    }
   }
  },
  {
   "type": "Feature",
   "geometry": {
    "type": "Point",
    "coordinates": [
     -73.0820142,
     -40.3062736
    ]
   },
   "properties": {
    "id": "ig-0025",
    "categoria": "dea",
    "nombre": "Dispositivo de Salud El Maitén",
    "tipo_recinto": "salud",
    "referencia": "",
    "fuentes": [
     "comunidad:instagram"
    ],
    "verificacion": {
     "estado": "sin_verificar",
     "confirmaciones": 0,
     "reportes_ausencia": 0,
     "ultima_confirmacion": null
    }
   }
  },
  {
   "type": "Feature",
   "geometry": {
    "type": "Point",
    "coordinates": [
     -73.084243,
     -40.2976061
    ]
   },
   "properties": {
    "id": "ig-0026",
    "categoria": "dea",
    "nombre": "Colegio Santa Marta",
    "tipo_recinto": "educacional",
    "referencia": "",
    "fuentes": [
     "comunidad:instagram"
    ],
    "verificacion": {
     "estado": "sin_verificar",
     "confirmaciones": 0,
     "reportes_ausencia": 0,
     "ultima_confirmacion": null
    }
   }
  },
  {
   "type": "Feature",
   "geometry": {
    "type": "Point",
    "coordinates": [
     -73.079975,
     -40.295888
    ]
   },
   "properties": {
    "id": "ig-0027",
    "categoria": "dea",
    "nombre": "Unimarc",
    "tipo_recinto": "comercio",
    "referencia": "",
    "fuentes": [
     "comunidad:instagram"
    ],
    "verificacion": {
     "estado": "sin_verificar",
     "confirmaciones": 0,
     "reportes_ausencia": 0,
     "ultima_confirmacion": null
    }
   }
  },
  {
   "type": "Feature",
   "geometry": {
    "type": "Point",
    "coordinates": [
     -72.6197569,
     -40.2799076
    ]
   },
   "properties": {
    "id": "ig-0028",
    "categoria": "dea",
    "nombre": "Posta Salud Rural Pitriuco",
    "tipo_recinto": "salud",
    "referencia": "",
    "fuentes": [
     "comunidad:instagram"
    ],
    "verificacion": {
     "estado": "sin_verificar",
     "confirmaciones": 0,
     "reportes_ausencia": 0,
     "ultima_confirmacion": null
    }
   }
  },
  {
   "type": "Feature",
   "geometry": {
    "type": "Point",
    "coordinates": [
     -73.0722307,
     -40.2930287
    ]
   },
   "properties": {
    "id": "ig-0029",
    "categoria": "dea",
    "nombre": "Santa Isabel",
    "tipo_recinto": "comercio",
    "referencia": "",
    "fuentes": [
     "comunidad:instagram"
    ],
    "verificacion": {
     "estado": "sin_verificar",
     "confirmaciones": 0,
     "reportes_ausencia": 0,
     "ultima_confirmacion": null
    }
   }
  },
  {
   "type": "Feature",
   "geometry": {
    "type": "Point",
    "coordinates": [
     -72.4716246,
     -40.3219967
    ]
   },
   "properties": {
    "id": "ig-0030",
    "categoria": "dea",
    "nombre": "CESFAM Juan Santamaría Bonet | Centro de Salud Familiar",
    "tipo_recinto": "salud",
    "referencia": "",
    "fuentes": [
     "comunidad:instagram"
    ],
    "verificacion": {
     "estado": "sin_verificar",
     "confirmaciones": 0,
     "reportes_ausencia": 0,
     "ultima_confirmacion": null
    }
   }
  },
  {
   "type": "Feature",
   "geometry": {
    "type": "Point",
    "coordinates": [
     -72.2133859,
     -40.3223234
    ]
   },
   "properties": {
    "id": "ig-0031",
    "categoria": "dea",
    "nombre": "CECOSF Riñinahue",
    "tipo_recinto": "salud",
    "referencia": "",
    "fuentes": [
     "comunidad:instagram"
    ],
    "verificacion": {
     "estado": "sin_verificar",
     "confirmaciones": 0,
     "reportes_ausencia": 0,
     "ultima_confirmacion": null
    }
   }
  },
  {
   "type": "Feature",
   "geometry": {
    "type": "Point",
    "coordinates": [
     -73.0815566,
     -40.2960576
    ]
   },
   "properties": {
    "id": "ig-0032",
    "categoria": "dea",
    "nombre": "Banco de Chile",
    "tipo_recinto": "comercio",
    "referencia": "",
    "fuentes": [
     "comunidad:instagram"
    ],
    "verificacion": {
     "estado": "sin_verificar",
     "confirmaciones": 0,
     "reportes_ausencia": 0,
     "ultima_confirmacion": null
    }
   }
  },
  {
   "type": "Feature",
   "geometry": {
    "type": "Point",
    "coordinates": [
     -72.2139465,
     -40.3224047
    ]
   },
   "properties": {
    "id": "ig-0033",
    "categoria": "dea",
    "nombre": "Centro Comunitario Riñinahue",
    "tipo_recinto": "institucional",
    "referencia": "",
    "fuentes": [
     "comunidad:instagram"
    ],
    "verificacion": {
     "estado": "sin_verificar",
     "confirmaciones": 0,
     "reportes_ausencia": 0,
     "ultima_confirmacion": null
    }
   }
  },
  {
   "type": "Feature",
   "geometry": {
    "type": "Point",
    "coordinates": [
     -73.0800257,
     -40.2981798
    ]
   },
   "properties": {
    "id": "ig-0034",
    "categoria": "dea",
    "nombre": "SuperBodega aCuenta",
    "tipo_recinto": "comercio",
    "referencia": "",
    "fuentes": [
     "comunidad:instagram"
    ],
    "verificacion": {
     "estado": "sin_verificar",
     "confirmaciones": 0,
     "reportes_ausencia": 0,
     "ultima_confirmacion": null
    }
   }
  },
  {
   "type": "Feature",
   "geometry": {
    "type": "Point",
    "coordinates": [
     -73.072244,
     -40.292996
    ]
   },
   "properties": {
    "id": "ig-0035",
    "categoria": "dea",
    "nombre": "Easy La Unión",
    "tipo_recinto": "comercio",
    "referencia": "",
    "fuentes": [
     "comunidad:instagram"
    ],
    "verificacion": {
     "estado": "sin_verificar",
     "confirmaciones": 0,
     "reportes_ausencia": 0,
     "ultima_confirmacion": null
    }
   }
  },
  {
   "type": "Feature",
   "geometry": {
    "type": "Point",
    "coordinates": [
     -71.9614269,
     -40.3194639
    ]
   },
   "properties": {
    "id": "ig-0036",
    "categoria": "dea",
    "nombre": "Posta de salud RUPUMEICA BAJO",
    "tipo_recinto": "salud",
    "referencia": "",
    "fuentes": [
     "comunidad:instagram"
    ],
    "verificacion": {
     "estado": "sin_verificar",
     "confirmaciones": 0,
     "reportes_ausencia": 0,
     "ultima_confirmacion": null
    }
   }
  },
  {
   "type": "Feature",
   "geometry": {
    "type": "Point",
    "coordinates": [
     -72.3119192,
     -40.271142
    ]
   },
   "properties": {
    "id": "ig-0037",
    "categoria": "dea",
    "nombre": "Posta illahuapi",
    "tipo_recinto": "salud",
    "referencia": "",
    "fuentes": [
     "comunidad:instagram"
    ],
    "verificacion": {
     "estado": "sin_verificar",
     "confirmaciones": 0,
     "reportes_ausencia": 0,
     "ultima_confirmacion": null
    }
   }
  },
  {
   "type": "Feature",
   "geometry": {
    "type": "Point",
    "coordinates": [
     -72.7656359,
     -39.4500718
    ]
   },
   "properties": {
    "id": "ig-0038",
    "categoria": "dea",
    "nombre": "Centro de diálisis Vida Dial",
    "tipo_recinto": "salud",
    "referencia": "",
    "fuentes": [
     "comunidad:instagram"
    ],
    "verificacion": {
     "estado": "sin_verificar",
     "confirmaciones": 0,
     "reportes_ausencia": 0,
     "ultima_confirmacion": null
    }
   }
  },
  {
   "type": "Feature",
   "geometry": {
    "type": "Point",
    "coordinates": [
     -72.7670086,
     -39.4566557
    ]
   },
   "properties": {
    "id": "ig-0039",
    "categoria": "dea",
    "nombre": "Supermercado Lily Lanco",
    "tipo_recinto": "comercio",
    "referencia": "",
    "fuentes": [
     "comunidad:instagram"
    ],
    "verificacion": {
     "estado": "sin_verificar",
     "confirmaciones": 0,
     "reportes_ausencia": 0,
     "ultima_confirmacion": null
    }
   }
  },
  {
   "type": "Feature",
   "geometry": {
    "type": "Point",
    "coordinates": [
     -72.5106846,
     -39.5433645
    ]
   },
   "properties": {
    "id": "ig-0040",
    "categoria": "dea",
    "nombre": "CESFAM Malalhue | Centro de Salud Familiar",
    "tipo_recinto": "salud",
    "referencia": "",
    "fuentes": [
     "comunidad:instagram"
    ],
    "verificacion": {
     "estado": "sin_verificar",
     "confirmaciones": 0,
     "reportes_ausencia": 0,
     "ultima_confirmacion": null
    }
   }
  },
  {
   "type": "Feature",
   "geometry": {
    "type": "Point",
    "coordinates": [
     -72.8100768,
     -39.8629747
    ]
   },
   "properties": {
    "id": "ig-0041",
    "categoria": "dea",
    "nombre": "Hospital de Los Lagos",
    "tipo_recinto": "salud_24h",
    "referencia": "",
    "fuentes": [
     "comunidad:instagram"
    ],
    "verificacion": {
     "estado": "sin_verificar",
     "confirmaciones": 0,
     "reportes_ausencia": 0,
     "ultima_confirmacion": null
    }
   }
  },
  {
   "type": "Feature",
   "geometry": {
    "type": "Point",
    "coordinates": [
     -72.9577112,
     -39.5394797
    ]
   },
   "properties": {
    "id": "ig-0042",
    "categoria": "dea",
    "nombre": "SuperBodega aCuenta",
    "tipo_recinto": "comercio",
    "referencia": "",
    "fuentes": [
     "comunidad:instagram"
    ],
    "verificacion": {
     "estado": "sin_verificar",
     "confirmaciones": 0,
     "reportes_ausencia": 0,
     "ultima_confirmacion": null
    }
   }
  },
  {
   "type": "Feature",
   "geometry": {
    "type": "Point",
    "coordinates": [
     -72.810264,
     -39.860633
    ]
   },
   "properties": {
    "id": "ig-0043",
    "categoria": "dea",
    "nombre": "Unimarc",
    "tipo_recinto": "comercio",
    "referencia": "",
    "fuentes": [
     "comunidad:instagram"
    ],
    "verificacion": {
     "estado": "sin_verificar",
     "confirmaciones": 0,
     "reportes_ausencia": 0,
     "ultima_confirmacion": null
    }
   }
  },
  {
   "type": "Feature",
   "geometry": {
    "type": "Point",
    "coordinates": [
     -72.8154252,
     -39.8621589
    ]
   },
   "properties": {
    "id": "ig-0044",
    "categoria": "dea",
    "nombre": "Unimarc",
    "tipo_recinto": "comercio",
    "referencia": "",
    "fuentes": [
     "comunidad:instagram"
    ],
    "verificacion": {
     "estado": "sin_verificar",
     "confirmaciones": 0,
     "reportes_ausencia": 0,
     "ultima_confirmacion": null
    }
   }
  },
  {
   "type": "Feature",
   "geometry": {
    "type": "Point",
    "coordinates": [
     -72.9571895,
     -39.5392864
    ]
   },
   "properties": {
    "id": "ig-0045",
    "categoria": "dea",
    "nombre": "SUPERMERCADO LILY",
    "tipo_recinto": "comercio",
    "referencia": "",
    "fuentes": [
     "comunidad:instagram"
    ],
    "verificacion": {
     "estado": "sin_verificar",
     "confirmaciones": 0,
     "reportes_ausencia": 0,
     "ultima_confirmacion": null
    }
   }
  },
  {
   "type": "Feature",
   "geometry": {
    "type": "Point",
    "coordinates": [
     -70.6234069,
     -33.6275841
    ]
   },
   "properties": {
    "id": "ig-0046",
    "categoria": "dea",
    "nombre": "Colegio Elisa Valdés",
    "tipo_recinto": "educacional",
    "referencia": "",
    "fuentes": [
     "comunidad:instagram"
    ],
    "verificacion": {
     "estado": "sin_verificar",
     "confirmaciones": 0,
     "reportes_ausencia": 0,
     "ultima_confirmacion": null
    }
   }
  },
  {
   "type": "Feature",
   "geometry": {
    "type": "Point",
    "coordinates": [
     -72.8664146,
     -40.0708163
    ]
   },
   "properties": {
    "id": "ig-0047",
    "categoria": "dea",
    "nombre": "Centro De Dialisis",
    "tipo_recinto": "salud",
    "referencia": "",
    "fuentes": [
     "comunidad:instagram"
    ],
    "verificacion": {
     "estado": "sin_verificar",
     "confirmaciones": 0,
     "reportes_ausencia": 0,
     "ultima_confirmacion": null
    }
   }
  },
  {
   "type": "Feature",
   "geometry": {
    "type": "Point",
    "coordinates": [
     -72.3336554,
     -39.6428198
    ]
   },
   "properties": {
    "id": "ig-0048",
    "categoria": "dea",
    "nombre": "Unimarc Panguipulli",
    "tipo_recinto": "comercio",
    "referencia": "",
    "fuentes": [
     "comunidad:instagram"
    ],
    "verificacion": {
     "estado": "sin_verificar",
     "confirmaciones": 0,
     "reportes_ausencia": 0,
     "ultima_confirmacion": null
    }
   }
  },
  {
   "type": "Feature",
   "geometry": {
    "type": "Point",
    "coordinates": [
     -71.9523501,
     -39.8541533
    ]
   },
   "properties": {
    "id": "ig-0049",
    "categoria": "dea",
    "nombre": "Portal Salto Huilo Huilo",
    "tipo_recinto": "cultura",
    "referencia": "",
    "fuentes": [
     "comunidad:instagram"
    ],
    "verificacion": {
     "estado": "sin_verificar",
     "confirmaciones": 0,
     "reportes_ausencia": 0,
     "ultima_confirmacion": null
    }
   }
  },
  {
   "type": "Feature",
   "geometry": {
    "type": "Point",
    "coordinates": [
     -70.6060597,
     -33.6205879
    ]
   },
   "properties": {
    "id": "ig-0050",
    "categoria": "dea",
    "nombre": "Colegio Cardenal Juan Francisco Fresno",
    "tipo_recinto": "educacional",
    "referencia": "",
    "fuentes": [
     "comunidad:instagram"
    ],
    "verificacion": {
     "estado": "sin_verificar",
     "confirmaciones": 0,
     "reportes_ausencia": 0,
     "ultima_confirmacion": null
    }
   }
  },
  {
   "type": "Feature",
   "geometry": {
    "type": "Point",
    "coordinates": [
     -71.9136593,
     -39.8691076
    ]
   },
   "properties": {
    "id": "ig-0051",
    "categoria": "dea",
    "nombre": "Nothofagus Hotel, Reserva Biológica Huilo Huilo",
    "tipo_recinto": "hotel",
    "referencia": "",
    "fuentes": [
     "comunidad:instagram"
    ],
    "verificacion": {
     "estado": "sin_verificar",
     "confirmaciones": 0,
     "reportes_ausencia": 0,
     "ultima_confirmacion": null
    }
   }
  },
  {
   "type": "Feature",
   "geometry": {
    "type": "Point",
    "coordinates": [
     -72.9504656,
     -40.3348604
    ]
   },
   "properties": {
    "id": "ig-0052",
    "categoria": "dea",
    "nombre": "Hospital de Río Bueno",
    "tipo_recinto": "salud_24h",
    "referencia": "",
    "fuentes": [
     "comunidad:instagram"
    ],
    "verificacion": {
     "estado": "sin_verificar",
     "confirmaciones": 0,
     "reportes_ausencia": 0,
     "ultima_confirmacion": null
    }
   }
  },
  {
   "type": "Feature",
   "geometry": {
    "type": "Point",
    "coordinates": [
     -70.5589523,
     -33.5939598
    ]
   },
   "properties": {
    "id": "ig-0053",
    "categoria": "dea",
    "nombre": "Express de Lider",
    "tipo_recinto": "comercio",
    "referencia": "",
    "fuentes": [
     "comunidad:instagram"
    ],
    "verificacion": {
     "estado": "sin_verificar",
     "confirmaciones": 0,
     "reportes_ausencia": 0,
     "ultima_confirmacion": null
    }
   }
  },
  {
   "type": "Feature",
   "geometry": {
    "type": "Point",
    "coordinates": [
     -70.5989914,
     -33.6140329
    ]
   },
   "properties": {
    "id": "ig-0054",
    "categoria": "dea",
    "nombre": "CRS Hospital Provincia Cordillera",
    "tipo_recinto": "salud",
    "referencia": "",
    "fuentes": [
     "comunidad:instagram"
    ],
    "verificacion": {
     "estado": "sin_verificar",
     "confirmaciones": 0,
     "reportes_ausencia": 0,
     "ultima_confirmacion": null
    }
   }
  },
  {
   "type": "Feature",
   "geometry": {
    "type": "Point",
    "coordinates": [
     -70.5798394,
     -33.5895734
    ]
   },
   "properties": {
    "id": "ig-0055",
    "categoria": "dea",
    "nombre": "Metro - Protectora de la Infancia",
    "tipo_recinto": "metro",
    "referencia": "",
    "fuentes": [
     "comunidad:instagram"
    ],
    "verificacion": {
     "estado": "sin_verificar",
     "confirmaciones": 0,
     "reportes_ausencia": 0,
     "ultima_confirmacion": null
    }
   }
  },
  {
   "type": "Feature",
   "geometry": {
    "type": "Point",
    "coordinates": [
     -70.5768076,
     -33.6121136
    ]
   },
   "properties": {
    "id": "ig-0056",
    "categoria": "dea",
    "nombre": "IntegraMédica Puente Alto",
    "tipo_recinto": "salud",
    "referencia": "",
    "fuentes": [
     "comunidad:instagram"
    ],
    "verificacion": {
     "estado": "sin_verificar",
     "confirmaciones": 0,
     "reportes_ausencia": 0,
     "ultima_confirmacion": null
    }
   }
  },
  {
   "type": "Feature",
   "geometry": {
    "type": "Point",
    "coordinates": [
     -70.5810415,
     -33.6094629
    ]
   },
   "properties": {
    "id": "ig-0057",
    "categoria": "dea",
    "nombre": "Liceo Nuestra Señora de las Mercedes",
    "tipo_recinto": "educacional",
    "referencia": "",
    "fuentes": [
     "comunidad:instagram"
    ],
    "verificacion": {
     "estado": "sin_verificar",
     "confirmaciones": 0,
     "reportes_ausencia": 0,
     "ultima_confirmacion": null
    }
   }
  },
  {
   "type": "Feature",
   "geometry": {
    "type": "Point",
    "coordinates": [
     -70.5760333,
     -33.6098975
    ]
   },
   "properties": {
    "id": "ig-0058",
    "categoria": "dea",
    "nombre": "Banco de Chile",
    "tipo_recinto": "comercio",
    "referencia": "",
    "fuentes": [
     "comunidad:instagram"
    ],
    "verificacion": {
     "estado": "sin_verificar",
     "confirmaciones": 0,
     "reportes_ausencia": 0,
     "ultima_confirmacion": null
    }
   }
  },
  {
   "type": "Feature",
   "geometry": {
    "type": "Point",
    "coordinates": [
     -70.5741288,
     -33.6097695
    ]
   },
   "properties": {
    "id": "ig-0059",
    "categoria": "dea",
    "nombre": "Centro de Imágenes Corporación Municipal",
    "tipo_recinto": "salud",
    "referencia": "",
    "fuentes": [
     "comunidad:instagram"
    ],
    "verificacion": {
     "estado": "sin_verificar",
     "confirmaciones": 0,
     "reportes_ausencia": 0,
     "ultima_confirmacion": null
    }
   }
  },
  {
   "type": "Feature",
   "geometry": {
    "type": "Point",
    "coordinates": [
     -70.57591,
     -33.60955
    ]
   },
   "properties": {
    "id": "ig-0060",
    "categoria": "dea",
    "nombre": "Plaza de Puente Alto",
    "tipo_recinto": "metro",
    "referencia": "",
    "fuentes": [
     "comunidad:instagram"
    ],
    "verificacion": {
     "estado": "sin_verificar",
     "confirmaciones": 0,
     "reportes_ausencia": 0,
     "ultima_confirmacion": null
    }
   }
  },
  {
   "type": "Feature",
   "geometry": {
    "type": "Point",
    "coordinates": [
     -70.5762181,
     -33.6089568
    ]
   },
   "properties": {
    "id": "ig-0061",
    "categoria": "dea",
    "nombre": "Corona",
    "tipo_recinto": "comercio",
    "referencia": "",
    "fuentes": [
     "comunidad:instagram"
    ],
    "verificacion": {
     "estado": "sin_verificar",
     "confirmaciones": 0,
     "reportes_ausencia": 0,
     "ultima_confirmacion": null
    }
   }
  },
  {
   "type": "Feature",
   "geometry": {
    "type": "Point",
    "coordinates": [
     -70.5718233,
     -33.606168
    ]
   },
   "properties": {
    "id": "ig-0062",
    "categoria": "dea",
    "nombre": "Estadio Municipal de Puente Alto",
    "tipo_recinto": "deportivo",
    "referencia": "",
    "fuentes": [
     "comunidad:instagram"
    ],
    "verificacion": {
     "estado": "sin_verificar",
     "confirmaciones": 0,
     "reportes_ausencia": 0,
     "ultima_confirmacion": null
    }
   }
  },
  {
   "type": "Feature",
   "geometry": {
    "type": "Point",
    "coordinates": [
     -70.5791176,
     -33.6008966
    ]
   },
   "properties": {
    "id": "ig-0063",
    "categoria": "dea",
    "nombre": "Cinépolis Plazuela Independencia",
    "tipo_recinto": "cultura",
    "referencia": "",
    "fuentes": [
     "comunidad:instagram"
    ],
    "verificacion": {
     "estado": "sin_verificar",
     "confirmaciones": 0,
     "reportes_ausencia": 0,
     "ultima_confirmacion": null
    }
   }
  },
  {
   "type": "Feature",
   "geometry": {
    "type": "Point",
    "coordinates": [
     -70.5774628,
     -33.6014017
    ]
   },
   "properties": {
    "id": "ig-0064",
    "categoria": "dea",
    "nombre": "Las Mercedes",
    "tipo_recinto": "metro",
    "referencia": "",
    "fuentes": [
     "comunidad:instagram"
    ],
    "verificacion": {
     "estado": "sin_verificar",
     "confirmaciones": 0,
     "reportes_ausencia": 0,
     "ultima_confirmacion": null
    }
   }
  },
  {
   "type": "Feature",
   "geometry": {
    "type": "Point",
    "coordinates": [
     -70.575788,
     -33.5994166
    ]
   },
   "properties": {
    "id": "ig-0065",
    "categoria": "dea",
    "nombre": "Espacio Urbano Puente Alto+",
    "tipo_recinto": "comercio",
    "referencia": "",
    "fuentes": [
     "comunidad:instagram"
    ],
    "verificacion": {
     "estado": "sin_verificar",
     "confirmaciones": 0,
     "reportes_ausencia": 0,
     "ultima_confirmacion": null
    }
   }
  },
  {
   "type": "Feature",
   "geometry": {
    "type": "Point",
    "coordinates": [
     -70.5787978,
     -33.5985053
    ]
   },
   "properties": {
    "id": "ig-0066",
    "categoria": "dea",
    "nombre": "Duoc UC: Sede Puente Alto",
    "tipo_recinto": "educacional",
    "referencia": "",
    "fuentes": [
     "comunidad:instagram"
    ],
    "verificacion": {
     "estado": "sin_verificar",
     "confirmaciones": 0,
     "reportes_ausencia": 0,
     "ultima_confirmacion": null
    }
   }
  },
  {
   "type": "Feature",
   "geometry": {
    "type": "Point",
    "coordinates": [
     -70.5773567,
     -33.5970948
    ]
   },
   "properties": {
    "id": "ig-0067",
    "categoria": "dea",
    "nombre": "Open Puente Alto",
    "tipo_recinto": "comercio",
    "referencia": "",
    "fuentes": [
     "comunidad:instagram"
    ],
    "verificacion": {
     "estado": "sin_verificar",
     "confirmaciones": 0,
     "reportes_ausencia": 0,
     "ultima_confirmacion": null
    }
   }
  },
  {
   "type": "Feature",
   "geometry": {
    "type": "Point",
    "coordinates": [
     -70.5766892,
     -33.5968521
    ]
   },
   "properties": {
    "id": "ig-0068",
    "categoria": "dea",
    "nombre": "Tottus",
    "tipo_recinto": "comercio",
    "referencia": "",
    "fuentes": [
     "comunidad:instagram"
    ],
    "verificacion": {
     "estado": "sin_verificar",
     "confirmaciones": 0,
     "reportes_ausencia": 0,
     "ultima_confirmacion": null
    }
   }
  },
  {
   "type": "Feature",
   "geometry": {
    "type": "Point",
    "coordinates": [
     -70.5865902,
     -33.5958543
    ]
   },
   "properties": {
    "id": "ig-0069",
    "categoria": "dea",
    "nombre": "Colegio Alicante del Sol",
    "tipo_recinto": "educacional",
    "referencia": "",
    "fuentes": [
     "comunidad:instagram"
    ],
    "verificacion": {
     "estado": "sin_verificar",
     "confirmaciones": 0,
     "reportes_ausencia": 0,
     "ultima_confirmacion": null
    }
   }
  },
  {
   "type": "Feature",
   "geometry": {
    "type": "Point",
    "coordinates": [
     -70.594213,
     -33.590181
    ]
   },
   "properties": {
    "id": "ig-0070",
    "categoria": "dea",
    "nombre": "Colegio Obispo Alvear",
    "tipo_recinto": "educacional",
    "referencia": "",
    "fuentes": [
     "comunidad:instagram"
    ],
    "verificacion": {
     "estado": "sin_verificar",
     "confirmaciones": 0,
     "reportes_ausencia": 0,
     "ultima_confirmacion": null
    }
   }
  },
  {
   "type": "Feature",
   "geometry": {
    "type": "Point",
    "coordinates": [
     -70.5915897,
     -33.5904336
    ]
   },
   "properties": {
    "id": "ig-0071",
    "categoria": "dea",
    "nombre": "Colegio Emprender",
    "tipo_recinto": "educacional",
    "referencia": "",
    "fuentes": [
     "comunidad:instagram"
    ],
    "verificacion": {
     "estado": "sin_verificar",
     "confirmaciones": 0,
     "reportes_ausencia": 0,
     "ultima_confirmacion": null
    }
   }
  },
  {
   "type": "Feature",
   "geometry": {
    "type": "Point",
    "coordinates": [
     -70.6058834,
     -33.5737502
    ]
   },
   "properties": {
    "id": "ig-0072",
    "categoria": "dea",
    "nombre": "Colegio Arzobispo Crescente Errázuriz",
    "tipo_recinto": "educacional",
    "referencia": "",
    "fuentes": [
     "comunidad:instagram"
    ],
    "verificacion": {
     "estado": "sin_verificar",
     "confirmaciones": 0,
     "reportes_ausencia": 0,
     "ultima_confirmacion": null
    }
   }
  },
  {
   "type": "Feature",
   "geometry": {
    "type": "Point",
    "coordinates": [
     -70.5178962,
     -33.5988083
    ]
   },
   "properties": {
    "id": "ig-0073",
    "categoria": "dea",
    "nombre": "Unimarc Las Vizcachas",
    "tipo_recinto": "comercio",
    "referencia": "",
    "fuentes": [
     "comunidad:instagram"
    ],
    "verificacion": {
     "estado": "sin_verificar",
     "confirmaciones": 0,
     "reportes_ausencia": 0,
     "ultima_confirmacion": null
    }
   }
  },
  {
   "type": "Feature",
   "geometry": {
    "type": "Point",
    "coordinates": [
     -70.5177648,
     -33.5969398
    ]
   },
   "properties": {
    "id": "ig-0074",
    "categoria": "dea",
    "nombre": "Mampato Las Vizcachas",
    "tipo_recinto": "cultura",
    "referencia": "",
    "fuentes": [
     "comunidad:instagram"
    ],
    "verificacion": {
     "estado": "sin_verificar",
     "confirmaciones": 0,
     "reportes_ausencia": 0,
     "ultima_confirmacion": null
    }
   }
  },
  {
   "type": "Feature",
   "geometry": {
    "type": "Point",
    "coordinates": [
     -70.534478,
     -33.6015484
    ]
   },
   "properties": {
    "id": "ig-0075",
    "categoria": "dea",
    "nombre": "Balneario Municipal de Puente Alto",
    "tipo_recinto": "deportivo",
    "referencia": "",
    "fuentes": [
     "comunidad:instagram"
    ],
    "verificacion": {
     "estado": "sin_verificar",
     "confirmaciones": 0,
     "reportes_ausencia": 0,
     "ultima_confirmacion": null
    }
   }
  },
  {
   "type": "Feature",
   "geometry": {
    "type": "Point",
    "coordinates": [
     -70.5460852,
     -33.5957981
    ]
   },
   "properties": {
    "id": "ig-0076",
    "categoria": "dea",
    "nombre": "Colegio Alicante del Valle",
    "tipo_recinto": "educacional",
    "referencia": "",
    "fuentes": [
     "comunidad:instagram"
    ],
    "verificacion": {
     "estado": "sin_verificar",
     "confirmaciones": 0,
     "reportes_ausencia": 0,
     "ultima_confirmacion": null
    }
   }
  },
  {
   "type": "Feature",
   "geometry": {
    "type": "Point",
    "coordinates": [
     -70.556458,
     -33.596647
    ]
   },
   "properties": {
    "id": "ig-0077",
    "categoria": "dea",
    "nombre": "Cesfam UC San Alberto Hurtado",
    "tipo_recinto": "salud",
    "referencia": "",
    "fuentes": [
     "comunidad:instagram"
    ],
    "verificacion": {
     "estado": "sin_verificar",
     "confirmaciones": 0,
     "reportes_ausencia": 0,
     "ultima_confirmacion": null
    }
   }
  },
  {
   "type": "Feature",
   "geometry": {
    "type": "Point",
    "coordinates": [
     -70.5560893,
     -33.5900724
    ]
   },
   "properties": {
    "id": "ig-0078",
    "categoria": "dea",
    "nombre": "Unimarc",
    "tipo_recinto": "comercio",
    "referencia": "",
    "fuentes": [
     "comunidad:instagram"
    ],
    "verificacion": {
     "estado": "sin_verificar",
     "confirmaciones": 0,
     "reportes_ausencia": 0,
     "ultima_confirmacion": null
    }
   }
  },
  {
   "type": "Feature",
   "geometry": {
    "type": "Point",
    "coordinates": [
     -70.556918,
     -33.568955
    ]
   },
   "properties": {
    "id": "ig-0079",
    "categoria": "dea",
    "nombre": "IntegraMédica Tobalaba",
    "tipo_recinto": "salud",
    "referencia": "",
    "fuentes": [
     "comunidad:instagram"
    ],
    "verificacion": {
     "estado": "sin_verificar",
     "confirmaciones": 0,
     "reportes_ausencia": 0,
     "ultima_confirmacion": null
    }
   }
  },
  {
   "type": "Feature",
   "geometry": {
    "type": "Point",
    "coordinates": [
     -70.5579892,
     -33.5690243
    ]
   },
   "properties": {
    "id": "ig-0080",
    "categoria": "dea",
    "nombre": "Cinemark Mallplaza Tobalaba",
    "tipo_recinto": "cultura",
    "referencia": "",
    "fuentes": [
     "comunidad:instagram"
    ],
    "verificacion": {
     "estado": "sin_verificar",
     "confirmaciones": 0,
     "reportes_ausencia": 0,
     "ultima_confirmacion": null
    }
   }
  },
  {
   "type": "Feature",
   "geometry": {
    "type": "Point",
    "coordinates": [
     -70.5582148,
     -33.5696417
    ]
   },
   "properties": {
    "id": "ig-0081",
    "categoria": "dea",
    "nombre": "Ripley Mall Plaza Tobalaba",
    "tipo_recinto": "comercio",
    "referencia": "",
    "fuentes": [
     "comunidad:instagram"
    ],
    "verificacion": {
     "estado": "sin_verificar",
     "confirmaciones": 0,
     "reportes_ausencia": 0,
     "ultima_confirmacion": null
    }
   }
  },
  {
   "type": "Feature",
   "geometry": {
    "type": "Point",
    "coordinates": [
     -70.5577683,
     -33.5694517
    ]
   },
   "properties": {
    "id": "ig-0082",
    "categoria": "dea",
    "nombre": "Tottus",
    "tipo_recinto": "comercio",
    "referencia": "",
    "fuentes": [
     "comunidad:instagram"
    ],
    "verificacion": {
     "estado": "sin_verificar",
     "confirmaciones": 0,
     "reportes_ausencia": 0,
     "ultima_confirmacion": null
    }
   }
  },
  {
   "type": "Feature",
   "geometry": {
    "type": "Point",
    "coordinates": [
     -70.5565964,
     -33.5695937
    ]
   },
   "properties": {
    "id": "ig-0083",
    "categoria": "dea",
    "nombre": "Energy Mallplaza Tobalaba",
    "tipo_recinto": "deportivo",
    "referencia": "",
    "fuentes": [
     "comunidad:instagram"
    ],
    "verificacion": {
     "estado": "sin_verificar",
     "confirmaciones": 0,
     "reportes_ausencia": 0,
     "ultima_confirmacion": null
    }
   }
  },
  {
   "type": "Feature",
   "geometry": {
    "type": "Point",
    "coordinates": [
     -70.5574806,
     -33.5694872
    ]
   },
   "properties": {
    "id": "ig-0084",
    "categoria": "dea",
    "nombre": "Mallplaza Tobalaba",
    "tipo_recinto": "comercio",
    "referencia": "",
    "fuentes": [
     "comunidad:instagram"
    ],
    "verificacion": {
     "estado": "sin_verificar",
     "confirmaciones": 0,
     "reportes_ausencia": 0,
     "ultima_confirmacion": null
    }
   }
  },
  {
   "type": "Feature",
   "geometry": {
    "type": "Point",
    "coordinates": [
     -70.5857732,
     -33.5717623
    ]
   },
   "properties": {
    "id": "ig-0085",
    "categoria": "dea",
    "nombre": "Easy Puente Alto",
    "tipo_recinto": "comercio",
    "referencia": "",
    "fuentes": [
     "comunidad:instagram"
    ],
    "verificacion": {
     "estado": "sin_verificar",
     "confirmaciones": 0,
     "reportes_ausencia": 0,
     "ultima_confirmacion": null
    }
   }
  },
  {
   "type": "Feature",
   "geometry": {
    "type": "Point",
    "coordinates": [
     -70.5848465,
     -33.5710945
    ]
   },
   "properties": {
    "id": "ig-0086",
    "categoria": "dea",
    "nombre": "Jumbo",
    "tipo_recinto": "comercio",
    "referencia": "",
    "fuentes": [
     "comunidad:instagram"
    ],
    "verificacion": {
     "estado": "sin_verificar",
     "confirmaciones": 0,
     "reportes_ausencia": 0,
     "ultima_confirmacion": null
    }
   }
  },
  {
   "type": "Feature",
   "geometry": {
    "type": "Point",
    "coordinates": [
     -70.5825371,
     -33.5728861
    ]
   },
   "properties": {
    "id": "ig-0087",
    "categoria": "dea",
    "nombre": "Centro Médico y Dental RedSalud Puente Alto",
    "tipo_recinto": "salud",
    "referencia": "",
    "fuentes": [
     "comunidad:instagram"
    ],
    "verificacion": {
     "estado": "sin_verificar",
     "confirmaciones": 0,
     "reportes_ausencia": 0,
     "ultima_confirmacion": null
    }
   }
  },
  {
   "type": "Feature",
   "geometry": {
    "type": "Point",
    "coordinates": [
     -70.5782012,
     -33.5767631
    ]
   },
   "properties": {
    "id": "ig-0088",
    "categoria": "dea",
    "nombre": "Santo Tomas CFT Puente Alto",
    "tipo_recinto": "educacional",
    "referencia": "",
    "fuentes": [
     "comunidad:instagram"
    ],
    "verificacion": {
     "estado": "sin_verificar",
     "confirmaciones": 0,
     "reportes_ausencia": 0,
     "ultima_confirmacion": null
    }
   }
  },
  {
   "type": "Feature",
   "geometry": {
    "type": "Point",
    "coordinates": [
     -70.6058834,
     -33.5737502
    ]
   },
   "properties": {
    "id": "ig-0089",
    "categoria": "dea",
    "nombre": "Colegio Arzobispo Crescente Errázuriz",
    "tipo_recinto": "educacional",
    "referencia": "",
    "fuentes": [
     "comunidad:instagram"
    ],
    "verificacion": {
     "estado": "sin_verificar",
     "confirmaciones": 0,
     "reportes_ausencia": 0,
     "ultima_confirmacion": null
    }
   }
  },
  {
   "type": "Feature",
   "geometry": {
    "type": "Point",
    "coordinates": [
     -70.5811013,
     -33.5857476
    ]
   },
   "properties": {
    "id": "ig-0090",
    "categoria": "dea",
    "nombre": "INACAP Puente Alto",
    "tipo_recinto": "educacional",
    "referencia": "",
    "fuentes": [
     "comunidad:instagram"
    ],
    "verificacion": {
     "estado": "sin_verificar",
     "confirmaciones": 0,
     "reportes_ausencia": 0,
     "ultima_confirmacion": null
    }
   }
  },
  {
   "type": "Feature",
   "geometry": {
    "type": "Point",
    "coordinates": [
     -70.5803447,
     -33.5834319
    ]
   },
   "properties": {
    "id": "ig-0091",
    "categoria": "dea",
    "nombre": "Colegio Los Nogales",
    "tipo_recinto": "educacional",
    "referencia": "",
    "fuentes": [
     "comunidad:instagram"
    ],
    "verificacion": {
     "estado": "sin_verificar",
     "confirmaciones": 0,
     "reportes_ausencia": 0,
     "ultima_confirmacion": null
    }
   }
  },
  {
   "type": "Feature",
   "geometry": {
    "type": "Point",
    "coordinates": [
     -70.5809235,
     -33.5807195
    ]
   },
   "properties": {
    "id": "ig-0092",
    "categoria": "dea",
    "nombre": "Unimarc",
    "tipo_recinto": "comercio",
    "referencia": "",
    "fuentes": [
     "comunidad:instagram"
    ],
    "verificacion": {
     "estado": "sin_verificar",
     "confirmaciones": 0,
     "reportes_ausencia": 0,
     "ultima_confirmacion": null
    }
   }
  },
  {
   "type": "Feature",
   "geometry": {
    "type": "Point",
    "coordinates": [
     -70.5822951,
     -33.5768784
    ]
   },
   "properties": {
    "id": "ig-0093",
    "categoria": "dea",
    "nombre": "Hospital Sótero del Río",
    "tipo_recinto": "salud_24h",
    "referencia": "",
    "fuentes": [
     "comunidad:instagram"
    ],
    "verificacion": {
     "estado": "sin_verificar",
     "confirmaciones": 0,
     "reportes_ausencia": 0,
     "ultima_confirmacion": null
    }
   }
  },
  {
   "type": "Feature",
   "geometry": {
    "type": "Point",
    "coordinates": [
     -70.5542985,
     -33.610433
    ]
   },
   "properties": {
    "id": "ig-0094",
    "categoria": "dea",
    "nombre": "Colegio Cardenal Raúl Silva Henríquez",
    "tipo_recinto": "educacional",
    "referencia": "",
    "fuentes": [
     "comunidad:instagram"
    ],
    "verificacion": {
     "estado": "sin_verificar",
     "confirmaciones": 0,
     "reportes_ausencia": 0,
     "ultima_confirmacion": null
    }
   }
  },
  {
   "type": "Feature",
   "geometry": {
    "type": "Point",
    "coordinates": [
     -70.5525948,
     -33.6145324
    ]
   },
   "properties": {
    "id": "ig-0095",
    "categoria": "dea",
    "nombre": "Centro de Salud Familiar UC Madre Teresa de Calcuta",
    "tipo_recinto": "salud",
    "referencia": "",
    "fuentes": [
     "comunidad:instagram"
    ],
    "verificacion": {
     "estado": "sin_verificar",
     "confirmaciones": 0,
     "reportes_ausencia": 0,
     "ultima_confirmacion": null
    }
   }
  },
  {
   "type": "Feature",
   "geometry": {
    "type": "Point",
    "coordinates": [
     -70.5771299,
     -33.6377623
    ]
   },
   "properties": {
    "id": "ig-0096",
    "categoria": "dea",
    "nombre": "Santa Isabel de pirque",
    "tipo_recinto": "comercio",
    "referencia": "https://seremienlinea.minsal.cl/asdigital/index.php?DEA",
    "fuentes": [
     "comunidad:instagram"
    ],
    "verificacion": {
     "estado": "sin_verificar",
     "confirmaciones": 0,
     "reportes_ausencia": 0,
     "ultima_confirmacion": null
    }
   }
  },
  {
   "type": "Feature",
   "geometry": {
    "type": "Point",
    "coordinates": [
     -70.6210824,
     -33.6485907
    ]
   },
   "properties": {
    "id": "ig-0097",
    "categoria": "dea",
    "nombre": "Parque Recreatívo Pirque, Santiago - Caja los Andes",
    "tipo_recinto": "deportivo",
    "referencia": "https://seremienlinea.minsal.cl/asdigital/index.php?DEA",
    "fuentes": [
     "comunidad:instagram"
    ],
    "verificacion": {
     "estado": "sin_verificar",
     "confirmaciones": 0,
     "reportes_ausencia": 0,
     "ultima_confirmacion": null
    }
   }
  },
  {
   "type": "Feature",
   "geometry": {
    "type": "Point",
    "coordinates": [
     -70.5853524,
     -33.6686709
    ]
   },
   "properties": {
    "id": "ig-0098",
    "categoria": "dea",
    "nombre": "DuocUC Sede Pirque - Centro Tecnológico de Recursos Naturales",
    "tipo_recinto": "educacional",
    "referencia": "https://seremienlinea.minsal.cl/asdigital/index.php?DEA",
    "fuentes": [
     "comunidad:instagram"
    ],
    "verificacion": {
     "estado": "sin_verificar",
     "confirmaciones": 0,
     "reportes_ausencia": 0,
     "ultima_confirmacion": null
    }
   }
  },
  {
   "type": "Feature",
   "geometry": {
    "type": "Point",
    "coordinates": [
     -70.5754765,
     -33.6367356
    ]
   },
   "properties": {
    "id": "ig-0099",
    "categoria": "dea",
    "nombre": "Centro de Salud Familiar Dr. José Manuel Balmaceda",
    "tipo_recinto": "salud",
    "referencia": "https://seremienlinea.minsal.cl/asdigital/index.php?DEA",
    "fuentes": [
     "comunidad:instagram"
    ],
    "verificacion": {
     "estado": "sin_verificar",
     "confirmaciones": 0,
     "reportes_ausencia": 0,
     "ultima_confirmacion": null
    }
   }
  },
  {
   "type": "Feature",
   "geometry": {
    "type": "Point",
    "coordinates": [
     -70.7105261,
     -33.5349462
    ]
   },
   "properties": {
    "id": "ig-0100",
    "categoria": "dea",
    "nombre": "Bodega LOF3 Falabella",
    "tipo_recinto": "comercio",
    "referencia": "",
    "fuentes": [
     "comunidad:instagram"
    ],
    "verificacion": {
     "estado": "sin_verificar",
     "confirmaciones": 0,
     "reportes_ausencia": 0,
     "ultima_confirmacion": null
    }
   }
  },
  {
   "type": "Feature",
   "geometry": {
    "type": "Point",
    "coordinates": [
     -70.7064148,
     -33.5954255
    ]
   },
   "properties": {
    "id": "ig-0101",
    "categoria": "dea",
    "nombre": "Paris San Bernardo",
    "tipo_recinto": "comercio",
    "referencia": "",
    "fuentes": [
     "comunidad:instagram"
    ],
    "verificacion": {
     "estado": "sin_verificar",
     "confirmaciones": 0,
     "reportes_ausencia": 0,
     "ultima_confirmacion": null
    }
   }
  },
  {
   "type": "Feature",
   "geometry": {
    "type": "Point",
    "coordinates": [
     -70.7063325,
     -33.5897966
    ]
   },
   "properties": {
    "id": "ig-0102",
    "categoria": "dea",
    "nombre": "Colegio Saint Arieli",
    "tipo_recinto": "educacional",
    "referencia": "",
    "fuentes": [
     "comunidad:instagram"
    ],
    "verificacion": {
     "estado": "sin_verificar",
     "confirmaciones": 0,
     "reportes_ausencia": 0,
     "ultima_confirmacion": null
    }
   }
  },
  {
   "type": "Feature",
   "geometry": {
    "type": "Point",
    "coordinates": [
     -70.702217,
     -33.5923003
    ]
   },
   "properties": {
    "id": "ig-0103",
    "categoria": "dea",
    "nombre": "IntegraMédica Santa Lucía",
    "tipo_recinto": "salud",
    "referencia": "",
    "fuentes": [
     "comunidad:instagram"
    ],
    "verificacion": {
     "estado": "sin_verificar",
     "confirmaciones": 0,
     "reportes_ausencia": 0,
     "ultima_confirmacion": null
    }
   }
  },
  {
   "type": "Feature",
   "geometry": {
    "type": "Point",
    "coordinates": [
     -70.7043047,
     -33.5914534
    ]
   },
   "properties": {
    "id": "ig-0104",
    "categoria": "dea",
    "nombre": "Tottus",
    "tipo_recinto": "comercio",
    "referencia": "",
    "fuentes": [
     "comunidad:instagram"
    ],
    "verificacion": {
     "estado": "sin_verificar",
     "confirmaciones": 0,
     "reportes_ausencia": 0,
     "ultima_confirmacion": null
    }
   }
  },
  {
   "type": "Feature",
   "geometry": {
    "type": "Point",
    "coordinates": [
     -70.7046954,
     -33.5914913
    ]
   },
   "properties": {
    "id": "ig-0105",
    "categoria": "dea",
    "nombre": "Banco de Chile",
    "tipo_recinto": "comercio",
    "referencia": "",
    "fuentes": [
     "comunidad:instagram"
    ],
    "verificacion": {
     "estado": "sin_verificar",
     "confirmaciones": 0,
     "reportes_ausencia": 0,
     "ultima_confirmacion": null
    }
   }
  },
  {
   "type": "Feature",
   "geometry": {
    "type": "Point",
    "coordinates": [
     -70.7205629,
     -33.5444691
    ]
   },
   "properties": {
    "id": "ig-0106",
    "categoria": "dea",
    "nombre": "LOF 2 FALABELLA",
    "tipo_recinto": "comercio",
    "referencia": "",
    "fuentes": [
     "comunidad:instagram"
    ],
    "verificacion": {
     "estado": "sin_verificar",
     "confirmaciones": 0,
     "reportes_ausencia": 0,
     "ultima_confirmacion": null
    }
   }
  },
  {
   "type": "Feature",
   "geometry": {
    "type": "Point",
    "coordinates": [
     -70.7041957,
     -33.594197
    ]
   },
   "properties": {
    "id": "ig-0107",
    "categoria": "dea",
    "nombre": "Liceo Comercial de San Bernardo",
    "tipo_recinto": "educacional",
    "referencia": "",
    "fuentes": [
     "comunidad:instagram"
    ],
    "verificacion": {
     "estado": "sin_verificar",
     "confirmaciones": 0,
     "reportes_ausencia": 0,
     "ultima_confirmacion": null
    }
   }
  },
  {
   "type": "Feature",
   "geometry": {
    "type": "Point",
    "coordinates": [
     -70.69958,
     -33.59419
    ]
   },
   "properties": {
    "id": "ig-0108",
    "categoria": "dea",
    "nombre": "Tottus",
    "tipo_recinto": "comercio",
    "referencia": "",
    "fuentes": [
     "comunidad:instagram"
    ],
    "verificacion": {
     "estado": "sin_verificar",
     "confirmaciones": 0,
     "reportes_ausencia": 0,
     "ultima_confirmacion": null
    }
   }
  },
  {
   "type": "Feature",
   "geometry": {
    "type": "Point",
    "coordinates": [
     -70.6971351,
     -33.5923641
    ]
   },
   "properties": {
    "id": "ig-0109",
    "categoria": "dea",
    "nombre": "Hospital Parroquial de San Bernardo",
    "tipo_recinto": "salud_24h",
    "referencia": "",
    "fuentes": [
     "comunidad:instagram"
    ],
    "verificacion": {
     "estado": "sin_verificar",
     "confirmaciones": 0,
     "reportes_ausencia": 0,
     "ultima_confirmacion": null
    }
   }
  },
  {
   "type": "Feature",
   "geometry": {
    "type": "Point",
    "coordinates": [
     -70.7066461,
     -33.5953303
    ]
   },
   "properties": {
    "id": "ig-0110",
    "categoria": "dea",
    "nombre": "Cinépolis Paseo San Bernardo",
    "tipo_recinto": "cultura",
    "referencia": "",
    "fuentes": [
     "comunidad:instagram"
    ],
    "verificacion": {
     "estado": "sin_verificar",
     "confirmaciones": 0,
     "reportes_ausencia": 0,
     "ultima_confirmacion": null
    }
   }
  },
  {
   "type": "Feature",
   "geometry": {
    "type": "Point",
    "coordinates": [
     -70.7110264,
     -33.5943056
    ]
   },
   "properties": {
    "id": "ig-0111",
    "categoria": "dea",
    "nombre": "Fonasa",
    "tipo_recinto": "institucional",
    "referencia": "",
    "fuentes": [
     "comunidad:instagram"
    ],
    "verificacion": {
     "estado": "sin_verificar",
     "confirmaciones": 0,
     "reportes_ausencia": 0,
     "ultima_confirmacion": null
    }
   }
  },
  {
   "type": "Feature",
   "geometry": {
    "type": "Point",
    "coordinates": [
     -70.7058545,
     -33.5989018
    ]
   },
   "properties": {
    "id": "ig-0112",
    "categoria": "dea",
    "nombre": "Duoc UC: Sede San Bernardo",
    "tipo_recinto": "educacional",
    "referencia": "",
    "fuentes": [
     "comunidad:instagram"
    ],
    "verificacion": {
     "estado": "sin_verificar",
     "confirmaciones": 0,
     "reportes_ausencia": 0,
     "ultima_confirmacion": null
    }
   }
  },
  {
   "type": "Feature",
   "geometry": {
    "type": "Point",
    "coordinates": [
     -70.7057343,
     -33.6085167
    ]
   },
   "properties": {
    "id": "ig-0113",
    "categoria": "dea",
    "nombre": "Santa Isabel",
    "tipo_recinto": "comercio",
    "referencia": "",
    "fuentes": [
     "comunidad:instagram"
    ],
    "verificacion": {
     "estado": "sin_verificar",
     "confirmaciones": 0,
     "reportes_ausencia": 0,
     "ultima_confirmacion": null
    }
   }
  },
  {
   "type": "Feature",
   "geometry": {
    "type": "Point",
    "coordinates": [
     -70.6975868,
     -33.6076323
    ]
   },
   "properties": {
    "id": "ig-0114",
    "categoria": "dea",
    "nombre": "Colegio Sebastián Elcano",
    "tipo_recinto": "educacional",
    "referencia": "",
    "fuentes": [
     "comunidad:instagram"
    ],
    "verificacion": {
     "estado": "sin_verificar",
     "confirmaciones": 0,
     "reportes_ausencia": 0,
     "ultima_confirmacion": null
    }
   }
  },
  {
   "type": "Feature",
   "geometry": {
    "type": "Point",
    "coordinates": [
     -70.683607,
     -33.61546
    ]
   },
   "properties": {
    "id": "ig-0115",
    "categoria": "dea",
    "nombre": "Santa Isabel",
    "tipo_recinto": "comercio",
    "referencia": "",
    "fuentes": [
     "comunidad:instagram"
    ],
    "verificacion": {
     "estado": "sin_verificar",
     "confirmaciones": 0,
     "reportes_ausencia": 0,
     "ultima_confirmacion": null
    }
   }
  },
  {
   "type": "Feature",
   "geometry": {
    "type": "Point",
    "coordinates": [
     -70.68223,
     -33.619342
    ]
   },
   "properties": {
    "id": "ig-0116",
    "categoria": "dea",
    "nombre": "Colegio Santiago Emprendedores",
    "tipo_recinto": "educacional",
    "referencia": "",
    "fuentes": [
     "comunidad:instagram"
    ],
    "verificacion": {
     "estado": "sin_verificar",
     "confirmaciones": 0,
     "reportes_ausencia": 0,
     "ultima_confirmacion": null
    }
   }
  },
  {
   "type": "Feature",
   "geometry": {
    "type": "Point",
    "coordinates": [
     -70.705015,
     -33.62579
    ]
   },
   "properties": {
    "id": "ig-0117",
    "categoria": "dea",
    "nombre": "Colegio Los Pensamientos de San Bernando",
    "tipo_recinto": "educacional",
    "referencia": "",
    "fuentes": [
     "comunidad:instagram"
    ],
    "verificacion": {
     "estado": "sin_verificar",
     "confirmaciones": 0,
     "reportes_ausencia": 0,
     "ultima_confirmacion": null
    }
   }
  },
  {
   "type": "Feature",
   "geometry": {
    "type": "Point",
    "coordinates": [
     -70.710775,
     -33.6313
    ]
   },
   "properties": {
    "id": "ig-0118",
    "categoria": "dea",
    "nombre": "Cinépolis Mall Plaza Sur",
    "tipo_recinto": "cultura",
    "referencia": "",
    "fuentes": [
     "comunidad:instagram"
    ],
    "verificacion": {
     "estado": "sin_verificar",
     "confirmaciones": 0,
     "reportes_ausencia": 0,
     "ultima_confirmacion": null
    }
   }
  },
  {
   "type": "Feature",
   "geometry": {
    "type": "Point",
    "coordinates": [
     -70.70985,
     -33.633888
    ]
   },
   "properties": {
    "id": "ig-0119",
    "categoria": "dea",
    "nombre": "Jumbo",
    "tipo_recinto": "comercio",
    "referencia": "",
    "fuentes": [
     "comunidad:instagram"
    ],
    "verificacion": {
     "estado": "sin_verificar",
     "confirmaciones": 0,
     "reportes_ausencia": 0,
     "ultima_confirmacion": null
    }
   }
  },
  {
   "type": "Feature",
   "geometry": {
    "type": "Point",
    "coordinates": [
     -70.710292,
     -33.632082
    ]
   },
   "properties": {
    "id": "ig-0120",
    "categoria": "dea",
    "nombre": "Gimnasio Energy",
    "tipo_recinto": "deportivo",
    "referencia": "",
    "fuentes": [
     "comunidad:instagram"
    ],
    "verificacion": {
     "estado": "sin_verificar",
     "confirmaciones": 0,
     "reportes_ausencia": 0,
     "ultima_confirmacion": null
    }
   }
  },
  {
   "type": "Feature",
   "geometry": {
    "type": "Point",
    "coordinates": [
     -70.702914,
     -33.639976
    ]
   },
   "properties": {
    "id": "ig-0121",
    "categoria": "dea",
    "nombre": "Unimarc nos",
    "tipo_recinto": "comercio",
    "referencia": "",
    "fuentes": [
     "comunidad:instagram"
    ],
    "verificacion": {
     "estado": "sin_verificar",
     "confirmaciones": 0,
     "reportes_ausencia": 0,
     "ultima_confirmacion": null
    }
   }
  },
  {
   "type": "Feature",
   "geometry": {
    "type": "Point",
    "coordinates": [
     -70.66846,
     -33.59782
    ]
   },
   "properties": {
    "id": "ig-0122",
    "categoria": "dea",
    "nombre": "Colegio Eliodoro Matte Ossa",
    "tipo_recinto": "educacional",
    "referencia": "",
    "fuentes": [
     "comunidad:instagram"
    ],
    "verificacion": {
     "estado": "sin_verificar",
     "confirmaciones": 0,
     "reportes_ausencia": 0,
     "ultima_confirmacion": null
    }
   }
  },
  {
   "type": "Feature",
   "geometry": {
    "type": "Point",
    "coordinates": [
     -70.621974,
     -33.595217
    ]
   },
   "properties": {
    "id": "ig-0123",
    "categoria": "dea",
    "nombre": "Consultorio Juan Pablo ll",
    "tipo_recinto": "salud",
    "referencia": "",
    "fuentes": [
     "comunidad:instagram"
    ],
    "verificacion": {
     "estado": "sin_verificar",
     "confirmaciones": 0,
     "reportes_ausencia": 0,
     "ultima_confirmacion": null
    }
   }
  },
  {
   "type": "Feature",
   "geometry": {
    "type": "Point",
    "coordinates": [
     -70.616417,
     -33.588359
    ]
   },
   "properties": {
    "id": "ig-0124",
    "categoria": "dea",
    "nombre": "Colegio Marista La Pintana - Marcelino Champagnat",
    "tipo_recinto": "educacional",
    "referencia": "",
    "fuentes": [
     "comunidad:instagram"
    ],
    "verificacion": {
     "estado": "sin_verificar",
     "confirmaciones": 0,
     "reportes_ausencia": 0,
     "ultima_confirmacion": null
    }
   }
  },
  {
   "type": "Feature",
   "geometry": {
    "type": "Point",
    "coordinates": [
     -70.629523,
     -33.586388
    ]
   },
   "properties": {
    "id": "ig-0125",
    "categoria": "dea",
    "nombre": "Santa Isabel",
    "tipo_recinto": "comercio",
    "referencia": "",
    "fuentes": [
     "comunidad:instagram"
    ],
    "verificacion": {
     "estado": "sin_verificar",
     "confirmaciones": 0,
     "reportes_ausencia": 0,
     "ultima_confirmacion": null
    }
   }
  },
  {
   "type": "Feature",
   "geometry": {
    "type": "Point",
    "coordinates": [
     -70.63005,
     -33.578314
    ]
   },
   "properties": {
    "id": "ig-0126",
    "categoria": "dea",
    "nombre": "Colegio Presidente José Joaquín Prieto",
    "tipo_recinto": "educacional",
    "referencia": "",
    "fuentes": [
     "comunidad:instagram"
    ],
    "verificacion": {
     "estado": "sin_verificar",
     "confirmaciones": 0,
     "reportes_ausencia": 0,
     "ultima_confirmacion": null
    }
   }
  },
  {
   "type": "Feature",
   "geometry": {
    "type": "Point",
    "coordinates": [
     -70.644359,
     -33.564292
    ]
   },
   "properties": {
    "id": "ig-0127",
    "categoria": "dea",
    "nombre": "Liceo Sergio Silva Bascuñán",
    "tipo_recinto": "educacional",
    "referencia": "",
    "fuentes": [
     "comunidad:instagram"
    ],
    "verificacion": {
     "estado": "sin_verificar",
     "confirmaciones": 0,
     "reportes_ausencia": 0,
     "ultima_confirmacion": null
    }
   }
  },
  {
   "type": "Feature",
   "geometry": {
    "type": "Point",
    "coordinates": [
     -70.628798,
     -33.564624
    ]
   },
   "properties": {
    "id": "ig-0128",
    "categoria": "dea",
    "nombre": "Colegio Polivalente Jorge Huneeus Zegers",
    "tipo_recinto": "educacional",
    "referencia": "",
    "fuentes": [
     "comunidad:instagram"
    ],
    "verificacion": {
     "estado": "sin_verificar",
     "confirmaciones": 0,
     "reportes_ausencia": 0,
     "ultima_confirmacion": null
    }
   }
  },
  {
   "type": "Feature",
   "geometry": {
    "type": "Point",
    "coordinates": [
     -70.625163,
     -33.564606
    ]
   },
   "properties": {
    "id": "ig-0129",
    "categoria": "dea",
    "nombre": "Colegio Cardenal José María Caro",
    "tipo_recinto": "educacional",
    "referencia": "",
    "fuentes": [
     "comunidad:instagram"
    ],
    "verificacion": {
     "estado": "sin_verificar",
     "confirmaciones": 0,
     "reportes_ausencia": 0,
     "ultima_confirmacion": null
    }
   }
  },
  {
   "type": "Feature",
   "geometry": {
    "type": "Point",
    "coordinates": [
     -70.630787,
     -33.561818
    ]
   },
   "properties": {
    "id": "ig-0130",
    "categoria": "dea",
    "nombre": "Colegio San José de la Familia",
    "tipo_recinto": "educacional",
    "referencia": "",
    "fuentes": [
     "comunidad:instagram"
    ],
    "verificacion": {
     "estado": "sin_verificar",
     "confirmaciones": 0,
     "reportes_ausencia": 0,
     "ultima_confirmacion": null
    }
   }
  },
  {
   "type": "Feature",
   "geometry": {
    "type": "Point",
    "coordinates": [
     -70.627857,
     -33.559442
    ]
   },
   "properties": {
    "id": "ig-0131",
    "categoria": "dea",
    "nombre": "Colegio Santo Tomás",
    "tipo_recinto": "educacional",
    "referencia": "",
    "fuentes": [
     "comunidad:instagram"
    ],
    "verificacion": {
     "estado": "sin_verificar",
     "confirmaciones": 0,
     "reportes_ausencia": 0,
     "ultima_confirmacion": null
    }
   }
  },
  {
   "type": "Feature",
   "geometry": {
    "type": "Point",
    "coordinates": [
     -70.617283,
     -33.557147
    ]
   },
   "properties": {
    "id": "ig-0132",
    "categoria": "dea",
    "nombre": "Colegio Técnico Profesional Aprender",
    "tipo_recinto": "educacional",
    "referencia": "",
    "fuentes": [
     "comunidad:instagram"
    ],
    "verificacion": {
     "estado": "sin_verificar",
     "confirmaciones": 0,
     "reportes_ausencia": 0,
     "ultima_confirmacion": null
    }
   }
  },
  {
   "type": "Feature",
   "geometry": {
    "type": "Point",
    "coordinates": [
     -70.844452,
     -33.449006
    ]
   },
   "properties": {
    "id": "ig-0133",
    "categoria": "dea",
    "nombre": "Unimarc",
    "tipo_recinto": "comercio",
    "referencia": "",
    "fuentes": [
     "comunidad:instagram"
    ],
    "verificacion": {
     "estado": "sin_verificar",
     "confirmaciones": 0,
     "reportes_ausencia": 0,
     "ultima_confirmacion": null
    }
   }
  },
  {
   "type": "Feature",
   "geometry": {
    "type": "Point",
    "coordinates": [
     -70.784158,
     -33.450681
    ]
   },
   "properties": {
    "id": "ig-0134",
    "categoria": "dea",
    "nombre": "Easy Pudahuel",
    "tipo_recinto": "comercio",
    "referencia": "",
    "fuentes": [
     "comunidad:instagram"
    ],
    "verificacion": {
     "estado": "sin_verificar",
     "confirmaciones": 0,
     "reportes_ausencia": 0,
     "ultima_confirmacion": null
    }
   }
  },
  {
   "type": "Feature",
   "geometry": {
    "type": "Point",
    "coordinates": [
     -70.778985,
     -33.446951
    ]
   },
   "properties": {
    "id": "ig-0135",
    "categoria": "dea",
    "nombre": "Banco de Chile",
    "tipo_recinto": "comercio",
    "referencia": "",
    "fuentes": [
     "comunidad:instagram"
    ],
    "verificacion": {
     "estado": "sin_verificar",
     "confirmaciones": 0,
     "reportes_ausencia": 0,
     "ultima_confirmacion": null
    }
   }
  },
  {
   "type": "Feature",
   "geometry": {
    "type": "Point",
    "coordinates": [
     -70.762346,
     -33.441697
    ]
   },
   "properties": {
    "id": "ig-0136",
    "categoria": "dea",
    "nombre": "Express de Lider",
    "tipo_recinto": "comercio",
    "referencia": "",
    "fuentes": [
     "comunidad:instagram"
    ],
    "verificacion": {
     "estado": "sin_verificar",
     "confirmaciones": 0,
     "reportes_ausencia": 0,
     "ultima_confirmacion": null
    }
   }
  },
  {
   "type": "Feature",
   "geometry": {
    "type": "Point",
    "coordinates": [
     -70.760631,
     -33.463835
    ]
   },
   "properties": {
    "id": "ig-0137",
    "categoria": "dea",
    "nombre": "Colegio San Alberto Hurtado",
    "tipo_recinto": "educacional",
    "referencia": "",
    "fuentes": [
     "comunidad:instagram"
    ],
    "verificacion": {
     "estado": "sin_verificar",
     "confirmaciones": 0,
     "reportes_ausencia": 0,
     "ultima_confirmacion": null
    }
   }
  },
  {
   "type": "Feature",
   "geometry": {
    "type": "Point",
    "coordinates": [
     -70.737918,
     -33.462124
    ]
   },
   "properties": {
    "id": "ig-0138",
    "categoria": "dea",
    "nombre": "Laguna Sur",
    "tipo_recinto": "metro",
    "referencia": "",
    "fuentes": [
     "comunidad:instagram"
    ],
    "verificacion": {
     "estado": "sin_verificar",
     "confirmaciones": 0,
     "reportes_ausencia": 0,
     "ultima_confirmacion": null
    }
   }
  },
  {
   "type": "Feature",
   "geometry": {
    "type": "Point",
    "coordinates": [
     -70.7429,
     -33.457277
    ]
   },
   "properties": {
    "id": "ig-0139",
    "categoria": "dea",
    "nombre": "Centro de Salud Familiar Violeta Parra",
    "tipo_recinto": "salud",
    "referencia": "",
    "fuentes": [
     "comunidad:instagram"
    ],
    "verificacion": {
     "estado": "sin_verificar",
     "confirmaciones": 0,
     "reportes_ausencia": 0,
     "ultima_confirmacion": null
    }
   }
  },
  {
   "type": "Feature",
   "geometry": {
    "type": "Point",
    "coordinates": [
     -70.739017,
     -33.452669
    ]
   },
   "properties": {
    "id": "ig-0140",
    "categoria": "dea",
    "nombre": "Barrancas",
    "tipo_recinto": "metro",
    "referencia": "",
    "fuentes": [
     "comunidad:instagram"
    ],
    "verificacion": {
     "estado": "sin_verificar",
     "confirmaciones": 0,
     "reportes_ausencia": 0,
     "ultima_confirmacion": null
    }
   }
  },
  {
   "type": "Feature",
   "geometry": {
    "type": "Point",
    "coordinates": [
     -70.740984,
     -33.44492
    ]
   },
   "properties": {
    "id": "ig-0141",
    "categoria": "dea",
    "nombre": "CRS Dr. Salvador Allende Gossens",
    "tipo_recinto": "salud",
    "referencia": "",
    "fuentes": [
     "comunidad:instagram"
    ],
    "verificacion": {
     "estado": "sin_verificar",
     "confirmaciones": 0,
     "reportes_ausencia": 0,
     "ultima_confirmacion": null
    }
   }
  },
  {
   "type": "Feature",
   "geometry": {
    "type": "Point",
    "coordinates": [
     -70.740932,
     -33.444954
    ]
   },
   "properties": {
    "id": "ig-0142",
    "categoria": "dea",
    "nombre": "Pudahuel",
    "tipo_recinto": "metro",
    "referencia": "",
    "fuentes": [
     "comunidad:instagram"
    ],
    "verificacion": {
     "estado": "sin_verificar",
     "confirmaciones": 0,
     "reportes_ausencia": 0,
     "ultima_confirmacion": null
    }
   }
  },
  {
   "type": "Feature",
   "geometry": {
    "type": "Point",
    "coordinates": [
     -70.741048,
     -33.44439
    ]
   },
   "properties": {
    "id": "ig-0143",
    "categoria": "dea",
    "nombre": "Supermercado Unimarc",
    "tipo_recinto": "comercio",
    "referencia": "",
    "fuentes": [
     "comunidad:instagram"
    ],
    "verificacion": {
     "estado": "sin_verificar",
     "confirmaciones": 0,
     "reportes_ausencia": 0,
     "ultima_confirmacion": null
    }
   }
  },
  {
   "type": "Feature",
   "geometry": {
    "type": "Point",
    "coordinates": [
     -70.752196,
     -33.436854
    ]
   },
   "properties": {
    "id": "ig-0144",
    "categoria": "dea",
    "nombre": "Colegio Madre Ana Eugenia",
    "tipo_recinto": "educacional",
    "referencia": "",
    "fuentes": [
     "comunidad:instagram"
    ],
    "verificacion": {
     "estado": "sin_verificar",
     "confirmaciones": 0,
     "reportes_ausencia": 0,
     "ultima_confirmacion": null
    }
   }
  },
  {
   "type": "Feature",
   "geometry": {
    "type": "Point",
    "coordinates": [
     -70.74118,
     -33.430439
    ]
   },
   "properties": {
    "id": "ig-0145",
    "categoria": "dea",
    "nombre": "CECOSF Mar Caribe",
    "tipo_recinto": "salud",
    "referencia": "",
    "fuentes": [
     "comunidad:instagram"
    ],
    "verificacion": {
     "estado": "sin_verificar",
     "confirmaciones": 0,
     "reportes_ausencia": 0,
     "ultima_confirmacion": null
    }
   }
  },
  {
   "type": "Feature",
   "geometry": {
    "type": "Point",
    "coordinates": [
     -70.793696,
     -33.397622
    ]
   },
   "properties": {
    "id": "ig-0146",
    "categoria": "dea",
    "nombre": "Holiday Inn Santiago - Airport Terminal, an IHG Hotel",
    "tipo_recinto": "hotel",
    "referencia": "",
    "fuentes": [
     "comunidad:instagram"
    ],
    "verificacion": {
     "estado": "sin_verificar",
     "confirmaciones": 0,
     "reportes_ausencia": 0,
     "ultima_confirmacion": null
    }
   }
  },
  {
   "type": "Feature",
   "geometry": {
    "type": "Point",
    "coordinates": [
     -70.576726,
     -33.489305
    ]
   },
   "properties": {
    "id": "ig-0147",
    "categoria": "dea",
    "nombre": "Easy Quilín",
    "tipo_recinto": "comercio",
    "referencia": "",
    "fuentes": [
     "comunidad:instagram"
    ],
    "verificacion": {
     "estado": "sin_verificar",
     "confirmaciones": 0,
     "reportes_ausencia": 0,
     "ultima_confirmacion": null
    }
   }
  },
  {
   "type": "Feature",
   "geometry": {
    "type": "Point",
    "coordinates": [
     -70.5785101,
     -33.4882852
    ]
   },
   "properties": {
    "id": "ig-0148",
    "categoria": "dea",
    "nombre": "Banco de Chile",
    "tipo_recinto": "comercio",
    "referencia": "",
    "fuentes": [
     "comunidad:instagram"
    ],
    "verificacion": {
     "estado": "sin_verificar",
     "confirmaciones": 0,
     "reportes_ausencia": 0,
     "ultima_confirmacion": null
    }
   }
  },
  {
   "type": "Feature",
   "geometry": {
    "type": "Point",
    "coordinates": [
     -70.5804364,
     -33.4883713
    ]
   },
   "properties": {
    "id": "ig-0149",
    "categoria": "dea",
    "nombre": "Quilín",
    "tipo_recinto": "metro",
    "referencia": "",
    "fuentes": [
     "comunidad:instagram"
    ],
    "verificacion": {
     "estado": "sin_verificar",
     "confirmaciones": 0,
     "reportes_ausencia": 0,
     "ultima_confirmacion": null
    }
   }
  },
  {
   "type": "Feature",
   "geometry": {
    "type": "Point",
    "coordinates": [
     -70.57871,
     -33.4798
    ]
   },
   "properties": {
    "id": "ig-0150",
    "categoria": "dea",
    "nombre": "Los Presidentes",
    "tipo_recinto": "metro",
    "referencia": "",
    "fuentes": [
     "comunidad:instagram"
    ],
    "verificacion": {
     "estado": "sin_verificar",
     "confirmaciones": 0,
     "reportes_ausencia": 0,
     "ultima_confirmacion": null
    }
   }
  },
  {
   "type": "Feature",
   "geometry": {
    "type": "Point",
    "coordinates": [
     -70.5741443,
     -33.4621758
    ]
   },
   "properties": {
    "id": "ig-0151",
    "categoria": "dea",
    "nombre": "Los Orientales",
    "tipo_recinto": "metro",
    "referencia": "",
    "fuentes": [
     "comunidad:instagram"
    ],
    "verificacion": {
     "estado": "sin_verificar",
     "confirmaciones": 0,
     "reportes_ausencia": 0,
     "ultima_confirmacion": null
    }
   }
  },
  {
   "type": "Feature",
   "geometry": {
    "type": "Point",
    "coordinates": [
     -71.5269504,
     -32.9338264
    ]
   },
   "properties": {
    "id": "ig-0152",
    "categoria": "dea",
    "nombre": "Banco de Chile",
    "tipo_recinto": "comercio",
    "referencia": "",
    "fuentes": [
     "comunidad:instagram"
    ],
    "verificacion": {
     "estado": "sin_verificar",
     "confirmaciones": 0,
     "reportes_ausencia": 0,
     "ultima_confirmacion": null
    }
   }
  },
  {
   "type": "Feature",
   "geometry": {
    "type": "Point",
    "coordinates": [
     -71.0673697,
     -32.4291377
    ]
   },
   "properties": {
    "id": "ig-0153",
    "categoria": "dea",
    "nombre": "Colegio Edupac",
    "tipo_recinto": "educacional",
    "referencia": "",
    "fuentes": [
     "comunidad:instagram"
    ],
    "verificacion": {
     "estado": "sin_verificar",
     "confirmaciones": 0,
     "reportes_ausencia": 0,
     "ultima_confirmacion": null
    }
   }
  },
  {
   "type": "Feature",
   "geometry": {
    "type": "Point",
    "coordinates": [
     -70.6282119,
     -32.8569717
    ]
   },
   "properties": {
    "id": "ig-0154",
    "categoria": "dea",
    "nombre": "Colegio San José de Calle Larga",
    "tipo_recinto": "educacional",
    "referencia": "",
    "fuentes": [
     "comunidad:instagram"
    ],
    "verificacion": {
     "estado": "sin_verificar",
     "confirmaciones": 0,
     "reportes_ausencia": 0,
     "ultima_confirmacion": null
    }
   }
  },
  {
   "type": "Feature",
   "geometry": {
    "type": "Point",
    "coordinates": [
     -71.5945299,
     -33.5389808
    ]
   },
   "properties": {
    "id": "ig-0155",
    "categoria": "dea",
    "nombre": "SuperBodega aCuenta",
    "tipo_recinto": "comercio",
    "referencia": "",
    "fuentes": [
     "comunidad:instagram"
    ],
    "verificacion": {
     "estado": "sin_verificar",
     "confirmaciones": 0,
     "reportes_ausencia": 0,
     "ultima_confirmacion": null
    }
   }
  },
  {
   "type": "Feature",
   "geometry": {
    "type": "Point",
    "coordinates": [
     -71.4095331,
     -33.3114349
    ]
   },
   "properties": {
    "id": "ig-0156",
    "categoria": "dea",
    "nombre": "SuperBodega aCuenta",
    "tipo_recinto": "comercio",
    "referencia": "",
    "fuentes": [
     "comunidad:instagram"
    ],
    "verificacion": {
     "estado": "sin_verificar",
     "confirmaciones": 0,
     "reportes_ausencia": 0,
     "ultima_confirmacion": null
    }
   }
  },
  {
   "type": "Feature",
   "geometry": {
    "type": "Point",
    "coordinates": [
     -71.4086795,
     -33.3214659
    ]
   },
   "properties": {
    "id": "ig-0157",
    "categoria": "dea",
    "nombre": "Banco Chile",
    "tipo_recinto": "comercio",
    "referencia": "",
    "fuentes": [
     "comunidad:instagram"
    ],
    "verificacion": {
     "estado": "sin_verificar",
     "confirmaciones": 0,
     "reportes_ausencia": 0,
     "ultima_confirmacion": null
    }
   }
  },
  {
   "type": "Feature",
   "geometry": {
    "type": "Point",
    "coordinates": [
     -71.6940207,
     -33.3943151
    ]
   },
   "properties": {
    "id": "ig-0158",
    "categoria": "dea",
    "nombre": "MAMPATO EL QUISCO",
    "tipo_recinto": "cultura",
    "referencia": "",
    "fuentes": [
     "comunidad:instagram"
    ],
    "verificacion": {
     "estado": "sin_verificar",
     "confirmaciones": 0,
     "reportes_ausencia": 0,
     "ultima_confirmacion": null
    }
   }
  },
  {
   "type": "Feature",
   "geometry": {
    "type": "Point",
    "coordinates": [
     -71.626428,
     -33.4935798
    ]
   },
   "properties": {
    "id": "ig-0159",
    "categoria": "dea",
    "nombre": "Centro Vacacional Las Cruces, La Araucana",
    "tipo_recinto": "hotel",
    "referencia": "",
    "fuentes": [
     "comunidad:instagram"
    ],
    "verificacion": {
     "estado": "sin_verificar",
     "confirmaciones": 0,
     "reportes_ausencia": 0,
     "ultima_confirmacion": null
    }
   }
  },
  {
   "type": "Feature",
   "geometry": {
    "type": "Point",
    "coordinates": [
     -109.4300364,
     -27.158723
    ]
   },
   "properties": {
    "id": "ig-0160",
    "categoria": "dea",
    "nombre": "Aeropuerto Internacional Mataveri",
    "tipo_recinto": "transporte",
    "referencia": "",
    "fuentes": [
     "comunidad:instagram"
    ],
    "verificacion": {
     "estado": "sin_verificar",
     "confirmaciones": 0,
     "reportes_ausencia": 0,
     "ultima_confirmacion": null
    }
   }
  },
  {
   "type": "Feature",
   "geometry": {
    "type": "Point",
    "coordinates": [
     -109.4232847,
     -27.1501034
    ]
   },
   "properties": {
    "id": "ig-0161",
    "categoria": "dea",
    "nombre": "Colegio Catolico Hermano Eugenio Eyraud",
    "tipo_recinto": "educacional",
    "referencia": "",
    "fuentes": [
     "comunidad:instagram"
    ],
    "verificacion": {
     "estado": "sin_verificar",
     "confirmaciones": 0,
     "reportes_ausencia": 0,
     "ultima_confirmacion": null
    }
   }
  },
  {
   "type": "Feature",
   "geometry": {
    "type": "Point",
    "coordinates": [
     -71.1896456,
     -32.7872054
    ]
   },
   "properties": {
    "id": "ig-0162",
    "categoria": "dea",
    "nombre": "Corona",
    "tipo_recinto": "comercio",
    "referencia": "",
    "fuentes": [
     "comunidad:instagram"
    ],
    "verificacion": {
     "estado": "sin_verificar",
     "confirmaciones": 0,
     "reportes_ausencia": 0,
     "ultima_confirmacion": null
    }
   }
  },
  {
   "type": "Feature",
   "geometry": {
    "type": "Point",
    "coordinates": [
     -71.1957781,
     -32.7980161
    ]
   },
   "properties": {
    "id": "ig-0163",
    "categoria": "dea",
    "nombre": "Liceo Industrial Oscar Corona B.",
    "tipo_recinto": "educacional",
    "referencia": "",
    "fuentes": [
     "comunidad:instagram"
    ],
    "verificacion": {
     "estado": "sin_verificar",
     "confirmaciones": 0,
     "reportes_ausencia": 0,
     "ultima_confirmacion": null
    }
   }
  },
  {
   "type": "Feature",
   "geometry": {
    "type": "Point",
    "coordinates": [
     -71.1920015,
     -32.7912706
    ]
   },
   "properties": {
    "id": "ig-0164",
    "categoria": "dea",
    "nombre": "Sodimac Homecenter Open Plaza La Calera",
    "tipo_recinto": "comercio",
    "referencia": "",
    "fuentes": [
     "comunidad:instagram"
    ],
    "verificacion": {
     "estado": "sin_verificar",
     "confirmaciones": 0,
     "reportes_ausencia": 0,
     "ultima_confirmacion": null
    }
   }
  },
  {
   "type": "Feature",
   "geometry": {
    "type": "Point",
    "coordinates": [
     -71.1898247,
     -32.7894617
    ]
   },
   "properties": {
    "id": "ig-0165",
    "categoria": "dea",
    "nombre": "Ripley La Calera",
    "tipo_recinto": "comercio",
    "referencia": "",
    "fuentes": [
     "comunidad:instagram"
    ],
    "verificacion": {
     "estado": "sin_verificar",
     "confirmaciones": 0,
     "reportes_ausencia": 0,
     "ultima_confirmacion": null
    }
   }
  },
  {
   "type": "Feature",
   "geometry": {
    "type": "Point",
    "coordinates": [
     -71.1872714,
     -32.7879747
    ]
   },
   "properties": {
    "id": "ig-0166",
    "categoria": "dea",
    "nombre": "Colegio Domun",
    "tipo_recinto": "educacional",
    "referencia": "Arturo Prat 416 La Calera",
    "fuentes": [
     "comunidad:instagram"
    ],
    "verificacion": {
     "estado": "sin_verificar",
     "confirmaciones": 0,
     "reportes_ausencia": 0,
     "ultima_confirmacion": null
    }
   }
  },
  {
   "type": "Feature",
   "geometry": {
    "type": "Point",
    "coordinates": [
     -71.189979,
     -32.7870871
    ]
   },
   "properties": {
    "id": "ig-0167",
    "categoria": "dea",
    "nombre": "Banco de Chile",
    "tipo_recinto": "comercio",
    "referencia": "",
    "fuentes": [
     "comunidad:instagram"
    ],
    "verificacion": {
     "estado": "sin_verificar",
     "confirmaciones": 0,
     "reportes_ausencia": 0,
     "ultima_confirmacion": null
    }
   }
  },
  {
   "type": "Feature",
   "geometry": {
    "type": "Point",
    "coordinates": [
     -71.1896951,
     -32.7870596
    ]
   },
   "properties": {
    "id": "ig-0168",
    "categoria": "dea",
    "nombre": "Mall Open Calera",
    "tipo_recinto": "comercio",
    "referencia": "",
    "fuentes": [
     "comunidad:instagram"
    ],
    "verificacion": {
     "estado": "sin_verificar",
     "confirmaciones": 0,
     "reportes_ausencia": 0,
     "ultima_confirmacion": null
    }
   }
  },
  {
   "type": "Feature",
   "geometry": {
    "type": "Point",
    "coordinates": [
     -71.2306374,
     -32.4466759
    ]
   },
   "properties": {
    "id": "ig-0169",
    "categoria": "dea",
    "nombre": "Liceo Pulmahue de la Ligua",
    "tipo_recinto": "educacional",
    "referencia": "",
    "fuentes": [
     "comunidad:instagram"
    ],
    "verificacion": {
     "estado": "sin_verificar",
     "confirmaciones": 0,
     "reportes_ausencia": 0,
     "ultima_confirmacion": null
    }
   }
  },
  {
   "type": "Feature",
   "geometry": {
    "type": "Point",
    "coordinates": [
     -71.2322305,
     -32.4500216
    ]
   },
   "properties": {
    "id": "ig-0170",
    "categoria": "dea",
    "nombre": "Colegio Gabriela Mistral",
    "tipo_recinto": "educacional",
    "referencia": "",
    "fuentes": [
     "comunidad:instagram"
    ],
    "verificacion": {
     "estado": "sin_verificar",
     "confirmaciones": 0,
     "reportes_ausencia": 0,
     "ultima_confirmacion": null
    }
   }
  },
  {
   "type": "Feature",
   "geometry": {
    "type": "Point",
    "coordinates": [
     -71.2307449,
     -32.4508382
    ]
   },
   "properties": {
    "id": "ig-0171",
    "categoria": "dea",
    "nombre": "Terminal de Buses La Ligua",
    "tipo_recinto": "transporte",
    "referencia": "",
    "fuentes": [
     "comunidad:instagram"
    ],
    "verificacion": {
     "estado": "sin_verificar",
     "confirmaciones": 0,
     "reportes_ausencia": 0,
     "ultima_confirmacion": null
    }
   }
  },
  {
   "type": "Feature",
   "geometry": {
    "type": "Point",
    "coordinates": [
     -71.230039,
     -32.4523639
    ]
   },
   "properties": {
    "id": "ig-0172",
    "categoria": "dea",
    "nombre": "Colegio Luis Cruz Martinez - D4A",
    "tipo_recinto": "educacional",
    "referencia": "",
    "fuentes": [
     "comunidad:instagram"
    ],
    "verificacion": {
     "estado": "sin_verificar",
     "confirmaciones": 0,
     "reportes_ausencia": 0,
     "ultima_confirmacion": null
    }
   }
  },
  {
   "type": "Feature",
   "geometry": {
    "type": "Point",
    "coordinates": [
     -71.2764891,
     -32.9861767
    ]
   },
   "properties": {
    "id": "ig-0173",
    "categoria": "dea",
    "nombre": "Banco de Chile - Limache",
    "tipo_recinto": "comercio",
    "referencia": "",
    "fuentes": [
     "comunidad:instagram"
    ],
    "verificacion": {
     "estado": "sin_verificar",
     "confirmaciones": 0,
     "reportes_ausencia": 0,
     "ultima_confirmacion": null
    }
   }
  },
  {
   "type": "Feature",
   "geometry": {
    "type": "Point",
    "coordinates": [
     -71.2709163,
     -32.9870825
    ]
   },
   "properties": {
    "id": "ig-0174",
    "categoria": "dea",
    "nombre": "Colegio Nacional Limache",
    "tipo_recinto": "educacional",
    "referencia": "",
    "fuentes": [
     "comunidad:instagram"
    ],
    "verificacion": {
     "estado": "sin_verificar",
     "confirmaciones": 0,
     "reportes_ausencia": 0,
     "ultima_confirmacion": null
    }
   }
  },
  {
   "type": "Feature",
   "geometry": {
    "type": "Point",
    "coordinates": [
     -70.614713,
     -32.821049
    ]
   },
   "properties": {
    "id": "ig-0175",
    "categoria": "dea",
    "nombre": "Easy Los Andes",
    "tipo_recinto": "comercio",
    "referencia": "",
    "fuentes": [
     "comunidad:instagram"
    ],
    "verificacion": {
     "estado": "sin_verificar",
     "confirmaciones": 0,
     "reportes_ausencia": 0,
     "ultima_confirmacion": null
    }
   }
  },
  {
   "type": "Feature",
   "geometry": {
    "type": "Point",
    "coordinates": [
     -70.611547,
     -32.8258184
    ]
   },
   "properties": {
    "id": "ig-0176",
    "categoria": "dea",
    "nombre": "Liceo Mixto",
    "tipo_recinto": "educacional",
    "referencia": "",
    "fuentes": [
     "comunidad:instagram"
    ],
    "verificacion": {
     "estado": "sin_verificar",
     "confirmaciones": 0,
     "reportes_ausencia": 0,
     "ultima_confirmacion": null
    }
   }
  },
  {
   "type": "Feature",
   "geometry": {
    "type": "Point",
    "coordinates": [
     -70.5906737,
     -32.8316933
    ]
   },
   "properties": {
    "id": "ig-0177",
    "categoria": "dea",
    "nombre": "Inca Hoteles Los Andes",
    "tipo_recinto": "hotel",
    "referencia": "",
    "fuentes": [
     "comunidad:instagram"
    ],
    "verificacion": {
     "estado": "sin_verificar",
     "confirmaciones": 0,
     "reportes_ausencia": 0,
     "ultima_confirmacion": null
    }
   }
  },
  {
   "type": "Feature",
   "geometry": {
    "type": "Point",
    "coordinates": [
     -70.6017902,
     -32.8321578
    ]
   },
   "properties": {
    "id": "ig-0178",
    "categoria": "dea",
    "nombre": "Colegio María Auxiliadora",
    "tipo_recinto": "educacional",
    "referencia": "",
    "fuentes": [
     "comunidad:instagram"
    ],
    "verificacion": {
     "estado": "sin_verificar",
     "confirmaciones": 0,
     "reportes_ausencia": 0,
     "ultima_confirmacion": null
    }
   }
  },
  {
   "type": "Feature",
   "geometry": {
    "type": "Point",
    "coordinates": [
     -70.6015618,
     -32.8342378
    ]
   },
   "properties": {
    "id": "ig-0179",
    "categoria": "dea",
    "nombre": "Unimarc",
    "tipo_recinto": "comercio",
    "referencia": "",
    "fuentes": [
     "comunidad:instagram"
    ],
    "verificacion": {
     "estado": "sin_verificar",
     "confirmaciones": 0,
     "reportes_ausencia": 0,
     "ultima_confirmacion": null
    }
   }
  },
  {
   "type": "Feature",
   "geometry": {
    "type": "Point",
    "coordinates": [
     -70.604592,
     -32.8353198
    ]
   },
   "properties": {
    "id": "ig-0180",
    "categoria": "dea",
    "nombre": "Ripley Los Andes",
    "tipo_recinto": "comercio",
    "referencia": "",
    "fuentes": [
     "comunidad:instagram"
    ],
    "verificacion": {
     "estado": "sin_verificar",
     "confirmaciones": 0,
     "reportes_ausencia": 0,
     "ultima_confirmacion": null
    }
   }
  },
  {
   "type": "Feature",
   "geometry": {
    "type": "Point",
    "coordinates": [
     -70.6044221,
     -32.8356259
    ]
   },
   "properties": {
    "id": "ig-0181",
    "categoria": "dea",
    "nombre": "Espacio Urbano Los Andes",
    "tipo_recinto": "comercio",
    "referencia": "",
    "fuentes": [
     "comunidad:instagram"
    ],
    "verificacion": {
     "estado": "sin_verificar",
     "confirmaciones": 0,
     "reportes_ausencia": 0,
     "ultima_confirmacion": null
    }
   }
  },
  {
   "type": "Feature",
   "geometry": {
    "type": "Point",
    "coordinates": [
     -70.768252,
     -28.5750496
    ]
   },
   "properties": {
    "id": "ig-0182",
    "categoria": "dea",
    "nombre": "Universidad de Atacama Sede Vallenar MDLT",
    "tipo_recinto": "educacional",
    "referencia": "",
    "fuentes": [
     "comunidad:instagram"
    ],
    "verificacion": {
     "estado": "sin_verificar",
     "confirmaciones": 0,
     "reportes_ausencia": 0,
     "ultima_confirmacion": null
    }
   }
  },
  {
   "type": "Feature",
   "geometry": {
    "type": "Point",
    "coordinates": [
     -70.7582692,
     -28.577287
    ]
   },
   "properties": {
    "id": "ig-0183",
    "categoria": "dea",
    "nombre": "Corona",
    "tipo_recinto": "comercio",
    "referencia": "",
    "fuentes": [
     "comunidad:instagram"
    ],
    "verificacion": {
     "estado": "sin_verificar",
     "confirmaciones": 0,
     "reportes_ausencia": 0,
     "ultima_confirmacion": null
    }
   }
  },
  {
   "type": "Feature",
   "geometry": {
    "type": "Point",
    "coordinates": [
     -70.7590823,
     -28.5766145
    ]
   },
   "properties": {
    "id": "ig-0184",
    "categoria": "dea",
    "nombre": "Banco de Chile - Vallenar",
    "tipo_recinto": "comercio",
    "referencia": "",
    "fuentes": [
     "comunidad:instagram"
    ],
    "verificacion": {
     "estado": "sin_verificar",
     "confirmaciones": 0,
     "reportes_ausencia": 0,
     "ultima_confirmacion": null
    }
   }
  },
  {
   "type": "Feature",
   "geometry": {
    "type": "Point",
    "coordinates": [
     -71.1514634,
     -30.4995814
    ]
   },
   "properties": {
    "id": "ig-0185",
    "categoria": "dea",
    "nombre": "Posta Recoleta",
    "tipo_recinto": "salud",
    "referencia": "",
    "fuentes": [
     "comunidad:instagram"
    ],
    "verificacion": {
     "estado": "sin_verificar",
     "confirmaciones": 0,
     "reportes_ausencia": 0,
     "ultima_confirmacion": null
    }
   }
  },
  {
   "type": "Feature",
   "geometry": {
    "type": "Point",
    "coordinates": [
     -71.1659548,
     -30.5708163
    ]
   },
   "properties": {
    "id": "ig-0186",
    "categoria": "dea",
    "nombre": "Posta Salud Rural Huamalata",
    "tipo_recinto": "salud",
    "referencia": "Tarapacá 512",
    "fuentes": [
     "comunidad:instagram"
    ],
    "verificacion": {
     "estado": "sin_verificar",
     "confirmaciones": 0,
     "reportes_ausencia": 0,
     "ultima_confirmacion": null
    }
   }
  },
  {
   "type": "Feature",
   "geometry": {
    "type": "Point",
    "coordinates": [
     -71.1878989,
     -30.5793
    ]
   },
   "properties": {
    "id": "ig-0187",
    "categoria": "dea",
    "nombre": "Liceo Agrícola Tadeo Perry Barnes de Ovalle",
    "tipo_recinto": "educacional",
    "referencia": "",
    "fuentes": [
     "comunidad:instagram"
    ],
    "verificacion": {
     "estado": "sin_verificar",
     "confirmaciones": 0,
     "reportes_ausencia": 0,
     "ultima_confirmacion": null
    }
   }
  },
  {
   "type": "Feature",
   "geometry": {
    "type": "Point",
    "coordinates": [
     -71.1929657,
     -30.5844743
    ]
   },
   "properties": {
    "id": "ig-0188",
    "categoria": "dea",
    "nombre": "Colegio Manantial",
    "tipo_recinto": "educacional",
    "referencia": "",
    "fuentes": [
     "comunidad:instagram"
    ],
    "verificacion": {
     "estado": "sin_verificar",
     "confirmaciones": 0,
     "reportes_ausencia": 0,
     "ultima_confirmacion": null
    }
   }
  },
  {
   "type": "Feature",
   "geometry": {
    "type": "Point",
    "coordinates": [
     -71.19275,
     -30.59008
    ]
   },
   "properties": {
    "id": "ig-0189",
    "categoria": "dea",
    "nombre": "Centro de Salud Familiar Jorge Jordán Domic",
    "tipo_recinto": "salud",
    "referencia": "CESFAM",
    "fuentes": [
     "comunidad:instagram"
    ],
    "verificacion": {
     "estado": "sin_verificar",
     "confirmaciones": 0,
     "reportes_ausencia": 0,
     "ultima_confirmacion": null
    }
   }
  },
  {
   "type": "Feature",
   "geometry": {
    "type": "Point",
    "coordinates": [
     -71.1834567,
     -30.5909105
    ]
   },
   "properties": {
    "id": "ig-0190",
    "categoria": "dea",
    "nombre": "CECOSF LIMARI (POBLACION)",
    "tipo_recinto": "salud",
    "referencia": "",
    "fuentes": [
     "comunidad:instagram"
    ],
    "verificacion": {
     "estado": "sin_verificar",
     "confirmaciones": 0,
     "reportes_ausencia": 0,
     "ultima_confirmacion": null
    }
   }
  },
  {
   "type": "Feature",
   "geometry": {
    "type": "Point",
    "coordinates": [
     -71.1831556,
     -30.5915432
    ]
   },
   "properties": {
    "id": "ig-0191",
    "categoria": "dea",
    "nombre": "Escuela Manuel Florencio Espinosa Lopez",
    "tipo_recinto": "educacional",
    "referencia": "",
    "fuentes": [
     "comunidad:instagram"
    ],
    "verificacion": {
     "estado": "sin_verificar",
     "confirmaciones": 0,
     "reportes_ausencia": 0,
     "ultima_confirmacion": null
    }
   }
  },
  {
   "type": "Feature",
   "geometry": {
    "type": "Point",
    "coordinates": [
     -71.1833941,
     -30.596271
    ]
   },
   "properties": {
    "id": "ig-0192",
    "categoria": "dea",
    "nombre": "Colegio Dalmacia",
    "tipo_recinto": "educacional",
    "referencia": "",
    "fuentes": [
     "comunidad:instagram"
    ],
    "verificacion": {
     "estado": "sin_verificar",
     "confirmaciones": 0,
     "reportes_ausencia": 0,
     "ultima_confirmacion": null
    }
   }
  },
  {
   "type": "Feature",
   "geometry": {
    "type": "Point",
    "coordinates": [
     -71.1849092,
     -30.5978525
    ]
   },
   "properties": {
    "id": "ig-0193",
    "categoria": "dea",
    "nombre": "Falabella Ovalle",
    "tipo_recinto": "comercio",
    "referencia": "",
    "fuentes": [
     "comunidad:instagram"
    ],
    "verificacion": {
     "estado": "sin_verificar",
     "confirmaciones": 0,
     "reportes_ausencia": 0,
     "ultima_confirmacion": null
    }
   }
  },
  {
   "type": "Feature",
   "geometry": {
    "type": "Point",
    "coordinates": [
     -71.1932412,
     -30.5967333
    ]
   },
   "properties": {
    "id": "ig-0194",
    "categoria": "dea",
    "nombre": "Colegio Santa María Eufrasia Ovalle",
    "tipo_recinto": "educacional",
    "referencia": "",
    "fuentes": [
     "comunidad:instagram"
    ],
    "verificacion": {
     "estado": "sin_verificar",
     "confirmaciones": 0,
     "reportes_ausencia": 0,
     "ultima_confirmacion": null
    }
   }
  },
  {
   "type": "Feature",
   "geometry": {
    "type": "Point",
    "coordinates": [
     -71.1916554,
     -30.6012638
    ]
   },
   "properties": {
    "id": "ig-0195",
    "categoria": "dea",
    "nombre": "Colegio De Artes Eliseo Videla Jorquera",
    "tipo_recinto": "educacional",
    "referencia": "",
    "fuentes": [
     "comunidad:instagram"
    ],
    "verificacion": {
     "estado": "sin_verificar",
     "confirmaciones": 0,
     "reportes_ausencia": 0,
     "ultima_confirmacion": null
    }
   }
  },
  {
   "type": "Feature",
   "geometry": {
    "type": "Point",
    "coordinates": [
     -71.1925839,
     -30.6010878
    ]
   },
   "properties": {
    "id": "ig-0196",
    "categoria": "dea",
    "nombre": "Colegio San Viator",
    "tipo_recinto": "educacional",
    "referencia": "",
    "fuentes": [
     "comunidad:instagram"
    ],
    "verificacion": {
     "estado": "sin_verificar",
     "confirmaciones": 0,
     "reportes_ausencia": 0,
     "ultima_confirmacion": null
    }
   }
  },
  {
   "type": "Feature",
   "geometry": {
    "type": "Point",
    "coordinates": [
     -71.194532,
     -30.6008115
    ]
   },
   "properties": {
    "id": "ig-0197",
    "categoria": "dea",
    "nombre": "Unimarc",
    "tipo_recinto": "comercio",
    "referencia": "",
    "fuentes": [
     "comunidad:instagram"
    ],
    "verificacion": {
     "estado": "sin_verificar",
     "confirmaciones": 0,
     "reportes_ausencia": 0,
     "ultima_confirmacion": null
    }
   }
  },
  {
   "type": "Feature",
   "geometry": {
    "type": "Point",
    "coordinates": [
     -71.1961306,
     -30.6036244
    ]
   },
   "properties": {
    "id": "ig-0198",
    "categoria": "dea",
    "nombre": "Colegio La Providencia",
    "tipo_recinto": "educacional",
    "referencia": "",
    "fuentes": [
     "comunidad:instagram"
    ],
    "verificacion": {
     "estado": "sin_verificar",
     "confirmaciones": 0,
     "reportes_ausencia": 0,
     "ultima_confirmacion": null
    }
   }
  },
  {
   "type": "Feature",
   "geometry": {
    "type": "Point",
    "coordinates": [
     -71.1891579,
     -30.5849047
    ]
   },
   "properties": {
    "id": "ig-0199",
    "categoria": "dea",
    "nombre": "SuperBodega aCuenta",
    "tipo_recinto": "comercio",
    "referencia": "",
    "fuentes": [
     "comunidad:instagram"
    ],
    "verificacion": {
     "estado": "sin_verificar",
     "confirmaciones": 0,
     "reportes_ausencia": 0,
     "ultima_confirmacion": null
    }
   }
  },
  {
   "type": "Feature",
   "geometry": {
    "type": "Point",
    "coordinates": [
     -71.196234,
     -30.6050227
    ]
   },
   "properties": {
    "id": "ig-0200",
    "categoria": "dea",
    "nombre": "Unimarc",
    "tipo_recinto": "comercio",
    "referencia": "",
    "fuentes": [
     "comunidad:instagram"
    ],
    "verificacion": {
     "estado": "sin_verificar",
     "confirmaciones": 0,
     "reportes_ausencia": 0,
     "ultima_confirmacion": null
    }
   }
  },
  {
   "type": "Feature",
   "geometry": {
    "type": "Point",
    "coordinates": [
     -71.1983947,
     -30.6017494
    ]
   },
   "properties": {
    "id": "ig-0201",
    "categoria": "dea",
    "nombre": "Cinépolis Ovalle",
    "tipo_recinto": "cultura",
    "referencia": "",
    "fuentes": [
     "comunidad:instagram"
    ],
    "verificacion": {
     "estado": "sin_verificar",
     "confirmaciones": 0,
     "reportes_ausencia": 0,
     "ultima_confirmacion": null
    }
   }
  },
  {
   "type": "Feature",
   "geometry": {
    "type": "Point",
    "coordinates": [
     -71.1998173,
     -30.6028513
    ]
   },
   "properties": {
    "id": "ig-0202",
    "categoria": "dea",
    "nombre": "Corona",
    "tipo_recinto": "comercio",
    "referencia": "",
    "fuentes": [
     "comunidad:instagram"
    ],
    "verificacion": {
     "estado": "sin_verificar",
     "confirmaciones": 0,
     "reportes_ausencia": 0,
     "ultima_confirmacion": null
    }
   }
  },
  {
   "type": "Feature",
   "geometry": {
    "type": "Point",
    "coordinates": [
     -71.2018814,
     -30.6018657
    ]
   },
   "properties": {
    "id": "ig-0203",
    "categoria": "dea",
    "nombre": "Unimarc",
    "tipo_recinto": "comercio",
    "referencia": "",
    "fuentes": [
     "comunidad:instagram"
    ],
    "verificacion": {
     "estado": "sin_verificar",
     "confirmaciones": 0,
     "reportes_ausencia": 0,
     "ultima_confirmacion": null
    }
   }
  },
  {
   "type": "Feature",
   "geometry": {
    "type": "Point",
    "coordinates": [
     -71.203698,
     -30.6024866
    ]
   },
   "properties": {
    "id": "ig-0204",
    "categoria": "dea",
    "nombre": "Liceo Alejandro Alvarez Jofre",
    "tipo_recinto": "educacional",
    "referencia": "",
    "fuentes": [
     "comunidad:instagram"
    ],
    "verificacion": {
     "estado": "sin_verificar",
     "confirmaciones": 0,
     "reportes_ausencia": 0,
     "ultima_confirmacion": null
    }
   }
  },
  {
   "type": "Feature",
   "geometry": {
    "type": "Point",
    "coordinates": [
     -71.2038316,
     -30.5994134
    ]
   },
   "properties": {
    "id": "ig-0205",
    "categoria": "dea",
    "nombre": "Colegio San Juan Bautista",
    "tipo_recinto": "educacional",
    "referencia": "",
    "fuentes": [
     "comunidad:instagram"
    ],
    "verificacion": {
     "estado": "sin_verificar",
     "confirmaciones": 0,
     "reportes_ausencia": 0,
     "ultima_confirmacion": null
    }
   }
  },
  {
   "type": "Feature",
   "geometry": {
    "type": "Point",
    "coordinates": [
     -71.2056578,
     -30.5990374
    ]
   },
   "properties": {
    "id": "ig-0206",
    "categoria": "dea",
    "nombre": "Liceo Politécnico de Ovalle",
    "tipo_recinto": "educacional",
    "referencia": "",
    "fuentes": [
     "comunidad:instagram"
    ],
    "verificacion": {
     "estado": "sin_verificar",
     "confirmaciones": 0,
     "reportes_ausencia": 0,
     "ultima_confirmacion": null
    }
   }
  },
  {
   "type": "Feature",
   "geometry": {
    "type": "Point",
    "coordinates": [
     -71.2092056,
     -30.606739
    ]
   },
   "properties": {
    "id": "ig-0207",
    "categoria": "dea",
    "nombre": "Santa Isabel",
    "tipo_recinto": "comercio",
    "referencia": "",
    "fuentes": [
     "comunidad:instagram"
    ],
    "verificacion": {
     "estado": "sin_verificar",
     "confirmaciones": 0,
     "reportes_ausencia": 0,
     "ultima_confirmacion": null
    }
   }
  },
  {
   "type": "Feature",
   "geometry": {
    "type": "Point",
    "coordinates": [
     -71.208972,
     -30.6055188
    ]
   },
   "properties": {
    "id": "ig-0208",
    "categoria": "dea",
    "nombre": "Colegio Arturo Alessandri Palma",
    "tipo_recinto": "educacional",
    "referencia": "",
    "fuentes": [
     "comunidad:instagram"
    ],
    "verificacion": {
     "estado": "sin_verificar",
     "confirmaciones": 0,
     "reportes_ausencia": 0,
     "ultima_confirmacion": null
    }
   }
  },
  {
   "type": "Feature",
   "geometry": {
    "type": "Point",
    "coordinates": [
     -71.2053343,
     -30.6037
    ]
   },
   "properties": {
    "id": "ig-0209",
    "categoria": "dea",
    "nombre": "Liceo Estela Avila Molina De Perry A12",
    "tipo_recinto": "educacional",
    "referencia": "",
    "fuentes": [
     "comunidad:instagram"
    ],
    "verificacion": {
     "estado": "sin_verificar",
     "confirmaciones": 0,
     "reportes_ausencia": 0,
     "ultima_confirmacion": null
    }
   }
  },
  {
   "type": "Feature",
   "geometry": {
    "type": "Point",
    "coordinates": [
     -71.20476,
     -30.6045891
    ]
   },
   "properties": {
    "id": "ig-0210",
    "categoria": "dea",
    "nombre": "Instituto Profesional Santo Tomás",
    "tipo_recinto": "educacional",
    "referencia": "",
    "fuentes": [
     "comunidad:instagram"
    ],
    "verificacion": {
     "estado": "sin_verificar",
     "confirmaciones": 0,
     "reportes_ausencia": 0,
     "ultima_confirmacion": null
    }
   }
  },
  {
   "type": "Feature",
   "geometry": {
    "type": "Point",
    "coordinates": [
     -71.2037261,
     -30.6052449
    ]
   },
   "properties": {
    "id": "ig-0211",
    "categoria": "dea",
    "nombre": "Escuela básica Helene Lang",
    "tipo_recinto": "educacional",
    "referencia": "",
    "fuentes": [
     "comunidad:instagram"
    ],
    "verificacion": {
     "estado": "sin_verificar",
     "confirmaciones": 0,
     "reportes_ausencia": 0,
     "ultima_confirmacion": null
    }
   }
  },
  {
   "type": "Feature",
   "geometry": {
    "type": "Point",
    "coordinates": [
     -71.2016615,
     -30.6065447
    ]
   },
   "properties": {
    "id": "ig-0212",
    "categoria": "dea",
    "nombre": "Colegio fray jorge",
    "tipo_recinto": "educacional",
    "referencia": "",
    "fuentes": [
     "comunidad:instagram"
    ],
    "verificacion": {
     "estado": "sin_verificar",
     "confirmaciones": 0,
     "reportes_ausencia": 0,
     "ultima_confirmacion": null
    }
   }
  },
  {
   "type": "Feature",
   "geometry": {
    "type": "Point",
    "coordinates": [
     -71.2003642,
     -30.6063896
    ]
   },
   "properties": {
    "id": "ig-0213",
    "categoria": "dea",
    "nombre": "Soc Educacional Sostenedora Santa Maria S A",
    "tipo_recinto": "educacional",
    "referencia": "",
    "fuentes": [
     "comunidad:instagram"
    ],
    "verificacion": {
     "estado": "sin_verificar",
     "confirmaciones": 0,
     "reportes_ausencia": 0,
     "ultima_confirmacion": null
    }
   }
  },
  {
   "type": "Feature",
   "geometry": {
    "type": "Point",
    "coordinates": [
     -71.201841,
     -30.610573
    ]
   },
   "properties": {
    "id": "ig-0214",
    "categoria": "dea",
    "nombre": "Cesfam Fray Jorge",
    "tipo_recinto": "salud",
    "referencia": "CESFAM",
    "fuentes": [
     "comunidad:instagram"
    ],
    "verificacion": {
     "estado": "sin_verificar",
     "confirmaciones": 0,
     "reportes_ausencia": 0,
     "ultima_confirmacion": null
    }
   }
  },
  {
   "type": "Feature",
   "geometry": {
    "type": "Point",
    "coordinates": [
     -71.1947154,
     -30.6067816
    ]
   },
   "properties": {
    "id": "ig-0215",
    "categoria": "dea",
    "nombre": "Terminal de Buses Ovalle",
    "tipo_recinto": "transporte",
    "referencia": "",
    "fuentes": [
     "comunidad:instagram"
    ],
    "verificacion": {
     "estado": "sin_verificar",
     "confirmaciones": 0,
     "reportes_ausencia": 0,
     "ultima_confirmacion": null
    }
   }
  },
  {
   "type": "Feature",
   "geometry": {
    "type": "Point",
    "coordinates": [
     -71.2036775,
     -30.6034065
    ]
   },
   "properties": {
    "id": "ig-0216",
    "categoria": "dea",
    "nombre": "Banco de Chile",
    "tipo_recinto": "comercio",
    "referencia": "",
    "fuentes": [
     "comunidad:instagram"
    ],
    "verificacion": {
     "estado": "sin_verificar",
     "confirmaciones": 0,
     "reportes_ausencia": 0,
     "ultima_confirmacion": null
    }
   }
  },
  {
   "type": "Feature",
   "geometry": {
    "type": "Point",
    "coordinates": [
     -71.0853337,
     -30.2321839
    ]
   },
   "properties": {
    "id": "ig-0217",
    "categoria": "dea",
    "nombre": "Colegio Parroquial de Andacollo",
    "tipo_recinto": "educacional",
    "referencia": "COLEGIO",
    "fuentes": [
     "comunidad:instagram"
    ],
    "verificacion": {
     "estado": "sin_verificar",
     "confirmaciones": 0,
     "reportes_ausencia": 0,
     "ultima_confirmacion": null
    }
   }
  },
  {
   "type": "Feature",
   "geometry": {
    "type": "Point",
    "coordinates": [
     -71.0004041,
     -31.1749947
    ]
   },
   "properties": {
    "id": "ig-0218",
    "categoria": "dea",
    "nombre": "Escuela Básica América",
    "tipo_recinto": "educacional",
    "referencia": "COLEGIO",
    "fuentes": [
     "comunidad:instagram"
    ],
    "verificacion": {
     "estado": "sin_verificar",
     "confirmaciones": 0,
     "reportes_ausencia": 0,
     "ultima_confirmacion": null
    }
   }
  },
  {
   "type": "Feature",
   "geometry": {
    "type": "Point",
    "coordinates": [
     -71.0002607,
     -31.1780209
    ]
   },
   "properties": {
    "id": "ig-0219",
    "categoria": "dea",
    "nombre": "Liceo bicentenario Samuel Roman Rojas",
    "tipo_recinto": "educacional",
    "referencia": "COLEGIO",
    "fuentes": [
     "comunidad:instagram"
    ],
    "verificacion": {
     "estado": "sin_verificar",
     "confirmaciones": 0,
     "reportes_ausencia": 0,
     "ultima_confirmacion": null
    }
   }
  },
  {
   "type": "Feature",
   "geometry": {
    "type": "Point",
    "coordinates": [
     -71.2575009,
     -29.928869
    ]
   },
   "properties": {
    "id": "ig-0220",
    "categoria": "dea",
    "nombre": "Imperial La Serena",
    "tipo_recinto": "comercio",
    "referencia": "",
    "fuentes": [
     "comunidad:instagram"
    ],
    "verificacion": {
     "estado": "sin_verificar",
     "confirmaciones": 0,
     "reportes_ausencia": 0,
     "ultima_confirmacion": null
    }
   }
  },
  {
   "type": "Feature",
   "geometry": {
    "type": "Point",
    "coordinates": [
     -71.2667591,
     -29.9512944
    ]
   },
   "properties": {
    "id": "ig-0221",
    "categoria": "dea",
    "nombre": "Colegio Altazor",
    "tipo_recinto": "educacional",
    "referencia": "COLEGIO",
    "fuentes": [
     "comunidad:instagram"
    ],
    "verificacion": {
     "estado": "sin_verificar",
     "confirmaciones": 0,
     "reportes_ausencia": 0,
     "ultima_confirmacion": null
    }
   }
  },
  {
   "type": "Feature",
   "geometry": {
    "type": "Point",
    "coordinates": [
     -71.2562941,
     -29.9662141
    ]
   },
   "properties": {
    "id": "ig-0222",
    "categoria": "dea",
    "nombre": "Colegio Calasanz",
    "tipo_recinto": "educacional",
    "referencia": "",
    "fuentes": [
     "comunidad:instagram"
    ],
    "verificacion": {
     "estado": "sin_verificar",
     "confirmaciones": 0,
     "reportes_ausencia": 0,
     "ultima_confirmacion": null
    }
   }
  },
  {
   "type": "Feature",
   "geometry": {
    "type": "Point",
    "coordinates": [
     -71.2477618,
     -29.9619578
    ]
   },
   "properties": {
    "id": "ig-0223",
    "categoria": "dea",
    "nombre": "Colegio Miguel de Cervantes, Sede San Ramón",
    "tipo_recinto": "educacional",
    "referencia": "",
    "fuentes": [
     "comunidad:instagram"
    ],
    "verificacion": {
     "estado": "sin_verificar",
     "confirmaciones": 0,
     "reportes_ausencia": 0,
     "ultima_confirmacion": null
    }
   }
  },
  {
   "type": "Feature",
   "geometry": {
    "type": "Point",
    "coordinates": [
     -71.2600048,
     -29.9637431
    ]
   },
   "properties": {
    "id": "ig-0224",
    "categoria": "dea",
    "nombre": "Colegio Miguel de Cervantes",
    "tipo_recinto": "educacional",
    "referencia": "",
    "fuentes": [
     "comunidad:instagram"
    ],
    "verificacion": {
     "estado": "sin_verificar",
     "confirmaciones": 0,
     "reportes_ausencia": 0,
     "ultima_confirmacion": null
    }
   }
  },
  {
   "type": "Feature",
   "geometry": {
    "type": "Point",
    "coordinates": [
     -71.2618796,
     -29.9786662
    ]
   },
   "properties": {
    "id": "ig-0225",
    "categoria": "dea",
    "nombre": "Unimarc",
    "tipo_recinto": "comercio",
    "referencia": "",
    "fuentes": [
     "comunidad:instagram"
    ],
    "verificacion": {
     "estado": "sin_verificar",
     "confirmaciones": 0,
     "reportes_ausencia": 0,
     "ultima_confirmacion": null
    }
   }
  },
  {
   "type": "Feature",
   "geometry": {
    "type": "Point",
    "coordinates": [
     -71.2930161,
     -29.9770508
    ]
   },
   "properties": {
    "id": "ig-0226",
    "categoria": "dea",
    "nombre": "Colegio San Lorenzo",
    "tipo_recinto": "educacional",
    "referencia": "",
    "fuentes": [
     "comunidad:instagram"
    ],
    "verificacion": {
     "estado": "sin_verificar",
     "confirmaciones": 0,
     "reportes_ausencia": 0,
     "ultima_confirmacion": null
    }
   }
  },
  {
   "type": "Feature",
   "geometry": {
    "type": "Point",
    "coordinates": [
     -71.2963426,
     -29.9761862
    ]
   },
   "properties": {
    "id": "ig-0227",
    "categoria": "dea",
    "nombre": "Arauco Premium Outlet Coquimbo",
    "tipo_recinto": "comercio",
    "referencia": "",
    "fuentes": [
     "comunidad:instagram"
    ],
    "verificacion": {
     "estado": "sin_verificar",
     "confirmaciones": 0,
     "reportes_ausencia": 0,
     "ultima_confirmacion": null
    }
   }
  },
  {
   "type": "Feature",
   "geometry": {
    "type": "Point",
    "coordinates": [
     -71.3459367,
     -29.9784557
    ]
   },
   "properties": {
    "id": "ig-0228",
    "categoria": "dea",
    "nombre": "Santa Isabel",
    "tipo_recinto": "comercio",
    "referencia": "",
    "fuentes": [
     "comunidad:instagram"
    ],
    "verificacion": {
     "estado": "sin_verificar",
     "confirmaciones": 0,
     "reportes_ausencia": 0,
     "ultima_confirmacion": null
    }
   }
  },
  {
   "type": "Feature",
   "geometry": {
    "type": "Point",
    "coordinates": [
     -71.3425839,
     -29.9775604
    ]
   },
   "properties": {
    "id": "ig-0229",
    "categoria": "dea",
    "nombre": "Eduardo Francis School - Anexo Los Tulipanes 295",
    "tipo_recinto": "educacional",
    "referencia": "COLEGIO",
    "fuentes": [
     "comunidad:instagram"
    ],
    "verificacion": {
     "estado": "sin_verificar",
     "confirmaciones": 0,
     "reportes_ausencia": 0,
     "ultima_confirmacion": null
    }
   }
  },
  {
   "type": "Feature",
   "geometry": {
    "type": "Point",
    "coordinates": [
     -71.3417122,
     -29.9775743
    ]
   },
   "properties": {
    "id": "ig-0230",
    "categoria": "dea",
    "nombre": "Eduardo Francis School",
    "tipo_recinto": "educacional",
    "referencia": "",
    "fuentes": [
     "comunidad:instagram"
    ],
    "verificacion": {
     "estado": "sin_verificar",
     "confirmaciones": 0,
     "reportes_ausencia": 0,
     "ultima_confirmacion": null
    }
   }
  },
  {
   "type": "Feature",
   "geometry": {
    "type": "Point",
    "coordinates": [
     -71.3392319,
     -29.9638307
    ]
   },
   "properties": {
    "id": "ig-0231",
    "categoria": "dea",
    "nombre": "Corporación Colegio Gabriela Mistral",
    "tipo_recinto": "educacional",
    "referencia": "",
    "fuentes": [
     "comunidad:instagram"
    ],
    "verificacion": {
     "estado": "sin_verificar",
     "confirmaciones": 0,
     "reportes_ausencia": 0,
     "ultima_confirmacion": null
    }
   }
  },
  {
   "type": "Feature",
   "geometry": {
    "type": "Point",
    "coordinates": [
     -71.3487717,
     -29.962284
    ]
   },
   "properties": {
    "id": "ig-0232",
    "categoria": "dea",
    "nombre": "Teletón Coquimbo",
    "tipo_recinto": "institucional",
    "referencia": "",
    "fuentes": [
     "comunidad:instagram"
    ],
    "verificacion": {
     "estado": "sin_verificar",
     "confirmaciones": 0,
     "reportes_ausencia": 0,
     "ultima_confirmacion": null
    }
   }
  },
  {
   "type": "Feature",
   "geometry": {
    "type": "Point",
    "coordinates": [
     -71.337638,
     -29.960719
    ]
   },
   "properties": {
    "id": "ig-0233",
    "categoria": "dea",
    "nombre": "Colegio Bernardo O’Higgins",
    "tipo_recinto": "educacional",
    "referencia": "",
    "fuentes": [
     "comunidad:instagram"
    ],
    "verificacion": {
     "estado": "sin_verificar",
     "confirmaciones": 0,
     "reportes_ausencia": 0,
     "ultima_confirmacion": null
    }
   }
  },
  {
   "type": "Feature",
   "geometry": {
    "type": "Point",
    "coordinates": [
     -71.3376141,
     -29.9581909
    ]
   },
   "properties": {
    "id": "ig-0234",
    "categoria": "dea",
    "nombre": "Ripley Coquimbo",
    "tipo_recinto": "comercio",
    "referencia": "",
    "fuentes": [
     "comunidad:instagram"
    ],
    "verificacion": {
     "estado": "sin_verificar",
     "confirmaciones": 0,
     "reportes_ausencia": 0,
     "ultima_confirmacion": null
    }
   }
  },
  {
   "type": "Feature",
   "geometry": {
    "type": "Point",
    "coordinates": [
     -71.3266703,
     -29.9678915
    ]
   },
   "properties": {
    "id": "ig-0235",
    "categoria": "dea",
    "nombre": "Ceduc UCN",
    "tipo_recinto": "educacional",
    "referencia": "",
    "fuentes": [
     "comunidad:instagram"
    ],
    "verificacion": {
     "estado": "sin_verificar",
     "confirmaciones": 0,
     "reportes_ausencia": 0,
     "ultima_confirmacion": null
    }
   }
  },
  {
   "type": "Feature",
   "geometry": {
    "type": "Point",
    "coordinates": [
     -71.3403724,
     -29.957646
    ]
   },
   "properties": {
    "id": "ig-0236",
    "categoria": "dea",
    "nombre": "Santa Isabel",
    "tipo_recinto": "comercio",
    "referencia": "",
    "fuentes": [
     "comunidad:instagram"
    ],
    "verificacion": {
     "estado": "sin_verificar",
     "confirmaciones": 0,
     "reportes_ausencia": 0,
     "ultima_confirmacion": null
    }
   }
  },
  {
   "type": "Feature",
   "geometry": {
    "type": "Point",
    "coordinates": [
     -71.3391978,
     -29.9571357
    ]
   },
   "properties": {
    "id": "ig-0237",
    "categoria": "dea",
    "nombre": "Corona",
    "tipo_recinto": "comercio",
    "referencia": "",
    "fuentes": [
     "comunidad:instagram"
    ],
    "verificacion": {
     "estado": "sin_verificar",
     "confirmaciones": 0,
     "reportes_ausencia": 0,
     "ultima_confirmacion": null
    }
   }
  },
  {
   "type": "Feature",
   "geometry": {
    "type": "Point",
    "coordinates": [
     -71.1688388,
     -31.6319922
    ]
   },
   "properties": {
    "id": "ig-0238",
    "categoria": "dea",
    "nombre": "Colegio Santa Teresa De Jesus",
    "tipo_recinto": "educacional",
    "referencia": "",
    "fuentes": [
     "comunidad:instagram"
    ],
    "verificacion": {
     "estado": "sin_verificar",
     "confirmaciones": 0,
     "reportes_ausencia": 0,
     "ultima_confirmacion": null
    }
   }
  },
  {
   "type": "Feature",
   "geometry": {
    "type": "Point",
    "coordinates": [
     -71.167294,
     -31.6340342
    ]
   },
   "properties": {
    "id": "ig-0239",
    "categoria": "dea",
    "nombre": "Corporación educacional Colegio Santa Teresa - Buin 50",
    "tipo_recinto": "educacional",
    "referencia": "COLEGIO",
    "fuentes": [
     "comunidad:instagram"
    ],
    "verificacion": {
     "estado": "sin_verificar",
     "confirmaciones": 0,
     "reportes_ausencia": 0,
     "ultima_confirmacion": null
    }
   }
  },
  {
   "type": "Feature",
   "geometry": {
    "type": "Point",
    "coordinates": [
     -71.1647205,
     -31.6319768
    ]
   },
   "properties": {
    "id": "ig-0240",
    "categoria": "dea",
    "nombre": "Banco de Chile - Illapel",
    "tipo_recinto": "comercio",
    "referencia": "",
    "fuentes": [
     "comunidad:instagram"
    ],
    "verificacion": {
     "estado": "sin_verificar",
     "confirmaciones": 0,
     "reportes_ausencia": 0,
     "ultima_confirmacion": null
    }
   }
  },
  {
   "type": "Feature",
   "geometry": {
    "type": "Point",
    "coordinates": [
     -71.48998,
     -31.9083039
    ]
   },
   "properties": {
    "id": "ig-0241",
    "categoria": "dea",
    "nombre": "CEDUC UCN Sede Choapa",
    "tipo_recinto": "educacional",
    "referencia": "",
    "fuentes": [
     "comunidad:instagram"
    ],
    "verificacion": {
     "estado": "sin_verificar",
     "confirmaciones": 0,
     "reportes_ausencia": 0,
     "ultima_confirmacion": null
    }
   }
  },
  {
   "type": "Feature",
   "geometry": {
    "type": "Point",
    "coordinates": [
     -71.2594427,
     -30.8302
    ]
   },
   "properties": {
    "id": "ig-0242",
    "categoria": "dea",
    "nombre": "Colegio Irma Salas Silva",
    "tipo_recinto": "educacional",
    "referencia": "",
    "fuentes": [
     "comunidad:instagram"
    ],
    "verificacion": {
     "estado": "sin_verificar",
     "confirmaciones": 0,
     "reportes_ausencia": 0,
     "ultima_confirmacion": null
    }
   }
  },
  {
   "type": "Feature",
   "geometry": {
    "type": "Point",
    "coordinates": [
     -70.964225,
     -31.7807229
    ]
   },
   "properties": {
    "id": "ig-0243",
    "categoria": "dea",
    "nombre": "Colegio San Francisco de Asis",
    "tipo_recinto": "educacional",
    "referencia": "",
    "fuentes": [
     "comunidad:instagram"
    ],
    "verificacion": {
     "estado": "sin_verificar",
     "confirmaciones": 0,
     "reportes_ausencia": 0,
     "ultima_confirmacion": null
    }
   }
  },
  {
   "type": "Feature",
   "geometry": {
    "type": "Point",
    "coordinates": [
     -70.9626302,
     -31.7870303
    ]
   },
   "properties": {
    "id": "ig-0244",
    "categoria": "dea",
    "nombre": "Colegio Cumbres Del Choapa",
    "tipo_recinto": "educacional",
    "referencia": "",
    "fuentes": [
     "comunidad:instagram"
    ],
    "verificacion": {
     "estado": "sin_verificar",
     "confirmaciones": 0,
     "reportes_ausencia": 0,
     "ultima_confirmacion": null
    }
   }
  },
  {
   "type": "Feature",
   "geometry": {
    "type": "Point",
    "coordinates": [
     -70.7080475,
     -30.0310745
    ]
   },
   "properties": {
    "id": "ig-0245",
    "categoria": "dea",
    "nombre": "colegio Domingo Santa Maria",
    "tipo_recinto": "educacional",
    "referencia": "",
    "fuentes": [
     "comunidad:instagram"
    ],
    "verificacion": {
     "estado": "sin_verificar",
     "confirmaciones": 0,
     "reportes_ausencia": 0,
     "ultima_confirmacion": null
    }
   }
  },
  {
   "type": "Feature",
   "geometry": {
    "type": "Point",
    "coordinates": [
     -70.7079883,
     -30.0326989
    ]
   },
   "properties": {
    "id": "ig-0246",
    "categoria": "dea",
    "nombre": "Colegio Antonio Varas",
    "tipo_recinto": "educacional",
    "referencia": "",
    "fuentes": [
     "comunidad:instagram"
    ],
    "verificacion": {
     "estado": "sin_verificar",
     "confirmaciones": 0,
     "reportes_ausencia": 0,
     "ultima_confirmacion": null
    }
   }
  },
  {
   "type": "Feature",
   "geometry": {
    "type": "Point",
    "coordinates": [
     -70.7133635,
     -30.034603
    ]
   },
   "properties": {
    "id": "ig-0247",
    "categoria": "dea",
    "nombre": "Unimarc",
    "tipo_recinto": "comercio",
    "referencia": "",
    "fuentes": [
     "comunidad:instagram"
    ],
    "verificacion": {
     "estado": "sin_verificar",
     "confirmaciones": 0,
     "reportes_ausencia": 0,
     "ultima_confirmacion": null
    }
   }
  },
  {
   "type": "Feature",
   "geometry": {
    "type": "Point",
    "coordinates": [
     -70.7189499,
     -30.0361498
    ]
   },
   "properties": {
    "id": "ig-0248",
    "categoria": "dea",
    "nombre": "Colegio Leonardo Da Vinci Vicuña",
    "tipo_recinto": "educacional",
    "referencia": "COLEGIO",
    "fuentes": [
     "comunidad:instagram"
    ],
    "verificacion": {
     "estado": "sin_verificar",
     "confirmaciones": 0,
     "reportes_ausencia": 0,
     "ultima_confirmacion": null
    }
   }
  },
  {
   "type": "Feature",
   "geometry": {
    "type": "Point",
    "coordinates": [
     -71.2323532,
     -29.8725008
    ]
   },
   "properties": {
    "id": "ig-0249",
    "categoria": "dea",
    "nombre": "Colegio Christ School",
    "tipo_recinto": "educacional",
    "referencia": "",
    "fuentes": [
     "comunidad:instagram"
    ],
    "verificacion": {
     "estado": "sin_verificar",
     "confirmaciones": 0,
     "reportes_ausencia": 0,
     "ultima_confirmacion": null
    }
   }
  },
  {
   "type": "Feature",
   "geometry": {
    "type": "Point",
    "coordinates": [
     -71.2327778,
     -29.8759018
    ]
   },
   "properties": {
    "id": "ig-0250",
    "categoria": "dea",
    "nombre": "Colegio San Martín de Porres",
    "tipo_recinto": "educacional",
    "referencia": "",
    "fuentes": [
     "comunidad:instagram"
    ],
    "verificacion": {
     "estado": "sin_verificar",
     "confirmaciones": 0,
     "reportes_ausencia": 0,
     "ultima_confirmacion": null
    }
   }
  },
  {
   "type": "Feature",
   "geometry": {
    "type": "Point",
    "coordinates": [
     -71.2459017,
     -29.8789421
    ]
   },
   "properties": {
    "id": "ig-0251",
    "categoria": "dea",
    "nombre": "Colegio San Francisco Coll",
    "tipo_recinto": "educacional",
    "referencia": "",
    "fuentes": [
     "comunidad:instagram"
    ],
    "verificacion": {
     "estado": "sin_verificar",
     "confirmaciones": 0,
     "reportes_ausencia": 0,
     "ultima_confirmacion": null
    }
   }
  },
  {
   "type": "Feature",
   "geometry": {
    "type": "Point",
    "coordinates": [
     -71.2510277,
     -29.8829623
    ]
   },
   "properties": {
    "id": "ig-0252",
    "categoria": "dea",
    "nombre": "Colegio Manantiales de Elqui",
    "tipo_recinto": "educacional",
    "referencia": "",
    "fuentes": [
     "comunidad:instagram"
    ],
    "verificacion": {
     "estado": "sin_verificar",
     "confirmaciones": 0,
     "reportes_ausencia": 0,
     "ultima_confirmacion": null
    }
   }
  },
  {
   "type": "Feature",
   "geometry": {
    "type": "Point",
    "coordinates": [
     -71.2327067,
     -29.8848624
    ]
   },
   "properties": {
    "id": "ig-0253",
    "categoria": "dea",
    "nombre": "Saint John's School",
    "tipo_recinto": "educacional",
    "referencia": "",
    "fuentes": [
     "comunidad:instagram"
    ],
    "verificacion": {
     "estado": "sin_verificar",
     "confirmaciones": 0,
     "reportes_ausencia": 0,
     "ultima_confirmacion": null
    }
   }
  },
  {
   "type": "Feature",
   "geometry": {
    "type": "Point",
    "coordinates": [
     -71.2379731,
     -29.8879571
    ]
   },
   "properties": {
    "id": "ig-0254",
    "categoria": "dea",
    "nombre": "Colegio San Manuel",
    "tipo_recinto": "educacional",
    "referencia": "",
    "fuentes": [
     "comunidad:instagram"
    ],
    "verificacion": {
     "estado": "sin_verificar",
     "confirmaciones": 0,
     "reportes_ausencia": 0,
     "ultima_confirmacion": null
    }
   }
  },
  {
   "type": "Feature",
   "geometry": {
    "type": "Point",
    "coordinates": [
     -71.2433947,
     -29.8881714
    ]
   },
   "properties": {
    "id": "ig-0255",
    "categoria": "dea",
    "nombre": "Santa Isabel Las Compañias",
    "tipo_recinto": "comercio",
    "referencia": "",
    "fuentes": [
     "comunidad:instagram"
    ],
    "verificacion": {
     "estado": "sin_verificar",
     "confirmaciones": 0,
     "reportes_ausencia": 0,
     "ultima_confirmacion": null
    }
   }
  },
  {
   "type": "Feature",
   "geometry": {
    "type": "Point",
    "coordinates": [
     -71.2097251,
     -29.9162753
    ]
   },
   "properties": {
    "id": "ig-0256",
    "categoria": "dea",
    "nombre": "Santa Isabel",
    "tipo_recinto": "comercio",
    "referencia": "",
    "fuentes": [
     "comunidad:instagram"
    ],
    "verificacion": {
     "estado": "sin_verificar",
     "confirmaciones": 0,
     "reportes_ausencia": 0,
     "ultima_confirmacion": null
    }
   }
  },
  {
   "type": "Feature",
   "geometry": {
    "type": "Point",
    "coordinates": [
     -71.2342626,
     -29.9207953
    ]
   },
   "properties": {
    "id": "ig-0257",
    "categoria": "dea",
    "nombre": "Jumbo",
    "tipo_recinto": "comercio",
    "referencia": "",
    "fuentes": [
     "comunidad:instagram"
    ],
    "verificacion": {
     "estado": "sin_verificar",
     "confirmaciones": 0,
     "reportes_ausencia": 0,
     "ultima_confirmacion": null
    }
   }
  },
  {
   "type": "Feature",
   "geometry": {
    "type": "Point",
    "coordinates": [
     -71.2617517,
     -29.9449485
    ]
   },
   "properties": {
    "id": "ig-0258",
    "categoria": "dea",
    "nombre": "Colegio Francisco Palau",
    "tipo_recinto": "educacional",
    "referencia": "",
    "fuentes": [
     "comunidad:instagram"
    ],
    "verificacion": {
     "estado": "sin_verificar",
     "confirmaciones": 0,
     "reportes_ausencia": 0,
     "ultima_confirmacion": null
    }
   }
  },
  {
   "type": "Feature",
   "geometry": {
    "type": "Point",
    "coordinates": [
     -71.2468458,
     -29.9431135
    ]
   },
   "properties": {
    "id": "ig-0259",
    "categoria": "dea",
    "nombre": "Unimarc",
    "tipo_recinto": "comercio",
    "referencia": "",
    "fuentes": [
     "comunidad:instagram"
    ],
    "verificacion": {
     "estado": "sin_verificar",
     "confirmaciones": 0,
     "reportes_ausencia": 0,
     "ultima_confirmacion": null
    }
   }
  },
  {
   "type": "Feature",
   "geometry": {
    "type": "Point",
    "coordinates": [
     -71.2502646,
     -29.9371846
    ]
   },
   "properties": {
    "id": "ig-0260",
    "categoria": "dea",
    "nombre": "Santa Isabel",
    "tipo_recinto": "comercio",
    "referencia": "",
    "fuentes": [
     "comunidad:instagram"
    ],
    "verificacion": {
     "estado": "sin_verificar",
     "confirmaciones": 0,
     "reportes_ausencia": 0,
     "ultima_confirmacion": null
    }
   }
  },
  {
   "type": "Feature",
   "geometry": {
    "type": "Point",
    "coordinates": [
     -71.2390749,
     -29.9350986
    ]
   },
   "properties": {
    "id": "ig-0261",
    "categoria": "dea",
    "nombre": "Banco de Chile - Av Guillermo Ulriksen 2965",
    "tipo_recinto": "comercio",
    "referencia": "",
    "fuentes": [
     "comunidad:instagram"
    ],
    "verificacion": {
     "estado": "sin_verificar",
     "confirmaciones": 0,
     "reportes_ausencia": 0,
     "ultima_confirmacion": null
    }
   }
  },
  {
   "type": "Feature",
   "geometry": {
    "type": "Point",
    "coordinates": [
     -71.2458003,
     -29.9291771
    ]
   },
   "properties": {
    "id": "ig-0262",
    "categoria": "dea",
    "nombre": "Colegio San Joaquín",
    "tipo_recinto": "educacional",
    "referencia": "",
    "fuentes": [
     "comunidad:instagram"
    ],
    "verificacion": {
     "estado": "sin_verificar",
     "confirmaciones": 0,
     "reportes_ausencia": 0,
     "ultima_confirmacion": null
    }
   }
  },
  {
   "type": "Feature",
   "geometry": {
    "type": "Point",
    "coordinates": [
     -71.2563552,
     -29.9287273
    ]
   },
   "properties": {
    "id": "ig-0263",
    "categoria": "dea",
    "nombre": "Colegio Albert Einstein",
    "tipo_recinto": "educacional",
    "referencia": "",
    "fuentes": [
     "comunidad:instagram"
    ],
    "verificacion": {
     "estado": "sin_verificar",
     "confirmaciones": 0,
     "reportes_ausencia": 0,
     "ultima_confirmacion": null
    }
   }
  },
  {
   "type": "Feature",
   "geometry": {
    "type": "Point",
    "coordinates": [
     -71.2591485,
     -29.9281943
    ]
   },
   "properties": {
    "id": "ig-0264",
    "categoria": "dea",
    "nombre": "Santa Isabel",
    "tipo_recinto": "comercio",
    "referencia": "",
    "fuentes": [
     "comunidad:instagram"
    ],
    "verificacion": {
     "estado": "sin_verificar",
     "confirmaciones": 0,
     "reportes_ausencia": 0,
     "ultima_confirmacion": null
    }
   }
  },
  {
   "type": "Feature",
   "geometry": {
    "type": "Point",
    "coordinates": [
     -71.2587331,
     -29.9253038
    ]
   },
   "properties": {
    "id": "ig-0265",
    "categoria": "dea",
    "nombre": "Corona",
    "tipo_recinto": "comercio",
    "referencia": "",
    "fuentes": [
     "comunidad:instagram"
    ],
    "verificacion": {
     "estado": "sin_verificar",
     "confirmaciones": 0,
     "reportes_ausencia": 0,
     "ultima_confirmacion": null
    }
   }
  },
  {
   "type": "Feature",
   "geometry": {
    "type": "Point",
    "coordinates": [
     -71.2555012,
     -29.9235325
    ]
   },
   "properties": {
    "id": "ig-0266",
    "categoria": "dea",
    "nombre": "Colegio Andrés Bello Pampa",
    "tipo_recinto": "educacional",
    "referencia": "",
    "fuentes": [
     "comunidad:instagram"
    ],
    "verificacion": {
     "estado": "sin_verificar",
     "confirmaciones": 0,
     "reportes_ausencia": 0,
     "ultima_confirmacion": null
    }
   }
  },
  {
   "type": "Feature",
   "geometry": {
    "type": "Point",
    "coordinates": [
     -71.2718341,
     -29.9139118
    ]
   },
   "properties": {
    "id": "ig-0267",
    "categoria": "dea",
    "nombre": "Hotel y Departamentos La Serena - Centro Turístico Caja los Andes",
    "tipo_recinto": "hotel",
    "referencia": "",
    "fuentes": [
     "comunidad:instagram"
    ],
    "verificacion": {
     "estado": "sin_verificar",
     "confirmaciones": 0,
     "reportes_ausencia": 0,
     "ultima_confirmacion": null
    }
   }
  },
  {
   "type": "Feature",
   "geometry": {
    "type": "Point",
    "coordinates": [
     -71.259502,
     -29.916421
    ]
   },
   "properties": {
    "id": "ig-0268",
    "categoria": "dea",
    "nombre": "Easy La Serena",
    "tipo_recinto": "comercio",
    "referencia": "",
    "fuentes": [
     "comunidad:instagram"
    ],
    "verificacion": {
     "estado": "sin_verificar",
     "confirmaciones": 0,
     "reportes_ausencia": 0,
     "ultima_confirmacion": null
    }
   }
  },
  {
   "type": "Feature",
   "geometry": {
    "type": "Point",
    "coordinates": [
     -71.2583841,
     -29.915687
    ]
   },
   "properties": {
    "id": "ig-0269",
    "categoria": "dea",
    "nombre": "Jumbo",
    "tipo_recinto": "comercio",
    "referencia": "",
    "fuentes": [
     "comunidad:instagram"
    ],
    "verificacion": {
     "estado": "sin_verificar",
     "confirmaciones": 0,
     "reportes_ausencia": 0,
     "ultima_confirmacion": null
    }
   }
  },
  {
   "type": "Feature",
   "geometry": {
    "type": "Point",
    "coordinates": [
     -71.2580146,
     -29.9149409
    ]
   },
   "properties": {
    "id": "ig-0270",
    "categoria": "dea",
    "nombre": "Cinemark Mallplaza La Serena",
    "tipo_recinto": "cultura",
    "referencia": "",
    "fuentes": [
     "comunidad:instagram"
    ],
    "verificacion": {
     "estado": "sin_verificar",
     "confirmaciones": 0,
     "reportes_ausencia": 0,
     "ultima_confirmacion": null
    }
   }
  },
  {
   "type": "Feature",
   "geometry": {
    "type": "Point",
    "coordinates": [
     -71.2584094,
     -29.9125376
    ]
   },
   "properties": {
    "id": "ig-0271",
    "categoria": "dea",
    "nombre": "Mallplaza La Serena",
    "tipo_recinto": "comercio",
    "referencia": "",
    "fuentes": [
     "comunidad:instagram"
    ],
    "verificacion": {
     "estado": "sin_verificar",
     "confirmaciones": 0,
     "reportes_ausencia": 0,
     "ultima_confirmacion": null
    }
   }
  },
  {
   "type": "Feature",
   "geometry": {
    "type": "Point",
    "coordinates": [
     -71.2586426,
     -29.9126793
    ]
   },
   "properties": {
    "id": "ig-0272",
    "categoria": "dea",
    "nombre": "Banco de Chile",
    "tipo_recinto": "comercio",
    "referencia": "",
    "fuentes": [
     "comunidad:instagram"
    ],
    "verificacion": {
     "estado": "sin_verificar",
     "confirmaciones": 0,
     "reportes_ausencia": 0,
     "ultima_confirmacion": null
    }
   }
  },
  {
   "type": "Feature",
   "geometry": {
    "type": "Point",
    "coordinates": [
     -71.2570696,
     -29.9120986
    ]
   },
   "properties": {
    "id": "ig-0273",
    "categoria": "dea",
    "nombre": "IntegraMédica",
    "tipo_recinto": "salud",
    "referencia": "",
    "fuentes": [
     "comunidad:instagram"
    ],
    "verificacion": {
     "estado": "sin_verificar",
     "confirmaciones": 0,
     "reportes_ausencia": 0,
     "ultima_confirmacion": null
    }
   }
  },
  {
   "type": "Feature",
   "geometry": {
    "type": "Point",
    "coordinates": [
     -71.2551727,
     -29.9106101
    ]
   },
   "properties": {
    "id": "ig-0274",
    "categoria": "dea",
    "nombre": "Clinica Dental Cumbre La Serena",
    "tipo_recinto": "salud",
    "referencia": "",
    "fuentes": [
     "comunidad:instagram"
    ],
    "verificacion": {
     "estado": "sin_verificar",
     "confirmaciones": 0,
     "reportes_ausencia": 0,
     "ultima_confirmacion": null
    }
   }
  },
  {
   "type": "Feature",
   "geometry": {
    "type": "Point",
    "coordinates": [
     -71.2572262,
     -29.908667
    ]
   },
   "properties": {
    "id": "ig-0275",
    "categoria": "dea",
    "nombre": "Universidad Santo Tomás",
    "tipo_recinto": "educacional",
    "referencia": "",
    "fuentes": [
     "comunidad:instagram"
    ],
    "verificacion": {
     "estado": "sin_verificar",
     "confirmaciones": 0,
     "reportes_ausencia": 0,
     "ultima_confirmacion": null
    }
   }
  },
  {
   "type": "Feature",
   "geometry": {
    "type": "Point",
    "coordinates": [
     -71.2672484,
     -29.9062102
    ]
   },
   "properties": {
    "id": "ig-0276",
    "categoria": "dea",
    "nombre": "Inacap La Serena",
    "tipo_recinto": "educacional",
    "referencia": "",
    "fuentes": [
     "comunidad:instagram"
    ],
    "verificacion": {
     "estado": "sin_verificar",
     "confirmaciones": 0,
     "reportes_ausencia": 0,
     "ultima_confirmacion": null
    }
   }
  },
  {
   "type": "Feature",
   "geometry": {
    "type": "Point",
    "coordinates": [
     -71.2486512,
     -29.9101883
    ]
   },
   "properties": {
    "id": "ig-0277",
    "categoria": "dea",
    "nombre": "CALMED - Larrain Alcalde 1107",
    "tipo_recinto": "salud",
    "referencia": "",
    "fuentes": [
     "comunidad:instagram"
    ],
    "verificacion": {
     "estado": "sin_verificar",
     "confirmaciones": 0,
     "reportes_ausencia": 0,
     "ultima_confirmacion": null
    }
   }
  },
  {
   "type": "Feature",
   "geometry": {
    "type": "Point",
    "coordinates": [
     -71.257965,
     -29.9033203
    ]
   },
   "properties": {
    "id": "ig-0278",
    "categoria": "dea",
    "nombre": "Sodimac Homecenter La Serena",
    "tipo_recinto": "comercio",
    "referencia": "",
    "fuentes": [
     "comunidad:instagram"
    ],
    "verificacion": {
     "estado": "sin_verificar",
     "confirmaciones": 0,
     "reportes_ausencia": 0,
     "ultima_confirmacion": null
    }
   }
  },
  {
   "type": "Feature",
   "geometry": {
    "type": "Point",
    "coordinates": [
     -71.2426292,
     -29.9024753
    ]
   },
   "properties": {
    "id": "ig-0279",
    "categoria": "dea",
    "nombre": "Colegio Domingo Santa María",
    "tipo_recinto": "educacional",
    "referencia": "",
    "fuentes": [
     "comunidad:instagram"
    ],
    "verificacion": {
     "estado": "sin_verificar",
     "confirmaciones": 0,
     "reportes_ausencia": 0,
     "ultima_confirmacion": null
    }
   }
  },
  {
   "type": "Feature",
   "geometry": {
    "type": "Point",
    "coordinates": [
     -71.2410073,
     -29.9020301
    ]
   },
   "properties": {
    "id": "ig-0280",
    "categoria": "dea",
    "nombre": "Colegio Providencia de La Serena",
    "tipo_recinto": "educacional",
    "referencia": "",
    "fuentes": [
     "comunidad:instagram"
    ],
    "verificacion": {
     "estado": "sin_verificar",
     "confirmaciones": 0,
     "reportes_ausencia": 0,
     "ultima_confirmacion": null
    }
   }
  },
  {
   "type": "Feature",
   "geometry": {
    "type": "Point",
    "coordinates": [
     -71.2468665,
     -29.9048082
    ]
   },
   "properties": {
    "id": "ig-0281",
    "categoria": "dea",
    "nombre": "Colegio de la Providencia de los Sagrados Corazones - Vicuña 586",
    "tipo_recinto": "educacional",
    "referencia": "",
    "fuentes": [
     "comunidad:instagram"
    ],
    "verificacion": {
     "estado": "sin_verificar",
     "confirmaciones": 0,
     "reportes_ausencia": 0,
     "ultima_confirmacion": null
    }
   }
  },
  {
   "type": "Feature",
   "geometry": {
    "type": "Point",
    "coordinates": [
     -71.2476554,
     -29.9034522
    ]
   },
   "properties": {
    "id": "ig-0282",
    "categoria": "dea",
    "nombre": "Santa Isabel",
    "tipo_recinto": "comercio",
    "referencia": "",
    "fuentes": [
     "comunidad:instagram"
    ],
    "verificacion": {
     "estado": "sin_verificar",
     "confirmaciones": 0,
     "reportes_ausencia": 0,
     "ultima_confirmacion": null
    }
   }
  },
  {
   "type": "Feature",
   "geometry": {
    "type": "Point",
    "coordinates": [
     -71.2494195,
     -29.9045735
    ]
   },
   "properties": {
    "id": "ig-0283",
    "categoria": "dea",
    "nombre": "Colegio San Antonio",
    "tipo_recinto": "educacional",
    "referencia": "",
    "fuentes": [
     "comunidad:instagram"
    ],
    "verificacion": {
     "estado": "sin_verificar",
     "confirmaciones": 0,
     "reportes_ausencia": 0,
     "ultima_confirmacion": null
    }
   }
  },
  {
   "type": "Feature",
   "geometry": {
    "type": "Point",
    "coordinates": [
     -71.2489763,
     -29.9032724
    ]
   },
   "properties": {
    "id": "ig-0284",
    "categoria": "dea",
    "nombre": "Corona",
    "tipo_recinto": "comercio",
    "referencia": "",
    "fuentes": [
     "comunidad:instagram"
    ],
    "verificacion": {
     "estado": "sin_verificar",
     "confirmaciones": 0,
     "reportes_ausencia": 0,
     "ultima_confirmacion": null
    }
   }
  },
  {
   "type": "Feature",
   "geometry": {
    "type": "Point",
    "coordinates": [
     -71.2499909,
     -29.9028783
    ]
   },
   "properties": {
    "id": "ig-0285",
    "categoria": "dea",
    "nombre": "Banco de Chile - La Serena",
    "tipo_recinto": "comercio",
    "referencia": "",
    "fuentes": [
     "comunidad:instagram"
    ],
    "verificacion": {
     "estado": "sin_verificar",
     "confirmaciones": 0,
     "reportes_ausencia": 0,
     "ultima_confirmacion": null
    }
   }
  },
  {
   "type": "Feature",
   "geometry": {
    "type": "Point",
    "coordinates": [
     -71.2536926,
     -29.9032612
    ]
   },
   "properties": {
    "id": "ig-0286",
    "categoria": "dea",
    "nombre": "Hotel Francisco de Aguirre",
    "tipo_recinto": "hotel",
    "referencia": "",
    "fuentes": [
     "comunidad:instagram"
    ],
    "verificacion": {
     "estado": "sin_verificar",
     "confirmaciones": 0,
     "reportes_ausencia": 0,
     "ultima_confirmacion": null
    }
   }
  },
  {
   "type": "Feature",
   "geometry": {
    "type": "Point",
    "coordinates": [
     -71.2602389,
     -29.9015846
    ]
   },
   "properties": {
    "id": "ig-0287",
    "categoria": "dea",
    "nombre": "Universidad Santo Tomás, Sede Libertad",
    "tipo_recinto": "educacional",
    "referencia": "",
    "fuentes": [
     "comunidad:instagram"
    ],
    "verificacion": {
     "estado": "sin_verificar",
     "confirmaciones": 0,
     "reportes_ausencia": 0,
     "ultima_confirmacion": null
    }
   }
  },
  {
   "type": "Feature",
   "geometry": {
    "type": "Point",
    "coordinates": [
     -72.3433392,
     -38.2334521
    ]
   },
   "properties": {
    "id": "ig-0288",
    "categoria": "dea",
    "nombre": "SuperBodega aCuenta",
    "tipo_recinto": "comercio",
    "referencia": "",
    "fuentes": [
     "comunidad:instagram"
    ],
    "verificacion": {
     "estado": "sin_verificar",
     "confirmaciones": 0,
     "reportes_ausencia": 0,
     "ultima_confirmacion": null
    }
   }
  },
  {
   "type": "Feature",
   "geometry": {
    "type": "Point",
    "coordinates": [
     -72.3319786,
     -38.2345502
    ]
   },
   "properties": {
    "id": "ig-0289",
    "categoria": "dea",
    "nombre": "Banco de Chile",
    "tipo_recinto": "comercio",
    "referencia": "",
    "fuentes": [
     "comunidad:instagram"
    ],
    "verificacion": {
     "estado": "sin_verificar",
     "confirmaciones": 0,
     "reportes_ausencia": 0,
     "ultima_confirmacion": null
    }
   }
  },
  {
   "type": "Feature",
   "geometry": {
    "type": "Point",
    "coordinates": [
     -72.3370171,
     -38.2374047
    ]
   },
   "properties": {
    "id": "ig-0290",
    "categoria": "dea",
    "nombre": "Santa Isabel",
    "tipo_recinto": "comercio",
    "referencia": "",
    "fuentes": [
     "comunidad:instagram"
    ],
    "verificacion": {
     "estado": "sin_verificar",
     "confirmaciones": 0,
     "reportes_ausencia": 0,
     "ultima_confirmacion": null
    }
   }
  },
  {
   "type": "Feature",
   "geometry": {
    "type": "Point",
    "coordinates": [
     -72.3331422,
     -38.2371436
    ]
   },
   "properties": {
    "id": "ig-0291",
    "categoria": "dea",
    "nombre": "Estación Victoria",
    "tipo_recinto": "transporte",
    "referencia": "",
    "fuentes": [
     "comunidad:instagram"
    ],
    "verificacion": {
     "estado": "sin_verificar",
     "confirmaciones": 0,
     "reportes_ausencia": 0,
     "ultima_confirmacion": null
    }
   }
  },
  {
   "type": "Feature",
   "geometry": {
    "type": "Point",
    "coordinates": [
     -70.6728203,
     -33.5498853
    ]
   },
   "properties": {
    "id": "ig-0292",
    "categoria": "dea",
    "nombre": "Santa Isabel",
    "tipo_recinto": "comercio",
    "referencia": "",
    "fuentes": [
     "comunidad:instagram"
    ],
    "verificacion": {
     "estado": "sin_verificar",
     "confirmaciones": 0,
     "reportes_ausencia": 0,
     "ultima_confirmacion": null
    }
   }
  },
  {
   "type": "Feature",
   "geometry": {
    "type": "Point",
    "coordinates": [
     -70.675081,
     -33.5537144
    ]
   },
   "properties": {
    "id": "ig-0293",
    "categoria": "dea",
    "nombre": "Tottus",
    "tipo_recinto": "comercio",
    "referencia": "",
    "fuentes": [
     "comunidad:instagram"
    ],
    "verificacion": {
     "estado": "sin_verificar",
     "confirmaciones": 0,
     "reportes_ausencia": 0,
     "ultima_confirmacion": null
    }
   }
  },
  {
   "type": "Feature",
   "geometry": {
    "type": "Point",
    "coordinates": [
     -70.6656396,
     -33.5558951
    ]
   },
   "properties": {
    "id": "ig-0294",
    "categoria": "dea",
    "nombre": "Municipalidad de El Bosque",
    "tipo_recinto": "institucional",
    "referencia": "",
    "fuentes": [
     "comunidad:instagram"
    ],
    "verificacion": {
     "estado": "sin_verificar",
     "confirmaciones": 0,
     "reportes_ausencia": 0,
     "ultima_confirmacion": null
    }
   }
  },
  {
   "type": "Feature",
   "geometry": {
    "type": "Point",
    "coordinates": [
     -70.674442,
     -33.5568219
    ]
   },
   "properties": {
    "id": "ig-0295",
    "categoria": "dea",
    "nombre": "Complejo Educacional Stella Maris",
    "tipo_recinto": "educacional",
    "referencia": "",
    "fuentes": [
     "comunidad:instagram"
    ],
    "verificacion": {
     "estado": "sin_verificar",
     "confirmaciones": 0,
     "reportes_ausencia": 0,
     "ultima_confirmacion": null
    }
   }
  },
  {
   "type": "Feature",
   "geometry": {
    "type": "Point",
    "coordinates": [
     -70.6678009,
     -33.571846
    ]
   },
   "properties": {
    "id": "ig-0296",
    "categoria": "dea",
    "nombre": "Complejo Deportivo Carlos Abarca",
    "tipo_recinto": "deportivo",
    "referencia": "",
    "fuentes": [
     "comunidad:instagram"
    ],
    "verificacion": {
     "estado": "sin_verificar",
     "confirmaciones": 0,
     "reportes_ausencia": 0,
     "ultima_confirmacion": null
    }
   }
  },
  {
   "type": "Feature",
   "geometry": {
    "type": "Point",
    "coordinates": [
     -70.6743651,
     -33.5612491
    ]
   },
   "properties": {
    "id": "ig-0297",
    "categoria": "dea",
    "nombre": "CESFAM Cóndores de Chile",
    "tipo_recinto": "salud",
    "referencia": "",
    "fuentes": [
     "comunidad:instagram"
    ],
    "verificacion": {
     "estado": "sin_verificar",
     "confirmaciones": 0,
     "reportes_ausencia": 0,
     "ultima_confirmacion": null
    }
   }
  },
  {
   "type": "Feature",
   "geometry": {
    "type": "Point",
    "coordinates": [
     -70.6815987,
     -33.5799609
    ]
   },
   "properties": {
    "id": "ig-0298",
    "categoria": "dea",
    "nombre": "Piscina",
    "tipo_recinto": "deportivo",
    "referencia": "",
    "fuentes": [
     "comunidad:instagram"
    ],
    "verificacion": {
     "estado": "sin_verificar",
     "confirmaciones": 0,
     "reportes_ausencia": 0,
     "ultima_confirmacion": null
    }
   }
  },
  {
   "type": "Feature",
   "geometry": {
    "type": "Point",
    "coordinates": [
     -70.6914113,
     -33.5746138
    ]
   },
   "properties": {
    "id": "ig-0299",
    "categoria": "dea",
    "nombre": "Unimarc El Bosque",
    "tipo_recinto": "comercio",
    "referencia": "",
    "fuentes": [
     "comunidad:instagram"
    ],
    "verificacion": {
     "estado": "sin_verificar",
     "confirmaciones": 0,
     "reportes_ausencia": 0,
     "ultima_confirmacion": null
    }
   }
  },
  {
   "type": "Feature",
   "geometry": {
    "type": "Point",
    "coordinates": [
     -70.6955534,
     -33.4834157
    ]
   },
   "properties": {
    "id": "ig-0300",
    "categoria": "dea",
    "nombre": "Cerrillos",
    "tipo_recinto": "metro",
    "referencia": "",
    "fuentes": [
     "comunidad:instagram"
    ],
    "verificacion": {
     "estado": "sin_verificar",
     "confirmaciones": 0,
     "reportes_ausencia": 0,
     "ultima_confirmacion": null
    }
   }
  },
  {
   "type": "Feature",
   "geometry": {
    "type": "Point",
    "coordinates": [
     -70.7036364,
     -33.4916219
    ]
   },
   "properties": {
    "id": "ig-0301",
    "categoria": "dea",
    "nombre": "Banco de Chile",
    "tipo_recinto": "comercio",
    "referencia": "",
    "fuentes": [
     "comunidad:instagram"
    ],
    "verificacion": {
     "estado": "sin_verificar",
     "confirmaciones": 0,
     "reportes_ausencia": 0,
     "ultima_confirmacion": null
    }
   }
  },
  {
   "type": "Feature",
   "geometry": {
    "type": "Point",
    "coordinates": [
     -70.711906,
     -33.5007059
    ]
   },
   "properties": {
    "id": "ig-0302",
    "categoria": "dea",
    "nombre": "Colegio Particular Mater Dei",
    "tipo_recinto": "educacional",
    "referencia": "",
    "fuentes": [
     "comunidad:instagram"
    ],
    "verificacion": {
     "estado": "sin_verificar",
     "confirmaciones": 0,
     "reportes_ausencia": 0,
     "ultima_confirmacion": null
    }
   }
  },
  {
   "type": "Feature",
   "geometry": {
    "type": "Point",
    "coordinates": [
     -70.7181568,
     -33.5175157
    ]
   },
   "properties": {
    "id": "ig-0303",
    "categoria": "dea",
    "nombre": "Tottus",
    "tipo_recinto": "comercio",
    "referencia": "",
    "fuentes": [
     "comunidad:instagram"
    ],
    "verificacion": {
     "estado": "sin_verificar",
     "confirmaciones": 0,
     "reportes_ausencia": 0,
     "ultima_confirmacion": null
    }
   }
  },
  {
   "type": "Feature",
   "geometry": {
    "type": "Point",
    "coordinates": [
     -70.7181602,
     -33.5192349
    ]
   },
   "properties": {
    "id": "ig-0304",
    "categoria": "dea",
    "nombre": "Energy Mallplaza Oeste",
    "tipo_recinto": "deportivo",
    "referencia": "",
    "fuentes": [
     "comunidad:instagram"
    ],
    "verificacion": {
     "estado": "sin_verificar",
     "confirmaciones": 0,
     "reportes_ausencia": 0,
     "ultima_confirmacion": null
    }
   }
  },
  {
   "type": "Feature",
   "geometry": {
    "type": "Point",
    "coordinates": [
     -70.7328563,
     -33.5230791
    ]
   },
   "properties": {
    "id": "ig-0305",
    "categoria": "dea",
    "nombre": "Cinépolis Vivo Outlet Maipú",
    "tipo_recinto": "cultura",
    "referencia": "",
    "fuentes": [
     "comunidad:instagram"
    ],
    "verificacion": {
     "estado": "sin_verificar",
     "confirmaciones": 0,
     "reportes_ausencia": 0,
     "ultima_confirmacion": null
    }
   }
  },
  {
   "type": "Feature",
   "geometry": {
    "type": "Point",
    "coordinates": [
     -70.65118,
     -33.4888
    ]
   },
   "properties": {
    "id": "ig-0306",
    "categoria": "dea",
    "nombre": "San Miguel",
    "tipo_recinto": "metro",
    "referencia": "",
    "fuentes": [
     "comunidad:instagram"
    ],
    "verificacion": {
     "estado": "sin_verificar",
     "confirmaciones": 0,
     "reportes_ausencia": 0,
     "ultima_confirmacion": null
    }
   }
  },
  {
   "type": "Feature",
   "geometry": {
    "type": "Point",
    "coordinates": [
     -70.65311,
     -33.49727
    ]
   },
   "properties": {
    "id": "ig-0307",
    "categoria": "dea",
    "nombre": "Lo Vial",
    "tipo_recinto": "metro",
    "referencia": "",
    "fuentes": [
     "comunidad:instagram"
    ],
    "verificacion": {
     "estado": "sin_verificar",
     "confirmaciones": 0,
     "reportes_ausencia": 0,
     "ultima_confirmacion": null
    }
   }
  },
  {
   "type": "Feature",
   "geometry": {
    "type": "Point",
    "coordinates": [
     -70.65464,
     -33.5027779
    ]
   },
   "properties": {
    "id": "ig-0308",
    "categoria": "dea",
    "nombre": "Departamental",
    "tipo_recinto": "metro",
    "referencia": "",
    "fuentes": [
     "comunidad:instagram"
    ],
    "verificacion": {
     "estado": "sin_verificar",
     "confirmaciones": 0,
     "reportes_ausencia": 0,
     "ultima_confirmacion": null
    }
   }
  },
  {
   "type": "Feature",
   "geometry": {
    "type": "Point",
    "coordinates": [
     -70.656716,
     -33.5097547
    ]
   },
   "properties": {
    "id": "ig-0309",
    "categoria": "dea",
    "nombre": "Ciudad del Niño",
    "tipo_recinto": "metro",
    "referencia": "",
    "fuentes": [
     "comunidad:instagram"
    ],
    "verificacion": {
     "estado": "sin_verificar",
     "confirmaciones": 0,
     "reportes_ausencia": 0,
     "ultima_confirmacion": null
    }
   }
  },
  {
   "type": "Feature",
   "geometry": {
    "type": "Point",
    "coordinates": [
     -70.65871,
     -33.5172
    ]
   },
   "properties": {
    "id": "ig-0310",
    "categoria": "dea",
    "nombre": "Lo Ovalle",
    "tipo_recinto": "metro",
    "referencia": "",
    "fuentes": [
     "comunidad:instagram"
    ],
    "verificacion": {
     "estado": "sin_verificar",
     "confirmaciones": 0,
     "reportes_ausencia": 0,
     "ultima_confirmacion": null
    }
   }
  },
  {
   "type": "Feature",
   "geometry": {
    "type": "Point",
    "coordinates": [
     -70.6610065,
     -33.5264173
    ]
   },
   "properties": {
    "id": "ig-0311",
    "categoria": "dea",
    "nombre": "El Parrón",
    "tipo_recinto": "metro",
    "referencia": "",
    "fuentes": [
     "comunidad:instagram"
    ],
    "verificacion": {
     "estado": "sin_verificar",
     "confirmaciones": 0,
     "reportes_ausencia": 0,
     "ultima_confirmacion": null
    }
   }
  },
  {
   "type": "Feature",
   "geometry": {
    "type": "Point",
    "coordinates": [
     -70.6158507,
     -33.4992462
    ]
   },
   "properties": {
    "id": "ig-0312",
    "categoria": "dea",
    "nombre": "San Joaquín",
    "tipo_recinto": "metro",
    "referencia": "",
    "fuentes": [
     "comunidad:instagram"
    ],
    "verificacion": {
     "estado": "sin_verificar",
     "confirmaciones": 0,
     "reportes_ausencia": 0,
     "ultima_confirmacion": null
    }
   }
  },
  {
   "type": "Feature",
   "geometry": {
    "type": "Point",
    "coordinates": [
     -70.6175309,
     -33.4917505
    ]
   },
   "properties": {
    "id": "ig-0313",
    "categoria": "dea",
    "nombre": "Camino Agrícola",
    "tipo_recinto": "metro",
    "referencia": "",
    "fuentes": [
     "comunidad:instagram"
    ],
    "verificacion": {
     "estado": "sin_verificar",
     "confirmaciones": 0,
     "reportes_ausencia": 0,
     "ultima_confirmacion": null
    }
   }
  },
  {
   "type": "Feature",
   "geometry": {
    "type": "Point",
    "coordinates": [
     -70.6191756,
     -33.4864172
    ]
   },
   "properties": {
    "id": "ig-0314",
    "categoria": "dea",
    "nombre": "Carlos Valdovinos",
    "tipo_recinto": "metro",
    "referencia": "",
    "fuentes": [
     "comunidad:instagram"
    ],
    "verificacion": {
     "estado": "sin_verificar",
     "confirmaciones": 0,
     "reportes_ausencia": 0,
     "ultima_confirmacion": null
    }
   }
  },
  {
   "type": "Feature",
   "geometry": {
    "type": "Point",
    "coordinates": [
     -70.622314,
     -33.477516
    ]
   },
   "properties": {
    "id": "ig-0315",
    "categoria": "dea",
    "nombre": "Rodrigo de Araya",
    "tipo_recinto": "metro",
    "referencia": "",
    "fuentes": [
     "comunidad:instagram"
    ],
    "verificacion": {
     "estado": "sin_verificar",
     "confirmaciones": 0,
     "reportes_ausencia": 0,
     "ultima_confirmacion": null
    }
   }
  },
  {
   "type": "Feature",
   "geometry": {
    "type": "Point",
    "coordinates": [
     -70.62519,
     -33.46719
    ]
   },
   "properties": {
    "id": "ig-0316",
    "categoria": "dea",
    "nombre": "Ñuble",
    "tipo_recinto": "metro",
    "referencia": "",
    "fuentes": [
     "comunidad:instagram"
    ],
    "verificacion": {
     "estado": "sin_verificar",
     "confirmaciones": 0,
     "reportes_ausencia": 0,
     "ultima_confirmacion": null
    }
   }
  },
  {
   "type": "Feature",
   "geometry": {
    "type": "Point",
    "coordinates": [
     -70.6496287,
     -33.4762211
    ]
   },
   "properties": {
    "id": "ig-0317",
    "categoria": "dea",
    "nombre": "Franklin L2",
    "tipo_recinto": "metro",
    "referencia": "",
    "fuentes": [
     "comunidad:instagram"
    ],
    "verificacion": {
     "estado": "sin_verificar",
     "confirmaciones": 0,
     "reportes_ausencia": 0,
     "ultima_confirmacion": null
    }
   }
  },
  {
   "type": "Feature",
   "geometry": {
    "type": "Point",
    "coordinates": [
     -70.7453951,
     -33.4822141
    ]
   },
   "properties": {
    "id": "ig-0318",
    "categoria": "dea",
    "nombre": "Monte Tabor",
    "tipo_recinto": "metro",
    "referencia": "",
    "fuentes": [
     "comunidad:instagram"
    ],
    "verificacion": {
     "estado": "sin_verificar",
     "confirmaciones": 0,
     "reportes_ausencia": 0,
     "ultima_confirmacion": null
    }
   }
  },
  {
   "type": "Feature",
   "geometry": {
    "type": "Point",
    "coordinates": [
     -70.740043,
     -33.475394
    ]
   },
   "properties": {
    "id": "ig-0319",
    "categoria": "dea",
    "nombre": "Las Parcelas",
    "tipo_recinto": "metro",
    "referencia": "",
    "fuentes": [
     "comunidad:instagram"
    ],
    "verificacion": {
     "estado": "sin_verificar",
     "confirmaciones": 0,
     "reportes_ausencia": 0,
     "ultima_confirmacion": null
    }
   }
  },
  {
   "type": "Feature",
   "geometry": {
    "type": "Point",
    "coordinates": [
     -70.7159257,
     -33.4574192
    ]
   },
   "properties": {
    "id": "ig-0320",
    "categoria": "dea",
    "nombre": "Pajaritos",
    "tipo_recinto": "metro",
    "referencia": "",
    "fuentes": [
     "comunidad:instagram"
    ],
    "verificacion": {
     "estado": "sin_verificar",
     "confirmaciones": 0,
     "reportes_ausencia": 0,
     "ultima_confirmacion": null
    }
   }
  },
  {
   "type": "Feature",
   "geometry": {
    "type": "Point",
    "coordinates": [
     -70.7063254,
     -33.4574571
    ]
   },
   "properties": {
    "id": "ig-0321",
    "categoria": "dea",
    "nombre": "Las Rejas",
    "tipo_recinto": "metro",
    "referencia": "",
    "fuentes": [
     "comunidad:instagram"
    ],
    "verificacion": {
     "estado": "sin_verificar",
     "confirmaciones": 0,
     "reportes_ausencia": 0,
     "ultima_confirmacion": null
    }
   }
  },
  {
   "type": "Feature",
   "geometry": {
    "type": "Point",
    "coordinates": [
     -70.69967,
     -33.45605
    ]
   },
   "properties": {
    "id": "ig-0322",
    "categoria": "dea",
    "nombre": "Ecuador",
    "tipo_recinto": "metro",
    "referencia": "",
    "fuentes": [
     "comunidad:instagram"
    ],
    "verificacion": {
     "estado": "sin_verificar",
     "confirmaciones": 0,
     "reportes_ausencia": 0,
     "ultima_confirmacion": null
    }
   }
  },
  {
   "type": "Feature",
   "geometry": {
    "type": "Point",
    "coordinates": [
     -70.7037662,
     -33.3111889
    ]
   },
   "properties": {
    "id": "ig-0323",
    "categoria": "dea",
    "nombre": "Boart Longyear",
    "tipo_recinto": "sin_clasificar",
    "referencia": "",
    "fuentes": [
     "comunidad:instagram"
    ],
    "verificacion": {
     "estado": "sin_verificar",
     "confirmaciones": 0,
     "reportes_ausencia": 0,
     "ultima_confirmacion": null
    }
   }
  },
  {
   "type": "Feature",
   "geometry": {
    "type": "Point",
    "coordinates": [
     -70.6463002,
     -33.3214915
    ]
   },
   "properties": {
    "id": "ig-0324",
    "categoria": "dea",
    "nombre": "Jumbo",
    "tipo_recinto": "comercio",
    "referencia": "",
    "fuentes": [
     "comunidad:instagram"
    ],
    "verificacion": {
     "estado": "sin_verificar",
     "confirmaciones": 0,
     "reportes_ausencia": 0,
     "ultima_confirmacion": null
    }
   }
  },
  {
   "type": "Feature",
   "geometry": {
    "type": "Point",
    "coordinates": [
     -70.6667446,
     -33.3040208
    ]
   },
   "properties": {
    "id": "ig-0325",
    "categoria": "dea",
    "nombre": "Tottus",
    "tipo_recinto": "comercio",
    "referencia": "",
    "fuentes": [
     "comunidad:instagram"
    ],
    "verificacion": {
     "estado": "sin_verificar",
     "confirmaciones": 0,
     "reportes_ausencia": 0,
     "ultima_confirmacion": null
    }
   }
  },
  {
   "type": "Feature",
   "geometry": {
    "type": "Point",
    "coordinates": [
     -70.6527423,
     -33.2866907
    ]
   },
   "properties": {
    "id": "ig-0326",
    "categoria": "dea",
    "nombre": "Centro Médico - Clínica Alemana",
    "tipo_recinto": "salud",
    "referencia": "",
    "fuentes": [
     "comunidad:instagram"
    ],
    "verificacion": {
     "estado": "sin_verificar",
     "confirmaciones": 0,
     "reportes_ausencia": 0,
     "ultima_confirmacion": null
    }
   }
  },
  {
   "type": "Feature",
   "geometry": {
    "type": "Point",
    "coordinates": [
     -70.7000345,
     -33.2859788
    ]
   },
   "properties": {
    "id": "ig-0327",
    "categoria": "dea",
    "nombre": "Jumbo",
    "tipo_recinto": "comercio",
    "referencia": "",
    "fuentes": [
     "comunidad:instagram"
    ],
    "verificacion": {
     "estado": "sin_verificar",
     "confirmaciones": 0,
     "reportes_ausencia": 0,
     "ultima_confirmacion": null
    }
   }
  },
  {
   "type": "Feature",
   "geometry": {
    "type": "Point",
    "coordinates": [
     -70.6931034,
     -33.285866
    ]
   },
   "properties": {
    "id": "ig-0328",
    "categoria": "dea",
    "nombre": "Banco Edwards Citi",
    "tipo_recinto": "comercio",
    "referencia": "",
    "fuentes": [
     "comunidad:instagram"
    ],
    "verificacion": {
     "estado": "sin_verificar",
     "confirmaciones": 0,
     "reportes_ausencia": 0,
     "ultima_confirmacion": null
    }
   }
  },
  {
   "type": "Feature",
   "geometry": {
    "type": "Point",
    "coordinates": [
     -70.6279322,
     -33.2788966
    ]
   },
   "properties": {
    "id": "ig-0329",
    "categoria": "dea",
    "nombre": "Tottus",
    "tipo_recinto": "comercio",
    "referencia": "",
    "fuentes": [
     "comunidad:instagram"
    ],
    "verificacion": {
     "estado": "sin_verificar",
     "confirmaciones": 0,
     "reportes_ausencia": 0,
     "ultima_confirmacion": null
    }
   }
  },
  {
   "type": "Feature",
   "geometry": {
    "type": "Point",
    "coordinates": [
     -70.6277118,
     -33.2777132
    ]
   },
   "properties": {
    "id": "ig-0330",
    "categoria": "dea",
    "nombre": "Espacio Urbano La Laguna",
    "tipo_recinto": "comercio",
    "referencia": "",
    "fuentes": [
     "comunidad:instagram"
    ],
    "verificacion": {
     "estado": "sin_verificar",
     "confirmaciones": 0,
     "reportes_ausencia": 0,
     "ultima_confirmacion": null
    }
   }
  },
  {
   "type": "Feature",
   "geometry": {
    "type": "Point",
    "coordinates": [
     -70.627734,
     -33.277144
    ]
   },
   "properties": {
    "id": "ig-0331",
    "categoria": "dea",
    "nombre": "Banco de Chile Piedra Roja",
    "tipo_recinto": "comercio",
    "referencia": "",
    "fuentes": [
     "comunidad:instagram"
    ],
    "verificacion": {
     "estado": "sin_verificar",
     "confirmaciones": 0,
     "reportes_ausencia": 0,
     "ultima_confirmacion": null
    }
   }
  },
  {
   "type": "Feature",
   "geometry": {
    "type": "Point",
    "coordinates": [
     -70.6704623,
     -33.206165
    ]
   },
   "properties": {
    "id": "ig-0332",
    "categoria": "dea",
    "nombre": "Cesfam Colina",
    "tipo_recinto": "salud",
    "referencia": "",
    "fuentes": [
     "comunidad:instagram"
    ],
    "verificacion": {
     "estado": "sin_verificar",
     "confirmaciones": 0,
     "reportes_ausencia": 0,
     "ultima_confirmacion": null
    }
   }
  },
  {
   "type": "Feature",
   "geometry": {
    "type": "Point",
    "coordinates": [
     -70.6773974,
     -33.2069842
    ]
   },
   "properties": {
    "id": "ig-0333",
    "categoria": "dea",
    "nombre": "SAR Servicio de Urgencia de colina",
    "tipo_recinto": "salud",
    "referencia": "",
    "fuentes": [
     "comunidad:instagram"
    ],
    "verificacion": {
     "estado": "sin_verificar",
     "confirmaciones": 0,
     "reportes_ausencia": 0,
     "ultima_confirmacion": null
    }
   }
  },
  {
   "type": "Feature",
   "geometry": {
    "type": "Point",
    "coordinates": [
     -70.6535804,
     -33.1841278
    ]
   },
   "properties": {
    "id": "ig-0334",
    "categoria": "dea",
    "nombre": "Centro de Salud Familiar Esmeralda",
    "tipo_recinto": "salud",
    "referencia": "",
    "fuentes": [
     "comunidad:instagram"
    ],
    "verificacion": {
     "estado": "sin_verificar",
     "confirmaciones": 0,
     "reportes_ausencia": 0,
     "ultima_confirmacion": null
    }
   }
  },
  {
   "type": "Feature",
   "geometry": {
    "type": "Point",
    "coordinates": [
     -70.6532164,
     -33.1845179
    ]
   },
   "properties": {
    "id": "ig-0335",
    "categoria": "dea",
    "nombre": "SAPU Esmeralda",
    "tipo_recinto": "salud",
    "referencia": "",
    "fuentes": [
     "comunidad:instagram"
    ],
    "verificacion": {
     "estado": "sin_verificar",
     "confirmaciones": 0,
     "reportes_ausencia": 0,
     "ultima_confirmacion": null
    }
   }
  },
  {
   "type": "Feature",
   "geometry": {
    "type": "Point",
    "coordinates": [
     -72.9543753,
     -40.3351502
    ]
   },
   "properties": {
    "id": "ig-0336",
    "categoria": "dea",
    "nombre": "SuperBodega aCuenta",
    "tipo_recinto": "comercio",
    "referencia": "",
    "fuentes": [
     "comunidad:instagram"
    ],
    "verificacion": {
     "estado": "sin_verificar",
     "confirmaciones": 0,
     "reportes_ausencia": 0,
     "ultima_confirmacion": null
    }
   }
  },
  {
   "type": "Feature",
   "geometry": {
    "type": "Point",
    "coordinates": [
     -72.9509375,
     -40.3336238
    ]
   },
   "properties": {
    "id": "ig-0337",
    "categoria": "dea",
    "nombre": "Supermercado Hiper",
    "tipo_recinto": "comercio",
    "referencia": "",
    "fuentes": [
     "comunidad:instagram"
    ],
    "verificacion": {
     "estado": "sin_verificar",
     "confirmaciones": 0,
     "reportes_ausencia": 0,
     "ultima_confirmacion": null
    }
   }
  },
  {
   "type": "Feature",
   "geometry": {
    "type": "Point",
    "coordinates": [
     -72.95435,
     -40.33393
    ]
   },
   "properties": {
    "id": "ig-0338",
    "categoria": "dea",
    "nombre": "Unimarc",
    "tipo_recinto": "comercio",
    "referencia": "",
    "fuentes": [
     "comunidad:instagram"
    ],
    "verificacion": {
     "estado": "sin_verificar",
     "confirmaciones": 0,
     "reportes_ausencia": 0,
     "ultima_confirmacion": null
    }
   }
  },
  {
   "type": "Feature",
   "geometry": {
    "type": "Point",
    "coordinates": [
     -72.9573287,
     -40.3342866
    ]
   },
   "properties": {
    "id": "ig-0339",
    "categoria": "dea",
    "nombre": "Colegio Santa Cruz de Río Bueno",
    "tipo_recinto": "educacional",
    "referencia": "",
    "fuentes": [
     "comunidad:instagram"
    ],
    "verificacion": {
     "estado": "sin_verificar",
     "confirmaciones": 0,
     "reportes_ausencia": 0,
     "ultima_confirmacion": null
    }
   }
  },
  {
   "type": "Feature",
   "geometry": {
    "type": "Point",
    "coordinates": [
     -72.873607,
     -40.072314
    ]
   },
   "properties": {
    "id": "ig-0340",
    "categoria": "dea",
    "nombre": "Unimarc",
    "tipo_recinto": "comercio",
    "referencia": "",
    "fuentes": [
     "comunidad:instagram"
    ],
    "verificacion": {
     "estado": "sin_verificar",
     "confirmaciones": 0,
     "reportes_ausencia": 0,
     "ultima_confirmacion": null
    }
   }
  },
  {
   "type": "Feature",
   "geometry": {
    "type": "Point",
    "coordinates": [
     -73.4102745,
     -40.316422
    ]
   },
   "properties": {
    "id": "ig-0341",
    "categoria": "dea",
    "nombre": "Posta LLancacura",
    "tipo_recinto": "salud",
    "referencia": "",
    "fuentes": [
     "comunidad:instagram"
    ],
    "verificacion": {
     "estado": "sin_verificar",
     "confirmaciones": 0,
     "reportes_ausencia": 0,
     "ultima_confirmacion": null
    }
   }
  },
  {
   "type": "Feature",
   "geometry": {
    "type": "Point",
    "coordinates": [
     -73.208613,
     -39.80453
    ]
   },
   "properties": {
    "id": "ig-0342",
    "categoria": "dea",
    "nombre": "CECOSF Collico",
    "tipo_recinto": "salud",
    "referencia": "",
    "fuentes": [
     "comunidad:instagram"
    ],
    "verificacion": {
     "estado": "sin_verificar",
     "confirmaciones": 0,
     "reportes_ausencia": 0,
     "ultima_confirmacion": null
    }
   }
  },
  {
   "type": "Feature",
   "geometry": {
    "type": "Point",
    "coordinates": [
     -73.214806,
     -39.805225
    ]
   },
   "properties": {
    "id": "ig-0343",
    "categoria": "dea",
    "nombre": "INACAP",
    "tipo_recinto": "educacional",
    "referencia": "",
    "fuentes": [
     "comunidad:instagram"
    ],
    "verificacion": {
     "estado": "sin_verificar",
     "confirmaciones": 0,
     "reportes_ausencia": 0,
     "ultima_confirmacion": null
    }
   }
  },
  {
   "type": "Feature",
   "geometry": {
    "type": "Point",
    "coordinates": [
     -73.218448,
     -39.803641
    ]
   },
   "properties": {
    "id": "ig-0344",
    "categoria": "dea",
    "nombre": "Masters College Valdivia",
    "tipo_recinto": "educacional",
    "referencia": "",
    "fuentes": [
     "comunidad:instagram"
    ],
    "verificacion": {
     "estado": "sin_verificar",
     "confirmaciones": 0,
     "reportes_ausencia": 0,
     "ultima_confirmacion": null
    }
   }
  },
  {
   "type": "Feature",
   "geometry": {
    "type": "Point",
    "coordinates": [
     -73.22205,
     -39.813012
    ]
   },
   "properties": {
    "id": "ig-0345",
    "categoria": "dea",
    "nombre": "Unimarc",
    "tipo_recinto": "comercio",
    "referencia": "",
    "fuentes": [
     "comunidad:instagram"
    ],
    "verificacion": {
     "estado": "sin_verificar",
     "confirmaciones": 0,
     "reportes_ausencia": 0,
     "ultima_confirmacion": null
    }
   }
  },
  {
   "type": "Feature",
   "geometry": {
    "type": "Point",
    "coordinates": [
     -73.23251,
     -39.81074
    ]
   },
   "properties": {
    "id": "ig-0346",
    "categoria": "dea",
    "nombre": "HOTEL Turismo \"Villa del Río\"",
    "tipo_recinto": "hotel",
    "referencia": "",
    "fuentes": [
     "comunidad:instagram"
    ],
    "verificacion": {
     "estado": "sin_verificar",
     "confirmaciones": 0,
     "reportes_ausencia": 0,
     "ultima_confirmacion": null
    }
   }
  },
  {
   "type": "Feature",
   "geometry": {
    "type": "Point",
    "coordinates": [
     -73.234704,
     -39.808838
    ]
   },
   "properties": {
    "id": "ig-0347",
    "categoria": "dea",
    "nombre": "Clínica Costanera Valdivia",
    "tipo_recinto": "salud",
    "referencia": "",
    "fuentes": [
     "comunidad:instagram"
    ],
    "verificacion": {
     "estado": "sin_verificar",
     "confirmaciones": 0,
     "reportes_ausencia": 0,
     "ultima_confirmacion": null
    }
   }
  },
  {
   "type": "Feature",
   "geometry": {
    "type": "Point",
    "coordinates": [
     -73.24634,
     -39.806868
    ]
   },
   "properties": {
    "id": "ig-0348",
    "categoria": "dea",
    "nombre": "Facultad de Filosofía y Humanidades, UACh",
    "tipo_recinto": "educacional",
    "referencia": "",
    "fuentes": [
     "comunidad:instagram"
    ],
    "verificacion": {
     "estado": "sin_verificar",
     "confirmaciones": 0,
     "reportes_ausencia": 0,
     "ultima_confirmacion": null
    }
   }
  },
  {
   "type": "Feature",
   "geometry": {
    "type": "Point",
    "coordinates": [
     -73.255394,
     -39.805727
    ]
   },
   "properties": {
    "id": "ig-0349",
    "categoria": "dea",
    "nombre": "Parque Saval",
    "tipo_recinto": "cultura",
    "referencia": "",
    "fuentes": [
     "comunidad:instagram"
    ],
    "verificacion": {
     "estado": "sin_verificar",
     "confirmaciones": 0,
     "reportes_ausencia": 0,
     "ultima_confirmacion": null
    }
   }
  },
  {
   "type": "Feature",
   "geometry": {
    "type": "Point",
    "coordinates": [
     -73.252062,
     -39.807377
    ]
   },
   "properties": {
    "id": "ig-0350",
    "categoria": "dea",
    "nombre": "Edificio Nahmías, UACh",
    "tipo_recinto": "educacional",
    "referencia": "",
    "fuentes": [
     "comunidad:instagram"
    ],
    "verificacion": {
     "estado": "sin_verificar",
     "confirmaciones": 0,
     "reportes_ausencia": 0,
     "ultima_confirmacion": null
    }
   }
  },
  {
   "type": "Feature",
   "geometry": {
    "type": "Point",
    "coordinates": [
     -73.252917,
     -39.809425
    ]
   },
   "properties": {
    "id": "ig-0351",
    "categoria": "dea",
    "nombre": "Ex Hotel Isla Teja",
    "tipo_recinto": "hotel",
    "referencia": "",
    "fuentes": [
     "comunidad:instagram"
    ],
    "verificacion": {
     "estado": "sin_verificar",
     "confirmaciones": 0,
     "reportes_ausencia": 0,
     "ultima_confirmacion": null
    }
   }
  },
  {
   "type": "Feature",
   "geometry": {
    "type": "Point",
    "coordinates": [
     -73.250491,
     -39.811562
    ]
   },
   "properties": {
    "id": "ig-0352",
    "categoria": "dea",
    "nombre": "Casas y Parque Prochelle",
    "tipo_recinto": "hotel",
    "referencia": "",
    "fuentes": [
     "comunidad:instagram"
    ],
    "verificacion": {
     "estado": "sin_verificar",
     "confirmaciones": 0,
     "reportes_ausencia": 0,
     "ultima_confirmacion": null
    }
   }
  },
  {
   "type": "Feature",
   "geometry": {
    "type": "Point",
    "coordinates": [
     -73.25178,
     -39.810892
    ]
   },
   "properties": {
    "id": "ig-0353",
    "categoria": "dea",
    "nombre": "Banco de Chile",
    "tipo_recinto": "comercio",
    "referencia": "",
    "fuentes": [
     "comunidad:instagram"
    ],
    "verificacion": {
     "estado": "sin_verificar",
     "confirmaciones": 0,
     "reportes_ausencia": 0,
     "ultima_confirmacion": null
    }
   }
  },
  {
   "type": "Feature",
   "geometry": {
    "type": "Point",
    "coordinates": [
     -73.252221,
     -39.811408
    ]
   },
   "properties": {
    "id": "ig-0354",
    "categoria": "dea",
    "nombre": "Centro de Salud Universitario (CESU) UACh",
    "tipo_recinto": "salud",
    "referencia": "",
    "fuentes": [
     "comunidad:instagram"
    ],
    "verificacion": {
     "estado": "sin_verificar",
     "confirmaciones": 0,
     "reportes_ausencia": 0,
     "ultima_confirmacion": null
    }
   }
  },
  {
   "type": "Feature",
   "geometry": {
    "type": "Point",
    "coordinates": [
     -73.253252,
     -39.812065
    ]
   },
   "properties": {
    "id": "ig-0355",
    "categoria": "dea",
    "nombre": "Instituto Alemán “Carlos Anwandter” de Valdivia",
    "tipo_recinto": "educacional",
    "referencia": "",
    "fuentes": [
     "comunidad:instagram"
    ],
    "verificacion": {
     "estado": "sin_verificar",
     "confirmaciones": 0,
     "reportes_ausencia": 0,
     "ultima_confirmacion": null
    }
   }
  },
  {
   "type": "Feature",
   "geometry": {
    "type": "Point",
    "coordinates": [
     -73.261114,
     -39.815245
    ]
   },
   "properties": {
    "id": "ig-0356",
    "categoria": "dea",
    "nombre": "Hotel Puerta del Sur",
    "tipo_recinto": "hotel",
    "referencia": "",
    "fuentes": [
     "comunidad:instagram"
    ],
    "verificacion": {
     "estado": "sin_verificar",
     "confirmaciones": 0,
     "reportes_ausencia": 0,
     "ultima_confirmacion": null
    }
   }
  },
  {
   "type": "Feature",
   "geometry": {
    "type": "Point",
    "coordinates": [
     -73.255518,
     -39.801265
    ]
   },
   "properties": {
    "id": "ig-0357",
    "categoria": "dea",
    "nombre": "Hospital Clínico Veterinario UACh",
    "tipo_recinto": "educacional",
    "referencia": "",
    "fuentes": [
     "comunidad:instagram"
    ],
    "verificacion": {
     "estado": "sin_verificar",
     "confirmaciones": 0,
     "reportes_ausencia": 0,
     "ultima_confirmacion": null
    }
   }
  },
  {
   "type": "Feature",
   "geometry": {
    "type": "Point",
    "coordinates": [
     -73.2467,
     -39.811456
    ]
   },
   "properties": {
    "id": "ig-0358",
    "categoria": "dea",
    "nombre": "Hotel Dreams Pedro de Valdivia",
    "tipo_recinto": "hotel",
    "referencia": "",
    "fuentes": [
     "comunidad:instagram"
    ],
    "verificacion": {
     "estado": "sin_verificar",
     "confirmaciones": 0,
     "reportes_ausencia": 0,
     "ultima_confirmacion": null
    }
   }
  },
  {
   "type": "Feature",
   "geometry": {
    "type": "Point",
    "coordinates": [
     -73.243892,
     -39.811951
    ]
   },
   "properties": {
    "id": "ig-0359",
    "categoria": "dea",
    "nombre": "Centro Médico del Trabajador - CMT Valdivia",
    "tipo_recinto": "salud",
    "referencia": "",
    "fuentes": [
     "comunidad:instagram"
    ],
    "verificacion": {
     "estado": "sin_verificar",
     "confirmaciones": 0,
     "reportes_ausencia": 0,
     "ultima_confirmacion": null
    }
   }
  },
  {
   "type": "Feature",
   "geometry": {
    "type": "Point",
    "coordinates": [
     -73.245811,
     -39.812611
    ]
   },
   "properties": {
    "id": "ig-0360",
    "categoria": "dea",
    "nombre": "Gobierno Regional Edificio Cervantes",
    "tipo_recinto": "institucional",
    "referencia": "O'Higgins 380",
    "fuentes": [
     "comunidad:instagram"
    ],
    "verificacion": {
     "estado": "sin_verificar",
     "confirmaciones": 0,
     "reportes_ausencia": 0,
     "ultima_confirmacion": null
    }
   }
  },
  {
   "type": "Feature",
   "geometry": {
    "type": "Point",
    "coordinates": [
     -73.247049,
     -39.812772
    ]
   },
   "properties": {
    "id": "ig-0361",
    "categoria": "dea",
    "nombre": "Teatro Municipal Lord Cochrane",
    "tipo_recinto": "cultura",
    "referencia": "",
    "fuentes": [
     "comunidad:instagram"
    ],
    "verificacion": {
     "estado": "sin_verificar",
     "confirmaciones": 0,
     "reportes_ausencia": 0,
     "ultima_confirmacion": null
    }
   }
  },
  {
   "type": "Feature",
   "geometry": {
    "type": "Point",
    "coordinates": [
     -73.247388,
     -39.813127
    ]
   },
   "properties": {
    "id": "ig-0362",
    "categoria": "dea",
    "nombre": "Unimarc",
    "tipo_recinto": "comercio",
    "referencia": "",
    "fuentes": [
     "comunidad:instagram"
    ],
    "verificacion": {
     "estado": "sin_verificar",
     "confirmaciones": 0,
     "reportes_ausencia": 0,
     "ultima_confirmacion": null
    }
   }
  },
  {
   "type": "Feature",
   "geometry": {
    "type": "Point",
    "coordinates": [
     -73.24506,
     -39.813953
    ]
   },
   "properties": {
    "id": "ig-0363",
    "categoria": "dea",
    "nombre": "Corona",
    "tipo_recinto": "comercio",
    "referencia": "",
    "fuentes": [
     "comunidad:instagram"
    ],
    "verificacion": {
     "estado": "sin_verificar",
     "confirmaciones": 0,
     "reportes_ausencia": 0,
     "ultima_confirmacion": null
    }
   }
  },
  {
   "type": "Feature",
   "geometry": {
    "type": "Point",
    "coordinates": [
     -73.246337,
     -39.81423
    ]
   },
   "properties": {
    "id": "ig-0364",
    "categoria": "dea",
    "nombre": "Intendencia Regional de Los Ríos",
    "tipo_recinto": "institucional",
    "referencia": "",
    "fuentes": [
     "comunidad:instagram"
    ],
    "verificacion": {
     "estado": "sin_verificar",
     "confirmaciones": 0,
     "reportes_ausencia": 0,
     "ultima_confirmacion": null
    }
   }
  },
  {
   "type": "Feature",
   "geometry": {
    "type": "Point",
    "coordinates": [
     -73.245494,
     -39.81364
    ]
   },
   "properties": {
    "id": "ig-0365",
    "categoria": "dea",
    "nombre": "Banco de Chile - Valdivia",
    "tipo_recinto": "comercio",
    "referencia": "",
    "fuentes": [
     "comunidad:instagram"
    ],
    "verificacion": {
     "estado": "sin_verificar",
     "confirmaciones": 0,
     "reportes_ausencia": 0,
     "ultima_confirmacion": null
    }
   }
  },
  {
   "type": "Feature",
   "geometry": {
    "type": "Point",
    "coordinates": [
     -73.245366,
     -39.813746
    ]
   },
   "properties": {
    "id": "ig-0366",
    "categoria": "dea",
    "nombre": "CENTRONUEVO Taboada",
    "tipo_recinto": "sin_clasificar",
    "referencia": "",
    "fuentes": [
     "comunidad:instagram"
    ],
    "verificacion": {
     "estado": "sin_verificar",
     "confirmaciones": 0,
     "reportes_ausencia": 0,
     "ultima_confirmacion": null
    }
   }
  },
  {
   "type": "Feature",
   "geometry": {
    "type": "Point",
    "coordinates": [
     -73.24369,
     -39.814151
    ]
   },
   "properties": {
    "id": "ig-0367",
    "categoria": "dea",
    "nombre": "Mall Paseo Valdivia",
    "tipo_recinto": "comercio",
    "referencia": "",
    "fuentes": [
     "comunidad:instagram"
    ],
    "verificacion": {
     "estado": "sin_verificar",
     "confirmaciones": 0,
     "reportes_ausencia": 0,
     "ultima_confirmacion": null
    }
   }
  },
  {
   "type": "Feature",
   "geometry": {
    "type": "Point",
    "coordinates": [
     -73.241836,
     -39.813673
    ]
   },
   "properties": {
    "id": "ig-0368",
    "categoria": "dea",
    "nombre": "Santa Isabel",
    "tipo_recinto": "comercio",
    "referencia": "",
    "fuentes": [
     "comunidad:instagram"
    ],
    "verificacion": {
     "estado": "sin_verificar",
     "confirmaciones": 0,
     "reportes_ausencia": 0,
     "ultima_confirmacion": null
    }
   }
  },
  {
   "type": "Feature",
   "geometry": {
    "type": "Point",
    "coordinates": [
     -73.242419,
     -39.815625
    ]
   },
   "properties": {
    "id": "ig-0369",
    "categoria": "dea",
    "nombre": "Liceo Rector Armando Robles Rivera",
    "tipo_recinto": "educacional",
    "referencia": "",
    "fuentes": [
     "comunidad:instagram"
    ],
    "verificacion": {
     "estado": "sin_verificar",
     "confirmaciones": 0,
     "reportes_ausencia": 0,
     "ultima_confirmacion": null
    }
   }
  },
  {
   "type": "Feature",
   "geometry": {
    "type": "Point",
    "coordinates": [
     -73.236859,
     -39.813357
    ]
   },
   "properties": {
    "id": "ig-0370",
    "categoria": "dea",
    "nombre": "Clínica Costanera Valdivia",
    "tipo_recinto": "salud",
    "referencia": "",
    "fuentes": [
     "comunidad:instagram"
    ],
    "verificacion": {
     "estado": "sin_verificar",
     "confirmaciones": 0,
     "reportes_ausencia": 0,
     "ultima_confirmacion": null
    }
   }
  },
  {
   "type": "Feature",
   "geometry": {
    "type": "Point",
    "coordinates": [
     -73.235402,
     -39.815288
    ]
   },
   "properties": {
    "id": "ig-0371",
    "categoria": "dea",
    "nombre": "Terminal de Buses Valdivia",
    "tipo_recinto": "transporte",
    "referencia": "",
    "fuentes": [
     "comunidad:instagram"
    ],
    "verificacion": {
     "estado": "sin_verificar",
     "confirmaciones": 0,
     "reportes_ausencia": 0,
     "ultima_confirmacion": null
    }
   }
  },
  {
   "type": "Feature",
   "geometry": {
    "type": "Point",
    "coordinates": [
     -73.232838,
     -39.816164
    ]
   },
   "properties": {
    "id": "ig-0372",
    "categoria": "dea",
    "nombre": "Hotel Costanera - Caja Los Andes",
    "tipo_recinto": "hotel",
    "referencia": "",
    "fuentes": [
     "comunidad:instagram"
    ],
    "verificacion": {
     "estado": "sin_verificar",
     "confirmaciones": 0,
     "reportes_ausencia": 0,
     "ultima_confirmacion": null
    }
   }
  },
  {
   "type": "Feature",
   "geometry": {
    "type": "Point",
    "coordinates": [
     -73.232509,
     -39.817505
    ]
   },
   "properties": {
    "id": "ig-0373",
    "categoria": "dea",
    "nombre": "Escuela México",
    "tipo_recinto": "educacional",
    "referencia": "",
    "fuentes": [
     "comunidad:instagram"
    ],
    "verificacion": {
     "estado": "sin_verificar",
     "confirmaciones": 0,
     "reportes_ausencia": 0,
     "ultima_confirmacion": null
    }
   }
  },
  {
   "type": "Feature",
   "geometry": {
    "type": "Point",
    "coordinates": [
     -73.236107,
     -39.817539
    ]
   },
   "properties": {
    "id": "ig-0374",
    "categoria": "dea",
    "nombre": "Escuela España",
    "tipo_recinto": "educacional",
    "referencia": "",
    "fuentes": [
     "comunidad:instagram"
    ],
    "verificacion": {
     "estado": "sin_verificar",
     "confirmaciones": 0,
     "reportes_ausencia": 0,
     "ultima_confirmacion": null
    }
   }
  },
  {
   "type": "Feature",
   "geometry": {
    "type": "Point",
    "coordinates": [
     -73.233941,
     -39.818653
    ]
   },
   "properties": {
    "id": "ig-0375",
    "categoria": "dea",
    "nombre": "Portal Valdivia",
    "tipo_recinto": "comercio",
    "referencia": "",
    "fuentes": [
     "comunidad:instagram"
    ],
    "verificacion": {
     "estado": "sin_verificar",
     "confirmaciones": 0,
     "reportes_ausencia": 0,
     "ultima_confirmacion": null
    }
   }
  },
  {
   "type": "Feature",
   "geometry": {
    "type": "Point",
    "coordinates": [
     -73.232216,
     -39.819878
    ]
   },
   "properties": {
    "id": "ig-0376",
    "categoria": "dea",
    "nombre": "Coliseo Municipal Antonio Azurmendy Riveros",
    "tipo_recinto": "deportivo",
    "referencia": "",
    "fuentes": [
     "comunidad:instagram"
    ],
    "verificacion": {
     "estado": "sin_verificar",
     "confirmaciones": 0,
     "reportes_ausencia": 0,
     "ultima_confirmacion": null
    }
   }
  },
  {
   "type": "Feature",
   "geometry": {
    "type": "Point",
    "coordinates": [
     -73.241312,
     -39.816482
    ]
   },
   "properties": {
    "id": "ig-0377",
    "categoria": "dea",
    "nombre": "Unimarc",
    "tipo_recinto": "comercio",
    "referencia": "",
    "fuentes": [
     "comunidad:instagram"
    ],
    "verificacion": {
     "estado": "sin_verificar",
     "confirmaciones": 0,
     "reportes_ausencia": 0,
     "ultima_confirmacion": null
    }
   }
  },
  {
   "type": "Feature",
   "geometry": {
    "type": "Point",
    "coordinates": [
     -73.241854,
     -39.816093
    ]
   },
   "properties": {
    "id": "ig-0378",
    "categoria": "dea",
    "nombre": "Ripley",
    "tipo_recinto": "comercio",
    "referencia": "",
    "fuentes": [
     "comunidad:instagram"
    ],
    "verificacion": {
     "estado": "sin_verificar",
     "confirmaciones": 0,
     "reportes_ausencia": 0,
     "ultima_confirmacion": null
    }
   }
  },
  {
   "type": "Feature",
   "geometry": {
    "type": "Point",
    "coordinates": [
     -73.242881,
     -39.816758
    ]
   },
   "properties": {
    "id": "ig-0379",
    "categoria": "dea",
    "nombre": "Cineplanet Valdivia",
    "tipo_recinto": "cultura",
    "referencia": "",
    "fuentes": [
     "comunidad:instagram"
    ],
    "verificacion": {
     "estado": "sin_verificar",
     "confirmaciones": 0,
     "reportes_ausencia": 0,
     "ultima_confirmacion": null
    }
   }
  },
  {
   "type": "Feature",
   "geometry": {
    "type": "Point",
    "coordinates": [
     -73.242429,
     -39.816244
    ]
   },
   "properties": {
    "id": "ig-0380",
    "categoria": "dea",
    "nombre": "Centro Oftalmológico Láser",
    "tipo_recinto": "salud",
    "referencia": "",
    "fuentes": [
     "comunidad:instagram"
    ],
    "verificacion": {
     "estado": "sin_verificar",
     "confirmaciones": 0,
     "reportes_ausencia": 0,
     "ultima_confirmacion": null
    }
   }
  },
  {
   "type": "Feature",
   "geometry": {
    "type": "Point",
    "coordinates": [
     -73.241641,
     -39.817776
    ]
   },
   "properties": {
    "id": "ig-0381",
    "categoria": "dea",
    "nombre": "Clínica Ramis | Medicina, Odontología, Estética",
    "tipo_recinto": "salud",
    "referencia": "",
    "fuentes": [
     "comunidad:instagram"
    ],
    "verificacion": {
     "estado": "sin_verificar",
     "confirmaciones": 0,
     "reportes_ausencia": 0,
     "ultima_confirmacion": null
    }
   }
  },
  {
   "type": "Feature",
   "geometry": {
    "type": "Point",
    "coordinates": [
     -73.137621,
     -39.977104
    ]
   },
   "properties": {
    "id": "ig-0382",
    "categoria": "dea",
    "nombre": "Posta Morrompulli",
    "tipo_recinto": "salud",
    "referencia": "",
    "fuentes": [
     "comunidad:instagram"
    ],
    "verificacion": {
     "estado": "sin_verificar",
     "confirmaciones": 0,
     "reportes_ausencia": 0,
     "ultima_confirmacion": null
    }
   }
  },
  {
   "type": "Feature",
   "geometry": {
    "type": "Point",
    "coordinates": [
     -73.231224,
     -39.850026
    ]
   },
   "properties": {
    "id": "ig-0383",
    "categoria": "dea",
    "nombre": "SuperBodega aCuenta",
    "tipo_recinto": "comercio",
    "referencia": "",
    "fuentes": [
     "comunidad:instagram"
    ],
    "verificacion": {
     "estado": "sin_verificar",
     "confirmaciones": 0,
     "reportes_ausencia": 0,
     "ultima_confirmacion": null
    }
   }
  },
  {
   "type": "Feature",
   "geometry": {
    "type": "Point",
    "coordinates": [
     -73.244783,
     -39.817485
    ]
   },
   "properties": {
    "id": "ig-0384",
    "categoria": "dea",
    "nombre": "Supermercado Eltit",
    "tipo_recinto": "comercio",
    "referencia": "",
    "fuentes": [
     "comunidad:instagram"
    ],
    "verificacion": {
     "estado": "sin_verificar",
     "confirmaciones": 0,
     "reportes_ausencia": 0,
     "ultima_confirmacion": null
    }
   }
  },
  {
   "type": "Feature",
   "geometry": {
    "type": "Point",
    "coordinates": [
     -73.246981,
     -39.817528
    ]
   },
   "properties": {
    "id": "ig-0385",
    "categoria": "dea",
    "nombre": "Instituto Comercial de Valdivia",
    "tipo_recinto": "educacional",
    "referencia": "",
    "fuentes": [
     "comunidad:instagram"
    ],
    "verificacion": {
     "estado": "sin_verificar",
     "confirmaciones": 0,
     "reportes_ausencia": 0,
     "ultima_confirmacion": null
    }
   }
  },
  {
   "type": "Feature",
   "geometry": {
    "type": "Point",
    "coordinates": [
     -73.246179,
     -39.81818
    ]
   },
   "properties": {
    "id": "ig-0386",
    "categoria": "dea",
    "nombre": "Instituto Inmaculada Concepcion",
    "tipo_recinto": "educacional",
    "referencia": "",
    "fuentes": [
     "comunidad:instagram"
    ],
    "verificacion": {
     "estado": "sin_verificar",
     "confirmaciones": 0,
     "reportes_ausencia": 0,
     "ultima_confirmacion": null
    }
   }
  },
  {
   "type": "Feature",
   "geometry": {
    "type": "Point",
    "coordinates": [
     -73.246455,
     -39.819072
    ]
   },
   "properties": {
    "id": "ig-0387",
    "categoria": "dea",
    "nombre": "Colegio Particular Gracia y Paz",
    "tipo_recinto": "educacional",
    "referencia": "",
    "fuentes": [
     "comunidad:instagram"
    ],
    "verificacion": {
     "estado": "sin_verificar",
     "confirmaciones": 0,
     "reportes_ausencia": 0,
     "ultima_confirmacion": null
    }
   }
  },
  {
   "type": "Feature",
   "geometry": {
    "type": "Point",
    "coordinates": [
     -73.244635,
     -39.819722
    ]
   },
   "properties": {
    "id": "ig-0388",
    "categoria": "dea",
    "nombre": "Centro Comunitario de Salud Familiar Barrios Bajos",
    "tipo_recinto": "salud",
    "referencia": "",
    "fuentes": [
     "comunidad:instagram"
    ],
    "verificacion": {
     "estado": "sin_verificar",
     "confirmaciones": 0,
     "reportes_ausencia": 0,
     "ultima_confirmacion": null
    }
   }
  },
  {
   "type": "Feature",
   "geometry": {
    "type": "Point",
    "coordinates": [
     -73.248692,
     -39.820009
    ]
   },
   "properties": {
    "id": "ig-0389",
    "categoria": "dea",
    "nombre": "Instituto Cristiano Gracia y Paz",
    "tipo_recinto": "educacional",
    "referencia": "",
    "fuentes": [
     "comunidad:instagram"
    ],
    "verificacion": {
     "estado": "sin_verificar",
     "confirmaciones": 0,
     "reportes_ausencia": 0,
     "ultima_confirmacion": null
    }
   }
  },
  {
   "type": "Feature",
   "geometry": {
    "type": "Point",
    "coordinates": [
     -73.249946,
     -39.82152
    ]
   },
   "properties": {
    "id": "ig-0390",
    "categoria": "dea",
    "nombre": "Universidad San Sebastián",
    "tipo_recinto": "educacional",
    "referencia": "",
    "fuentes": [
     "comunidad:instagram"
    ],
    "verificacion": {
     "estado": "sin_verificar",
     "confirmaciones": 0,
     "reportes_ausencia": 0,
     "ultima_confirmacion": null
    }
   }
  },
  {
   "type": "Feature",
   "geometry": {
    "type": "Point",
    "coordinates": [
     -73.248411,
     -39.821426
    ]
   },
   "properties": {
    "id": "ig-0391",
    "categoria": "dea",
    "nombre": "centro salud uss valdivia",
    "tipo_recinto": "salud",
    "referencia": "",
    "fuentes": [
     "comunidad:instagram"
    ],
    "verificacion": {
     "estado": "sin_verificar",
     "confirmaciones": 0,
     "reportes_ausencia": 0,
     "ultima_confirmacion": null
    }
   }
  },
  {
   "type": "Feature",
   "geometry": {
    "type": "Point",
    "coordinates": [
     -73.248251,
     -39.824662
    ]
   },
   "properties": {
    "id": "ig-0392",
    "categoria": "dea",
    "nombre": "Colegio Príncipe de Asturias",
    "tipo_recinto": "educacional",
    "referencia": "",
    "fuentes": [
     "comunidad:instagram"
    ],
    "verificacion": {
     "estado": "sin_verificar",
     "confirmaciones": 0,
     "reportes_ausencia": 0,
     "ultima_confirmacion": null
    }
   }
  },
  {
   "type": "Feature",
   "geometry": {
    "type": "Point",
    "coordinates": [
     -73.243599,
     -39.828861
    ]
   },
   "properties": {
    "id": "ig-0393",
    "categoria": "dea",
    "nombre": "Instituto Principe de Asturias",
    "tipo_recinto": "educacional",
    "referencia": "",
    "fuentes": [
     "comunidad:instagram"
    ],
    "verificacion": {
     "estado": "sin_verificar",
     "confirmaciones": 0,
     "reportes_ausencia": 0,
     "ultima_confirmacion": null
    }
   }
  },
  {
   "type": "Feature",
   "geometry": {
    "type": "Point",
    "coordinates": [
     -73.250884,
     -39.829869
    ]
   },
   "properties": {
    "id": "ig-0394",
    "categoria": "dea",
    "nombre": "Hotel Naguilan",
    "tipo_recinto": "hotel",
    "referencia": "",
    "fuentes": [
     "comunidad:instagram"
    ],
    "verificacion": {
     "estado": "sin_verificar",
     "confirmaciones": 0,
     "reportes_ausencia": 0,
     "ultima_confirmacion": null
    }
   }
  },
  {
   "type": "Feature",
   "geometry": {
    "type": "Point",
    "coordinates": [
     -73.241805,
     -39.830219
    ]
   },
   "properties": {
    "id": "ig-0395",
    "categoria": "dea",
    "nombre": "Clinica Odontológica UACh",
    "tipo_recinto": "salud",
    "referencia": "",
    "fuentes": [
     "comunidad:instagram"
    ],
    "verificacion": {
     "estado": "sin_verificar",
     "confirmaciones": 0,
     "reportes_ausencia": 0,
     "ultima_confirmacion": null
    }
   }
  },
  {
   "type": "Feature",
   "geometry": {
    "type": "Point",
    "coordinates": [
     -73.242056,
     -39.830687
    ]
   },
   "properties": {
    "id": "ig-0396",
    "categoria": "dea",
    "nombre": "Escuela de Kinesiología, Universidad Austral de Chile",
    "tipo_recinto": "educacional",
    "referencia": "",
    "fuentes": [
     "comunidad:instagram"
    ],
    "verificacion": {
     "estado": "sin_verificar",
     "confirmaciones": 0,
     "reportes_ausencia": 0,
     "ultima_confirmacion": null
    }
   }
  },
  {
   "type": "Feature",
   "geometry": {
    "type": "Point",
    "coordinates": [
     -73.241451,
     -39.830481
    ]
   },
   "properties": {
    "id": "ig-0397",
    "categoria": "dea",
    "nombre": "Servicios Médicos Edificio Surmedica",
    "tipo_recinto": "salud",
    "referencia": "",
    "fuentes": [
     "comunidad:instagram"
    ],
    "verificacion": {
     "estado": "sin_verificar",
     "confirmaciones": 0,
     "reportes_ausencia": 0,
     "ultima_confirmacion": null
    }
   }
  },
  {
   "type": "Feature",
   "geometry": {
    "type": "Point",
    "coordinates": [
     -73.240593,
     -39.82973
    ]
   },
   "properties": {
    "id": "ig-0398",
    "categoria": "dea",
    "nombre": "Banco de Chile",
    "tipo_recinto": "comercio",
    "referencia": "",
    "fuentes": [
     "comunidad:instagram"
    ],
    "verificacion": {
     "estado": "sin_verificar",
     "confirmaciones": 0,
     "reportes_ausencia": 0,
     "ultima_confirmacion": null
    }
   }
  },
  {
   "type": "Feature",
   "geometry": {
    "type": "Point",
    "coordinates": [
     -73.24155,
     -39.833303
    ]
   },
   "properties": {
    "id": "ig-0399",
    "categoria": "dea",
    "nombre": "Colegio Windsor School",
    "tipo_recinto": "educacional",
    "referencia": "",
    "fuentes": [
     "comunidad:instagram"
    ],
    "verificacion": {
     "estado": "sin_verificar",
     "confirmaciones": 0,
     "reportes_ausencia": 0,
     "ultima_confirmacion": null
    }
   }
  },
  {
   "type": "Feature",
   "geometry": {
    "type": "Point",
    "coordinates": [
     -73.240059,
     -39.832329
    ]
   },
   "properties": {
    "id": "ig-0400",
    "categoria": "dea",
    "nombre": "Urgencia Hospital Base Valdivia",
    "tipo_recinto": "salud",
    "referencia": "",
    "fuentes": [
     "comunidad:instagram"
    ],
    "verificacion": {
     "estado": "sin_verificar",
     "confirmaciones": 0,
     "reportes_ausencia": 0,
     "ultima_confirmacion": null
    }
   }
  },
  {
   "type": "Feature",
   "geometry": {
    "type": "Point",
    "coordinates": [
     -73.235072,
     -39.83085
    ]
   },
   "properties": {
    "id": "ig-0401",
    "categoria": "dea",
    "nombre": "Liceo Bicentenario Ciudad de Los Ríos",
    "tipo_recinto": "educacional",
    "referencia": "",
    "fuentes": [
     "comunidad:instagram"
    ],
    "verificacion": {
     "estado": "sin_verificar",
     "confirmaciones": 0,
     "reportes_ausencia": 0,
     "ultima_confirmacion": null
    }
   }
  },
  {
   "type": "Feature",
   "geometry": {
    "type": "Point",
    "coordinates": [
     -73.23758,
     -39.825525
    ]
   },
   "properties": {
    "id": "ig-0402",
    "categoria": "dea",
    "nombre": "Cesfam Externo Valdivia",
    "tipo_recinto": "salud",
    "referencia": "",
    "fuentes": [
     "comunidad:instagram"
    ],
    "verificacion": {
     "estado": "sin_verificar",
     "confirmaciones": 0,
     "reportes_ausencia": 0,
     "ultima_confirmacion": null
    }
   }
  },
  {
   "type": "Feature",
   "geometry": {
    "type": "Point",
    "coordinates": [
     -73.230427,
     -39.826003
    ]
   },
   "properties": {
    "id": "ig-0403",
    "categoria": "dea",
    "nombre": "Colegio Nuestra Señora del Carmen",
    "tipo_recinto": "educacional",
    "referencia": "",
    "fuentes": [
     "comunidad:instagram"
    ],
    "verificacion": {
     "estado": "sin_verificar",
     "confirmaciones": 0,
     "reportes_ausencia": 0,
     "ultima_confirmacion": null
    }
   }
  },
  {
   "type": "Feature",
   "geometry": {
    "type": "Point",
    "coordinates": [
     -73.231021,
     -39.837515
    ]
   },
   "properties": {
    "id": "ig-0404",
    "categoria": "dea",
    "nombre": "Unimarc",
    "tipo_recinto": "comercio",
    "referencia": "",
    "fuentes": [
     "comunidad:instagram"
    ],
    "verificacion": {
     "estado": "sin_verificar",
     "confirmaciones": 0,
     "reportes_ausencia": 0,
     "ultima_confirmacion": null
    }
   }
  },
  {
   "type": "Feature",
   "geometry": {
    "type": "Point",
    "coordinates": [
     -73.23562,
     -39.837742
    ]
   },
   "properties": {
    "id": "ig-0405",
    "categoria": "dea",
    "nombre": "Clínica Dental Austria 2132",
    "tipo_recinto": "salud",
    "referencia": "",
    "fuentes": [
     "comunidad:instagram"
    ],
    "verificacion": {
     "estado": "sin_verificar",
     "confirmaciones": 0,
     "reportes_ausencia": 0,
     "ultima_confirmacion": null
    }
   }
  },
  {
   "type": "Feature",
   "geometry": {
    "type": "Point",
    "coordinates": [
     -73.215504,
     -39.837648
    ]
   },
   "properties": {
    "id": "ig-0406",
    "categoria": "dea",
    "nombre": "Colegio Teniente Hernan Merino Correa",
    "tipo_recinto": "educacional",
    "referencia": "",
    "fuentes": [
     "comunidad:instagram"
    ],
    "verificacion": {
     "estado": "sin_verificar",
     "confirmaciones": 0,
     "reportes_ausencia": 0,
     "ultima_confirmacion": null
    }
   }
  },
  {
   "type": "Feature",
   "geometry": {
    "type": "Point",
    "coordinates": [
     -73.219837,
     -39.836666
    ]
   },
   "properties": {
    "id": "ig-0407",
    "categoria": "dea",
    "nombre": "Instituto Teletón",
    "tipo_recinto": "institucional",
    "referencia": "",
    "fuentes": [
     "comunidad:instagram"
    ],
    "verificacion": {
     "estado": "sin_verificar",
     "confirmaciones": 0,
     "reportes_ausencia": 0,
     "ultima_confirmacion": null
    }
   }
  },
  {
   "type": "Feature",
   "geometry": {
    "type": "Point",
    "coordinates": [
     -73.21687,
     -39.843869
    ]
   },
   "properties": {
    "id": "ig-0408",
    "categoria": "dea",
    "nombre": "Colegio Bicentenario Helvecia",
    "tipo_recinto": "educacional",
    "referencia": "",
    "fuentes": [
     "comunidad:instagram"
    ],
    "verificacion": {
     "estado": "sin_verificar",
     "confirmaciones": 0,
     "reportes_ausencia": 0,
     "ultima_confirmacion": null
    }
   }
  },
  {
   "type": "Feature",
   "geometry": {
    "type": "Point",
    "coordinates": [
     -73.209854,
     -39.838641
    ]
   },
   "properties": {
    "id": "ig-0409",
    "categoria": "dea",
    "nombre": "Santa Isabel",
    "tipo_recinto": "comercio",
    "referencia": "",
    "fuentes": [
     "comunidad:instagram"
    ],
    "verificacion": {
     "estado": "sin_verificar",
     "confirmaciones": 0,
     "reportes_ausencia": 0,
     "ultima_confirmacion": null
    }
   }
  },
  {
   "type": "Feature",
   "geometry": {
    "type": "Point",
    "coordinates": [
     -73.207242,
     -39.840755
    ]
   },
   "properties": {
    "id": "ig-0410",
    "categoria": "dea",
    "nombre": "Sodimac Homecenter Valdivia",
    "tipo_recinto": "comercio",
    "referencia": "",
    "fuentes": [
     "comunidad:instagram"
    ],
    "verificacion": {
     "estado": "sin_verificar",
     "confirmaciones": 0,
     "reportes_ausencia": 0,
     "ultima_confirmacion": null
    }
   }
  },
  {
   "type": "Feature",
   "geometry": {
    "type": "Point",
    "coordinates": [
     -73.197792,
     -39.849203
    ]
   },
   "properties": {
    "id": "ig-0411",
    "categoria": "dea",
    "nombre": "Complejo Deportivo ANFA",
    "tipo_recinto": "deportivo",
    "referencia": "",
    "fuentes": [
     "comunidad:instagram"
    ],
    "verificacion": {
     "estado": "sin_verificar",
     "confirmaciones": 0,
     "reportes_ausencia": 0,
     "ultima_confirmacion": null
    }
   }
  },
  {
   "type": "Feature",
   "geometry": {
    "type": "Point",
    "coordinates": [
     -73.215469,
     -39.833182
    ]
   },
   "properties": {
    "id": "ig-0412",
    "categoria": "dea",
    "nombre": "Edificio Av. Ramón Picarte 2582 Ex PDI",
    "tipo_recinto": "institucional",
    "referencia": "",
    "fuentes": [
     "comunidad:instagram"
    ],
    "verificacion": {
     "estado": "sin_verificar",
     "confirmaciones": 0,
     "reportes_ausencia": 0,
     "ultima_confirmacion": null
    }
   }
  },
  {
   "type": "Feature",
   "geometry": {
    "type": "Point",
    "coordinates": [
     -73.216049,
     -39.832425
    ]
   },
   "properties": {
    "id": "ig-0413",
    "categoria": "dea",
    "nombre": "Centro de Salud Familiar Dr. Jorge Sabat Gozalo",
    "tipo_recinto": "salud",
    "referencia": "",
    "fuentes": [
     "comunidad:instagram"
    ],
    "verificacion": {
     "estado": "sin_verificar",
     "confirmaciones": 0,
     "reportes_ausencia": 0,
     "ultima_confirmacion": null
    }
   }
  },
  {
   "type": "Feature",
   "geometry": {
    "type": "Point",
    "coordinates": [
     -73.218379,
     -39.831195
    ]
   },
   "properties": {
    "id": "ig-0414",
    "categoria": "dea",
    "nombre": "Clinica Menta cl",
    "tipo_recinto": "salud",
    "referencia": "",
    "fuentes": [
     "comunidad:instagram"
    ],
    "verificacion": {
     "estado": "sin_verificar",
     "confirmaciones": 0,
     "reportes_ausencia": 0,
     "ultima_confirmacion": null
    }
   }
  },
  {
   "type": "Feature",
   "geometry": {
    "type": "Point",
    "coordinates": [
     -73.216097,
     -39.831022
    ]
   },
   "properties": {
    "id": "ig-0415",
    "categoria": "dea",
    "nombre": "Estadio Municipal N°2",
    "tipo_recinto": "deportivo",
    "referencia": "",
    "fuentes": [
     "comunidad:instagram"
    ],
    "verificacion": {
     "estado": "sin_verificar",
     "confirmaciones": 0,
     "reportes_ausencia": 0,
     "ultima_confirmacion": null
    }
   }
  },
  {
   "type": "Feature",
   "geometry": {
    "type": "Point",
    "coordinates": [
     -73.214792,
     -39.831981
    ]
   },
   "properties": {
    "id": "ig-0416",
    "categoria": "dea",
    "nombre": "Estadio Felix Gallardo",
    "tipo_recinto": "deportivo",
    "referencia": "",
    "fuentes": [
     "comunidad:instagram"
    ],
    "verificacion": {
     "estado": "sin_verificar",
     "confirmaciones": 0,
     "reportes_ausencia": 0,
     "ultima_confirmacion": null
    }
   }
  },
  {
   "type": "Feature",
   "geometry": {
    "type": "Point",
    "coordinates": [
     -73.21027,
     -39.829407
    ]
   },
   "properties": {
    "id": "ig-0417",
    "categoria": "dea",
    "nombre": "Piscina Aqua Valdivia",
    "tipo_recinto": "deportivo",
    "referencia": "",
    "fuentes": [
     "comunidad:instagram"
    ],
    "verificacion": {
     "estado": "sin_verificar",
     "confirmaciones": 0,
     "reportes_ausencia": 0,
     "ultima_confirmacion": null
    }
   }
  },
  {
   "type": "Feature",
   "geometry": {
    "type": "Point",
    "coordinates": [
     -73.205372,
     -39.82919
    ]
   },
   "properties": {
    "id": "ig-0418",
    "categoria": "dea",
    "nombre": "Cecosf Mulato",
    "tipo_recinto": "salud",
    "referencia": "",
    "fuentes": [
     "comunidad:instagram"
    ],
    "verificacion": {
     "estado": "sin_verificar",
     "confirmaciones": 0,
     "reportes_ausencia": 0,
     "ultima_confirmacion": null
    }
   }
  },
  {
   "type": "Feature",
   "geometry": {
    "type": "Point",
    "coordinates": [
     -73.207372,
     -39.827087
    ]
   },
   "properties": {
    "id": "ig-0419",
    "categoria": "dea",
    "nombre": "Colegio de Música Juan Sebastián Bach",
    "tipo_recinto": "educacional",
    "referencia": "",
    "fuentes": [
     "comunidad:instagram"
    ],
    "verificacion": {
     "estado": "sin_verificar",
     "confirmaciones": 0,
     "reportes_ausencia": 0,
     "ultima_confirmacion": null
    }
   }
  },
  {
   "type": "Feature",
   "geometry": {
    "type": "Point",
    "coordinates": [
     -73.22076,
     -39.83187
    ]
   },
   "properties": {
    "id": "ig-0420",
    "categoria": "dea",
    "nombre": "Liceo Industrial Valdivia",
    "tipo_recinto": "educacional",
    "referencia": "",
    "fuentes": [
     "comunidad:instagram"
    ],
    "verificacion": {
     "estado": "sin_verificar",
     "confirmaciones": 0,
     "reportes_ausencia": 0,
     "ultima_confirmacion": null
    }
   }
  },
  {
   "type": "Feature",
   "geometry": {
    "type": "Point",
    "coordinates": [
     -73.222716,
     -39.831092
    ]
   },
   "properties": {
    "id": "ig-0421",
    "categoria": "dea",
    "nombre": "Escuela Particular Adventista Valdivia.",
    "tipo_recinto": "educacional",
    "referencia": "",
    "fuentes": [
     "comunidad:instagram"
    ],
    "verificacion": {
     "estado": "sin_verificar",
     "confirmaciones": 0,
     "reportes_ausencia": 0,
     "ultima_confirmacion": null
    }
   }
  },
  {
   "type": "Feature",
   "geometry": {
    "type": "Point",
    "coordinates": [
     -70.570908,
     -33.44746
    ]
   },
   "properties": {
    "id": "ig-0422",
    "categoria": "dea",
    "nombre": "Cinépolis La Reina",
    "tipo_recinto": "cultura",
    "referencia": "Hall central, al costado de la venta de Cabritas",
    "fuentes": [
     "comunidad:instagram"
    ],
    "verificacion": {
     "estado": "sin_verificar",
     "confirmaciones": 0,
     "reportes_ausencia": 0,
     "ultima_confirmacion": null
    }
   }
  },
  {
   "type": "Feature",
   "geometry": {
    "type": "Point",
    "coordinates": [
     -70.644693,
     -33.436726
    ]
   },
   "properties": {
    "id": "ig-0423",
    "categoria": "dea",
    "nombre": "Centro de vacunación MINSAL",
    "tipo_recinto": "institucional",
    "referencia": "Bienestar Minsal Cuarto Piso",
    "fuentes": [
     "comunidad:instagram"
    ],
    "verificacion": {
     "estado": "sin_verificar",
     "confirmaciones": 0,
     "reportes_ausencia": 0,
     "ultima_confirmacion": null
    }
   }
  },
  {
   "type": "Feature",
   "geometry": {
    "type": "Point",
    "coordinates": [
     -70.647017,
     -33.436433
    ]
   },
   "properties": {
    "id": "ig-0424",
    "categoria": "dea",
    "nombre": "Ministerio de Salud",
    "tipo_recinto": "institucional",
    "referencia": "Hall ascensores primer piso",
    "fuentes": [
     "comunidad:instagram"
    ],
    "verificacion": {
     "estado": "sin_verificar",
     "confirmaciones": 0,
     "reportes_ausencia": 0,
     "ultima_confirmacion": null
    }
   }
  },
  {
   "type": "Feature",
   "geometry": {
    "type": "Point",
    "coordinates": [
     -70.536068,
     -33.440044
    ]
   },
   "properties": {
    "id": "ig-0425",
    "categoria": "dea",
    "nombre": "BIGG La Reina",
    "tipo_recinto": "deportivo",
    "referencia": "Gimnasio Bigg",
    "fuentes": [
     "comunidad:instagram"
    ],
    "verificacion": {
     "estado": "sin_verificar",
     "confirmaciones": 0,
     "reportes_ausencia": 0,
     "ultima_confirmacion": null
    }
   }
  },
  {
   "type": "Feature",
   "geometry": {
    "type": "Point",
    "coordinates": [
     -70.601479,
     -33.417812
    ]
   },
   "properties": {
    "id": "ig-0426",
    "categoria": "dea",
    "nombre": "Mercado Urbano Tobalaba MUT",
    "tipo_recinto": "comercio",
    "referencia": "Segundo y tercer subterráneo",
    "fuentes": [
     "comunidad:instagram"
    ],
    "verificacion": {
     "estado": "sin_verificar",
     "confirmaciones": 0,
     "reportes_ausencia": 0,
     "ultima_confirmacion": null
    }
   }
  },
  {
   "type": "Feature",
   "geometry": {
    "type": "Point",
    "coordinates": [
     -70.51595,
     -33.357558
    ]
   },
   "properties": {
    "id": "ig-0427",
    "categoria": "dea",
    "nombre": "Portal La Dehesa",
    "tipo_recinto": "comercio",
    "referencia": "Hall",
    "fuentes": [
     "comunidad:instagram"
    ],
    "verificacion": {
     "estado": "sin_verificar",
     "confirmaciones": 0,
     "reportes_ausencia": 0,
     "ultima_confirmacion": null
    }
   }
  },
  {
   "type": "Feature",
   "geometry": {
    "type": "Point",
    "coordinates": [
     -70.704635,
     -33.402845
    ]
   },
   "properties": {
    "id": "ig-0428",
    "categoria": "dea",
    "nombre": "Escuela Thomas Alva Edison",
    "tipo_recinto": "educacional",
    "referencia": "Cardioprotegidos.cl",
    "fuentes": [
     "comunidad:instagram"
    ],
    "verificacion": {
     "estado": "sin_verificar",
     "confirmaciones": 0,
     "reportes_ausencia": 0,
     "ultima_confirmacion": null
    }
   }
  },
  {
   "type": "Feature",
   "geometry": {
    "type": "Point",
    "coordinates": [
     -70.749543,
     -33.398092
    ]
   },
   "properties": {
    "id": "ig-0429",
    "categoria": "dea",
    "nombre": "Instituto Cumbres de Cóndores Poniente",
    "tipo_recinto": "educacional",
    "referencia": "Cardioprotegidos.cl",
    "fuentes": [
     "comunidad:instagram"
    ],
    "verificacion": {
     "estado": "sin_verificar",
     "confirmaciones": 0,
     "reportes_ausencia": 0,
     "ultima_confirmacion": null
    }
   }
  },
  {
   "type": "Feature",
   "geometry": {
    "type": "Point",
    "coordinates": [
     -70.977376,
     -33.677737
    ]
   },
   "properties": {
    "id": "ig-0430",
    "categoria": "dea",
    "nombre": "Liceo municipal Luis Humberto Acosta Gay",
    "tipo_recinto": "educacional",
    "referencia": "Cardioprotegidos.cl",
    "fuentes": [
     "comunidad:instagram"
    ],
    "verificacion": {
     "estado": "sin_verificar",
     "confirmaciones": 0,
     "reportes_ausencia": 0,
     "ultima_confirmacion": null
    }
   }
  },
  {
   "type": "Feature",
   "geometry": {
    "type": "Point",
    "coordinates": [
     -71.100938,
     -34.032263
    ]
   },
   "properties": {
    "id": "ig-0431",
    "categoria": "dea",
    "nombre": "Liceo Sara Troncoso Troncoso",
    "tipo_recinto": "educacional",
    "referencia": "Cardioprotegidos.cl",
    "fuentes": [
     "comunidad:instagram"
    ],
    "verificacion": {
     "estado": "sin_verificar",
     "confirmaciones": 0,
     "reportes_ausencia": 0,
     "ultima_confirmacion": null
    }
   }
  },
  {
   "type": "Feature",
   "geometry": {
    "type": "Point",
    "coordinates": [
     -70.696562,
     -33.429594
    ]
   },
   "properties": {
    "id": "ig-0432",
    "categoria": "dea",
    "nombre": "Liceo Industrial Benjamín Franklin",
    "tipo_recinto": "educacional",
    "referencia": "Cardiorpotegidos.cl",
    "fuentes": [
     "comunidad:instagram"
    ],
    "verificacion": {
     "estado": "sin_verificar",
     "confirmaciones": 0,
     "reportes_ausencia": 0,
     "ultima_confirmacion": null
    }
   }
  },
  {
   "type": "Feature",
   "geometry": {
    "type": "Point",
    "coordinates": [
     -70.708953,
     -33.43006
    ]
   },
   "properties": {
    "id": "ig-0433",
    "categoria": "dea",
    "nombre": "Liceo Bicentenario Comercial Molina Lavin",
    "tipo_recinto": "educacional",
    "referencia": "Cardioprotegidos.cl",
    "fuentes": [
     "comunidad:instagram"
    ],
    "verificacion": {
     "estado": "sin_verificar",
     "confirmaciones": 0,
     "reportes_ausencia": 0,
     "ultima_confirmacion": null
    }
   }
  },
  {
   "type": "Feature",
   "geometry": {
    "type": "Point",
    "coordinates": [
     -70.698809,
     -33.441106
    ]
   },
   "properties": {
    "id": "ig-0434",
    "categoria": "dea",
    "nombre": "Liceo Guillermo Labarca",
    "tipo_recinto": "educacional",
    "referencia": "Cardioprotegidos.cl",
    "fuentes": [
     "comunidad:instagram"
    ],
    "verificacion": {
     "estado": "sin_verificar",
     "confirmaciones": 0,
     "reportes_ausencia": 0,
     "ultima_confirmacion": null
    }
   }
  },
  {
   "type": "Feature",
   "geometry": {
    "type": "Point",
    "coordinates": [
     -70.796768,
     -33.563395
    ]
   },
   "properties": {
    "id": "ig-0435",
    "categoria": "dea",
    "nombre": "Liceo Bicentenario de Excelencia Paul Harris",
    "tipo_recinto": "educacional",
    "referencia": "Cardioprotegidos.cl",
    "fuentes": [
     "comunidad:instagram"
    ],
    "verificacion": {
     "estado": "sin_verificar",
     "confirmaciones": 0,
     "reportes_ausencia": 0,
     "ultima_confirmacion": null
    }
   }
  },
  {
   "type": "Feature",
   "geometry": {
    "type": "Point",
    "coordinates": [
     -71.218204,
     -33.683984
    ]
   },
   "properties": {
    "id": "ig-0436",
    "categoria": "dea",
    "nombre": "Liceo Hermanos Sotomayor Baeza",
    "tipo_recinto": "educacional",
    "referencia": "Cardioprotegidos.cl",
    "fuentes": [
     "comunidad:instagram"
    ],
    "verificacion": {
     "estado": "sin_verificar",
     "confirmaciones": 0,
     "reportes_ausencia": 0,
     "ultima_confirmacion": null
    }
   }
  },
  {
   "type": "Feature",
   "geometry": {
    "type": "Point",
    "coordinates": [
     -71.213444,
     -33.682416
    ]
   },
   "properties": {
    "id": "ig-0437",
    "categoria": "dea",
    "nombre": "Liceo Gabriela Mistral",
    "tipo_recinto": "educacional",
    "referencia": "Cardioprotegidos.cl",
    "fuentes": [
     "comunidad:instagram"
    ],
    "verificacion": {
     "estado": "sin_verificar",
     "confirmaciones": 0,
     "reportes_ausencia": 0,
     "ultima_confirmacion": null
    }
   }
  },
  {
   "type": "Feature",
   "geometry": {
    "type": "Point",
    "coordinates": [
     -70.767865,
     -33.427956
    ]
   },
   "properties": {
    "id": "ig-0438",
    "categoria": "dea",
    "nombre": "Fraternidad Las Viñas ONG",
    "tipo_recinto": "institucional",
    "referencia": "Cardioprotegidos.cl",
    "fuentes": [
     "comunidad:instagram"
    ],
    "verificacion": {
     "estado": "sin_verificar",
     "confirmaciones": 0,
     "reportes_ausencia": 0,
     "ultima_confirmacion": null
    }
   }
  },
  {
   "type": "Feature",
   "geometry": {
    "type": "Point",
    "coordinates": [
     -70.744006,
     -33.44567
    ]
   },
   "properties": {
    "id": "ig-0439",
    "categoria": "dea",
    "nombre": "Ilustre Municipalidad de Pudahuel",
    "tipo_recinto": "institucional",
    "referencia": "Cardioprotegidos.cl",
    "fuentes": [
     "comunidad:instagram"
    ],
    "verificacion": {
     "estado": "sin_verificar",
     "confirmaciones": 0,
     "reportes_ausencia": 0,
     "ultima_confirmacion": null
    }
   }
  },
  {
   "type": "Feature",
   "geometry": {
    "type": "Point",
    "coordinates": [
     -70.598959,
     -33.440098
    ]
   },
   "properties": {
    "id": "ig-0440",
    "categoria": "dea",
    "nombre": "Colegio Mariano de Schoenstatt",
    "tipo_recinto": "educacional",
    "referencia": "deachile.cl",
    "fuentes": [
     "comunidad:instagram"
    ],
    "verificacion": {
     "estado": "sin_verificar",
     "confirmaciones": 0,
     "reportes_ausencia": 0,
     "ultima_confirmacion": null
    }
   }
  },
  {
   "type": "Feature",
   "geometry": {
    "type": "Point",
    "coordinates": [
     -70.515676,
     -33.358008
    ]
   },
   "properties": {
    "id": "ig-0441",
    "categoria": "dea",
    "nombre": "Centro Médico Clínica Santa María La Dehesa",
    "tipo_recinto": "salud",
    "referencia": "",
    "fuentes": [
     "comunidad:instagram"
    ],
    "verificacion": {
     "estado": "sin_verificar",
     "confirmaciones": 0,
     "reportes_ausencia": 0,
     "ultima_confirmacion": null
    }
   }
  },
  {
   "type": "Feature",
   "geometry": {
    "type": "Point",
    "coordinates": [
     -70.578954,
     -33.430054
    ]
   },
   "properties": {
    "id": "ig-0442",
    "categoria": "dea",
    "nombre": "Jumbo Bilbao",
    "tipo_recinto": "comercio",
    "referencia": "Módulo de informaciones.",
    "fuentes": [
     "comunidad:instagram"
    ],
    "verificacion": {
     "estado": "sin_verificar",
     "confirmaciones": 0,
     "reportes_ausencia": 0,
     "ultima_confirmacion": null
    }
   }
  },
  {
   "type": "Feature",
   "geometry": {
    "type": "Point",
    "coordinates": [
     -70.578581,
     -33.430112
    ]
   },
   "properties": {
    "id": "ig-0443",
    "categoria": "dea",
    "nombre": "Laboratorio Clinico UC Francisco Bilbao",
    "tipo_recinto": "salud",
    "referencia": "En la sala de espera del Laboratorio Clìnico.",
    "fuentes": [
     "comunidad:instagram"
    ],
    "verificacion": {
     "estado": "sin_verificar",
     "confirmaciones": 0,
     "reportes_ausencia": 0,
     "ultima_confirmacion": null
    }
   }
  },
  {
   "type": "Feature",
   "geometry": {
    "type": "Point",
    "coordinates": [
     -70.606,
     -33.418318
    ]
   },
   "properties": {
    "id": "ig-0444",
    "categoria": "dea",
    "nombre": "Cenco Costanera",
    "tipo_recinto": "comercio",
    "referencia": "",
    "fuentes": [
     "comunidad:instagram"
    ],
    "verificacion": {
     "estado": "sin_verificar",
     "confirmaciones": 0,
     "reportes_ausencia": 0,
     "ultima_confirmacion": null
    }
   }
  },
  {
   "type": "Feature",
   "geometry": {
    "type": "Point",
    "coordinates": [
     -71.60482,
     -33.618238
    ]
   },
   "properties": {
    "id": "ig-0445",
    "categoria": "dea",
    "nombre": "Escuela Divino Maestro",
    "tipo_recinto": "educacional",
    "referencia": "",
    "fuentes": [
     "comunidad:instagram"
    ],
    "verificacion": {
     "estado": "sin_verificar",
     "confirmaciones": 0,
     "reportes_ausencia": 0,
     "ultima_confirmacion": null
    }
   }
  },
  {
   "type": "Feature",
   "geometry": {
    "type": "Point",
    "coordinates": [
     -70.551834,
     -33.378945
    ]
   },
   "properties": {
    "id": "ig-0446",
    "categoria": "dea",
    "nombre": "Colegio Sagrados Corazones de Manquehue",
    "tipo_recinto": "educacional",
    "referencia": "",
    "fuentes": [
     "comunidad:instagram"
    ],
    "verificacion": {
     "estado": "sin_verificar",
     "confirmaciones": 0,
     "reportes_ausencia": 0,
     "ultima_confirmacion": null
    }
   }
  },
  {
   "type": "Feature",
   "geometry": {
    "type": "Point",
    "coordinates": [
     -70.65527,
     -33.4445
    ]
   },
   "properties": {
    "id": "ig-0447",
    "categoria": "dea",
    "nombre": "Ministerio de Educación",
    "tipo_recinto": "institucional",
    "referencia": "",
    "fuentes": [
     "comunidad:instagram"
    ],
    "verificacion": {
     "estado": "sin_verificar",
     "confirmaciones": 0,
     "reportes_ausencia": 0,
     "ultima_confirmacion": null
    }
   }
  },
  {
   "type": "Feature",
   "geometry": {
    "type": "Point",
    "coordinates": [
     -70.53228,
     -33.38148
    ]
   },
   "properties": {
    "id": "ig-0448",
    "categoria": "dea",
    "nombre": "SUBARU - Inchcape Retail",
    "tipo_recinto": "comercio",
    "referencia": "",
    "fuentes": [
     "comunidad:instagram"
    ],
    "verificacion": {
     "estado": "sin_verificar",
     "confirmaciones": 0,
     "reportes_ausencia": 0,
     "ultima_confirmacion": null
    }
   }
  },
  {
   "type": "Feature",
   "geometry": {
    "type": "Point",
    "coordinates": [
     -70.601073,
     -33.415354
    ]
   },
   "properties": {
    "id": "ig-0449",
    "categoria": "dea",
    "nombre": "Work/Café Expresso",
    "tipo_recinto": "comercio",
    "referencia": "",
    "fuentes": [
     "comunidad:instagram"
    ],
    "verificacion": {
     "estado": "sin_verificar",
     "confirmaciones": 0,
     "reportes_ausencia": 0,
     "ultima_confirmacion": null
    }
   }
  },
  {
   "type": "Feature",
   "geometry": {
    "type": "Point",
    "coordinates": [
     -71.61011,
     -33.60293
    ]
   },
   "properties": {
    "id": "ig-0450",
    "categoria": "dea",
    "nombre": "Escuela Básica Villa Las Dunas",
    "tipo_recinto": "educacional",
    "referencia": "",
    "fuentes": [
     "comunidad:instagram"
    ],
    "verificacion": {
     "estado": "sin_verificar",
     "confirmaciones": 0,
     "reportes_ausencia": 0,
     "ultima_confirmacion": null
    }
   }
  },
  {
   "type": "Feature",
   "geometry": {
    "type": "Point",
    "coordinates": [
     -70.61921,
     -33.42834
    ]
   },
   "properties": {
    "id": "ig-0451",
    "categoria": "dea",
    "nombre": "Manuel Montt",
    "tipo_recinto": "metro",
    "referencia": "",
    "fuentes": [
     "comunidad:instagram"
    ],
    "verificacion": {
     "estado": "sin_verificar",
     "confirmaciones": 0,
     "reportes_ausencia": 0,
     "ultima_confirmacion": null
    }
   }
  },
  {
   "type": "Feature",
   "geometry": {
    "type": "Point",
    "coordinates": [
     -70.580053,
     -33.415149
    ]
   },
   "properties": {
    "id": "ig-0452",
    "categoria": "dea",
    "nombre": "Jardin Infantil Pintacuentos",
    "tipo_recinto": "educacional",
    "referencia": "www.salvaunavida.cl",
    "fuentes": [
     "comunidad:instagram"
    ],
    "verificacion": {
     "estado": "sin_verificar",
     "confirmaciones": 0,
     "reportes_ausencia": 0,
     "ultima_confirmacion": null
    }
   }
  },
  {
   "type": "Feature",
   "geometry": {
    "type": "Point",
    "coordinates": [
     -73.242519,
     -39.80979
    ]
   },
   "properties": {
    "id": "ig-0453",
    "categoria": "dea",
    "nombre": "Hotel Encanto del Río",
    "tipo_recinto": "hotel",
    "referencia": "",
    "fuentes": [
     "comunidad:instagram"
    ],
    "verificacion": {
     "estado": "sin_verificar",
     "confirmaciones": 0,
     "reportes_ausencia": 0,
     "ultima_confirmacion": null
    }
   }
  },
  {
   "type": "Feature",
   "geometry": {
    "type": "Point",
    "coordinates": [
     -73.23993,
     -39.81357
    ]
   },
   "properties": {
    "id": "ig-0454",
    "categoria": "dea",
    "nombre": "Servicio de Salud Valdivia",
    "tipo_recinto": "institucional",
    "referencia": "",
    "fuentes": [
     "comunidad:instagram"
    ],
    "verificacion": {
     "estado": "sin_verificar",
     "confirmaciones": 0,
     "reportes_ausencia": 0,
     "ultima_confirmacion": null
    }
   }
  },
  {
   "type": "Feature",
   "geometry": {
    "type": "Point",
    "coordinates": [
     -73.239961,
     -39.813704
    ]
   },
   "properties": {
    "id": "ig-0455",
    "categoria": "dea",
    "nombre": "Oficina Seremi de Salud Región de Los Ríos",
    "tipo_recinto": "institucional",
    "referencia": "",
    "fuentes": [
     "comunidad:instagram"
    ],
    "verificacion": {
     "estado": "sin_verificar",
     "confirmaciones": 0,
     "reportes_ausencia": 0,
     "ultima_confirmacion": null
    }
   }
  },
  {
   "type": "Feature",
   "geometry": {
    "type": "Point",
    "coordinates": [
     -70.568623,
     -33.454582
    ]
   },
   "properties": {
    "id": "ig-0456",
    "categoria": "dea",
    "nombre": "Colegio Rubén Darío",
    "tipo_recinto": "educacional",
    "referencia": "Patio central del colegio.",
    "fuentes": [
     "comunidad:instagram"
    ],
    "verificacion": {
     "estado": "sin_verificar",
     "confirmaciones": 0,
     "reportes_ausencia": 0,
     "ultima_confirmacion": null
    }
   }
  },
  {
   "type": "Feature",
   "geometry": {
    "type": "Point",
    "coordinates": [
     -70.577216,
     -33.401728
    ]
   },
   "properties": {
    "id": "ig-0457",
    "categoria": "dea",
    "nombre": "Parque Arauco",
    "tipo_recinto": "comercio",
    "referencia": "Frente al Café Mokka\nFrente a la tienda Addidas",
    "fuentes": [
     "comunidad:instagram"
    ],
    "verificacion": {
     "estado": "sin_verificar",
     "confirmaciones": 0,
     "reportes_ausencia": 0,
     "ultima_confirmacion": null
    }
   }
  },
  {
   "type": "Feature",
   "geometry": {
    "type": "Point",
    "coordinates": [
     -73.081411,
     -39.650939
    ]
   },
   "properties": {
    "id": "ig-0458",
    "categoria": "dea",
    "nombre": "Aeródromo Pichoy",
    "tipo_recinto": "transporte",
    "referencia": "Aeropuerto de Valdivia",
    "fuentes": [
     "comunidad:instagram"
    ],
    "verificacion": {
     "estado": "sin_verificar",
     "confirmaciones": 0,
     "reportes_ausencia": 0,
     "ultima_confirmacion": null
    }
   }
  },
  {
   "type": "Feature",
   "geometry": {
    "type": "Point",
    "coordinates": [
     -70.789777,
     -33.39608
    ]
   },
   "properties": {
    "id": "ig-0459",
    "categoria": "dea",
    "nombre": "Aeropuerto Nuevo Pudahuel",
    "tipo_recinto": "transporte",
    "referencia": "",
    "fuentes": [
     "comunidad:instagram"
    ],
    "verificacion": {
     "estado": "sin_verificar",
     "confirmaciones": 0,
     "reportes_ausencia": 0,
     "ultima_confirmacion": null
    }
   }
  },
  {
   "type": "Feature",
   "geometry": {
    "type": "Point",
    "coordinates": [
     -70.64979,
     -33.433872
    ]
   },
   "properties": {
    "id": "ig-0460",
    "categoria": "dea",
    "nombre": "Santa Isabel",
    "tipo_recinto": "comercio",
    "referencia": "",
    "fuentes": [
     "comunidad:instagram"
    ],
    "verificacion": {
     "estado": "sin_verificar",
     "confirmaciones": 0,
     "reportes_ausencia": 0,
     "ultima_confirmacion": null
    }
   }
  },
  {
   "type": "Feature",
   "geometry": {
    "type": "Point",
    "coordinates": [
     -70.642808,
     -33.472819
    ]
   },
   "properties": {
    "id": "ig-0461",
    "categoria": "dea",
    "nombre": "Factoría Franklin",
    "tipo_recinto": "comercio",
    "referencia": "",
    "fuentes": [
     "comunidad:instagram"
    ],
    "verificacion": {
     "estado": "sin_verificar",
     "confirmaciones": 0,
     "reportes_ausencia": 0,
     "ultima_confirmacion": null
    }
   }
  },
  {
   "type": "Feature",
   "geometry": {
    "type": "Point",
    "coordinates": [
     -70.662813,
     -33.440955
    ]
   },
   "properties": {
    "id": "ig-0462",
    "categoria": "dea",
    "nombre": "Instituto Subercaseaux: Huerfanos",
    "tipo_recinto": "educacional",
    "referencia": "",
    "fuentes": [
     "comunidad:instagram"
    ],
    "verificacion": {
     "estado": "sin_verificar",
     "confirmaciones": 0,
     "reportes_ausencia": 0,
     "ultima_confirmacion": null
    }
   }
  },
  {
   "type": "Feature",
   "geometry": {
    "type": "Point",
    "coordinates": [
     -70.578888,
     -33.431594
    ]
   },
   "properties": {
    "id": "ig-0463",
    "categoria": "dea",
    "nombre": "Banco de Chile",
    "tipo_recinto": "comercio",
    "referencia": "",
    "fuentes": [
     "comunidad:instagram"
    ],
    "verificacion": {
     "estado": "sin_verificar",
     "confirmaciones": 0,
     "reportes_ausencia": 0,
     "ultima_confirmacion": null
    }
   }
  },
  {
   "type": "Feature",
   "geometry": {
    "type": "Point",
    "coordinates": [
     -70.540225,
     -33.4156
    ]
   },
   "properties": {
    "id": "ig-0464",
    "categoria": "dea",
    "nombre": "Tottus",
    "tipo_recinto": "comercio",
    "referencia": "",
    "fuentes": [
     "comunidad:instagram"
    ],
    "verificacion": {
     "estado": "sin_verificar",
     "confirmaciones": 0,
     "reportes_ausencia": 0,
     "ultima_confirmacion": null
    }
   }
  },
  {
   "type": "Feature",
   "geometry": {
    "type": "Point",
    "coordinates": [
     -70.514721,
     -33.401431
    ]
   },
   "properties": {
    "id": "ig-0465",
    "categoria": "dea",
    "nombre": "Cinépolis Paseo Los Dominicos",
    "tipo_recinto": "cultura",
    "referencia": "",
    "fuentes": [
     "comunidad:instagram"
    ],
    "verificacion": {
     "estado": "sin_verificar",
     "confirmaciones": 0,
     "reportes_ausencia": 0,
     "ultima_confirmacion": null
    }
   }
  },
  {
   "type": "Feature",
   "geometry": {
    "type": "Point",
    "coordinates": [
     -70.643706,
     -33.413958
    ]
   },
   "properties": {
    "id": "ig-0466",
    "categoria": "dea",
    "nombre": "Metro Estación Cementerios",
    "tipo_recinto": "metro",
    "referencia": "",
    "fuentes": [
     "comunidad:instagram"
    ],
    "verificacion": {
     "estado": "sin_verificar",
     "confirmaciones": 0,
     "reportes_ausencia": 0,
     "ultima_confirmacion": null
    }
   }
  },
  {
   "type": "Feature",
   "geometry": {
    "type": "Point",
    "coordinates": [
     -70.616103,
     -33.463554
    ]
   },
   "properties": {
    "id": "ig-0467",
    "categoria": "dea",
    "nombre": "Instituto de Salud Pública de Chile",
    "tipo_recinto": "institucional",
    "referencia": "",
    "fuentes": [
     "comunidad:instagram"
    ],
    "verificacion": {
     "estado": "sin_verificar",
     "confirmaciones": 0,
     "reportes_ausencia": 0,
     "ultima_confirmacion": null
    }
   }
  },
  {
   "type": "Feature",
   "geometry": {
    "type": "Point",
    "coordinates": [
     -70.577426,
     -33.413866
    ]
   },
   "properties": {
    "id": "ig-0468",
    "categoria": "dea",
    "nombre": "Estadio Español de Las Condes",
    "tipo_recinto": "deportivo",
    "referencia": "",
    "fuentes": [
     "comunidad:instagram"
    ],
    "verificacion": {
     "estado": "sin_verificar",
     "confirmaciones": 0,
     "reportes_ausencia": 0,
     "ultima_confirmacion": null
    }
   }
  },
  {
   "type": "Feature",
   "geometry": {
    "type": "Point",
    "coordinates": [
     -70.573106,
     -33.397417
    ]
   },
   "properties": {
    "id": "ig-0469",
    "categoria": "dea",
    "nombre": "Colegio San Pedro Nolasco",
    "tipo_recinto": "educacional",
    "referencia": "",
    "fuentes": [
     "comunidad:instagram"
    ],
    "verificacion": {
     "estado": "sin_verificar",
     "confirmaciones": 0,
     "reportes_ausencia": 0,
     "ultima_confirmacion": null
    }
   }
  },
  {
   "type": "Feature",
   "geometry": {
    "type": "Point",
    "coordinates": [
     -70.642209,
     -33.440359
    ]
   },
   "properties": {
    "id": "ig-0470",
    "categoria": "dea",
    "nombre": "Arcos Actuación",
    "tipo_recinto": "educacional",
    "referencia": "",
    "fuentes": [
     "comunidad:instagram"
    ],
    "verificacion": {
     "estado": "sin_verificar",
     "confirmaciones": 0,
     "reportes_ausencia": 0,
     "ultima_confirmacion": null
    }
   }
  },
  {
   "type": "Feature",
   "geometry": {
    "type": "Point",
    "coordinates": [
     -70.692422,
     -33.285643
    ]
   },
   "properties": {
    "id": "ig-0471",
    "categoria": "dea",
    "nombre": "Colegio Santa Cruz",
    "tipo_recinto": "educacional",
    "referencia": "Entrada Principal y entrada Sur.",
    "fuentes": [
     "comunidad:instagram"
    ],
    "verificacion": {
     "estado": "sin_verificar",
     "confirmaciones": 0,
     "reportes_ausencia": 0,
     "ultima_confirmacion": null
    }
   }
  },
  {
   "type": "Feature",
   "geometry": {
    "type": "Point",
    "coordinates": [
     -72.346028,
     -37.458594
    ]
   },
   "properties": {
    "id": "ig-0472",
    "categoria": "dea",
    "nombre": "Gimnasio New House",
    "tipo_recinto": "deportivo",
    "referencia": "",
    "fuentes": [
     "comunidad:instagram"
    ],
    "verificacion": {
     "estado": "sin_verificar",
     "confirmaciones": 0,
     "reportes_ausencia": 0,
     "ultima_confirmacion": null
    }
   }
  },
  {
   "type": "Feature",
   "geometry": {
    "type": "Point",
    "coordinates": [
     -70.656906,
     -33.444153
    ]
   },
   "properties": {
    "id": "ig-0473",
    "categoria": "dea",
    "nombre": "Subsecretaria de Educacion",
    "tipo_recinto": "institucional",
    "referencia": "",
    "fuentes": [
     "comunidad:instagram"
    ],
    "verificacion": {
     "estado": "sin_verificar",
     "confirmaciones": 0,
     "reportes_ausencia": 0,
     "ultima_confirmacion": null
    }
   }
  },
  {
   "type": "Feature",
   "geometry": {
    "type": "Point",
    "coordinates": [
     -70.721447,
     -32.751943
    ]
   },
   "properties": {
    "id": "ig-0474",
    "categoria": "dea",
    "nombre": "Santa Isabel",
    "tipo_recinto": "comercio",
    "referencia": "Supermercado San Felipe",
    "fuentes": [
     "comunidad:instagram"
    ],
    "verificacion": {
     "estado": "sin_verificar",
     "confirmaciones": 0,
     "reportes_ausencia": 0,
     "ultima_confirmacion": null
    }
   }
  },
  {
   "type": "Feature",
   "geometry": {
    "type": "Point",
    "coordinates": [
     -72.342788,
     -37.446448
    ]
   },
   "properties": {
    "id": "ig-0475",
    "categoria": "dea",
    "nombre": "Gimnasio New House 2",
    "tipo_recinto": "deportivo",
    "referencia": "",
    "fuentes": [
     "comunidad:instagram"
    ],
    "verificacion": {
     "estado": "sin_verificar",
     "confirmaciones": 0,
     "reportes_ausencia": 0,
     "ultima_confirmacion": null
    }
   }
  },
  {
   "type": "Feature",
   "geometry": {
    "type": "Point",
    "coordinates": [
     -71.425132,
     -32.644661
    ]
   },
   "properties": {
    "id": "ig-0476",
    "categoria": "dea",
    "nombre": "Líder Express Puchuncaví",
    "tipo_recinto": "comercio",
    "referencia": "",
    "fuentes": [
     "comunidad:instagram"
    ],
    "verificacion": {
     "estado": "sin_verificar",
     "confirmaciones": 0,
     "reportes_ausencia": 0,
     "ultima_confirmacion": null
    }
   }
  },
  {
   "type": "Feature",
   "geometry": {
    "type": "Point",
    "coordinates": [
     -70.789464,
     -33.547552
    ]
   },
   "properties": {
    "id": "ig-0477",
    "categoria": "dea",
    "nombre": "Santa Isabel Maipú",
    "tipo_recinto": "comercio",
    "referencia": "",
    "fuentes": [
     "comunidad:instagram"
    ],
    "verificacion": {
     "estado": "sin_verificar",
     "confirmaciones": 0,
     "reportes_ausencia": 0,
     "ultima_confirmacion": null
    }
   }
  },
  {
   "type": "Feature",
   "geometry": {
    "type": "Point",
    "coordinates": [
     -70.57515,
     -33.40337
    ]
   },
   "properties": {
    "id": "ig-0478",
    "categoria": "dea",
    "nombre": "CentroParque Centro de Eventos",
    "tipo_recinto": "cultura",
    "referencia": "",
    "fuentes": [
     "comunidad:instagram"
    ],
    "verificacion": {
     "estado": "sin_verificar",
     "confirmaciones": 0,
     "reportes_ausencia": 0,
     "ultima_confirmacion": null
    }
   }
  },
  {
   "type": "Feature",
   "geometry": {
    "type": "Point",
    "coordinates": [
     -70.534952,
     -33.355737
    ]
   },
   "properties": {
    "id": "ig-0479",
    "categoria": "dea",
    "nombre": "Clínica MEDS La Dehesa",
    "tipo_recinto": "salud",
    "referencia": "",
    "fuentes": [
     "comunidad:instagram"
    ],
    "verificacion": {
     "estado": "sin_verificar",
     "confirmaciones": 0,
     "reportes_ausencia": 0,
     "ultima_confirmacion": null
    }
   }
  },
  {
   "type": "Feature",
   "geometry": {
    "type": "Point",
    "coordinates": [
     -70.54081,
     -33.427926
    ]
   },
   "properties": {
    "id": "ig-0480",
    "categoria": "dea",
    "nombre": "Portal La Reina",
    "tipo_recinto": "comercio",
    "referencia": "",
    "fuentes": [
     "comunidad:instagram"
    ],
    "verificacion": {
     "estado": "sin_verificar",
     "confirmaciones": 0,
     "reportes_ausencia": 0,
     "ultima_confirmacion": null
    }
   }
  },
  {
   "type": "Feature",
   "geometry": {
    "type": "Point",
    "coordinates": [
     -70.575212,
     -33.403363
    ]
   },
   "properties": {
    "id": "ig-0481",
    "categoria": "dea",
    "nombre": "Energy Club Sport Clubs",
    "tipo_recinto": "deportivo",
    "referencia": "",
    "fuentes": [
     "comunidad:instagram"
    ],
    "verificacion": {
     "estado": "sin_verificar",
     "confirmaciones": 0,
     "reportes_ausencia": 0,
     "ultima_confirmacion": null
    }
   }
  },
  {
   "type": "Feature",
   "geometry": {
    "type": "Point",
    "coordinates": [
     -70.651165,
     -33.447946
    ]
   },
   "properties": {
    "id": "ig-0482",
    "categoria": "dea",
    "nombre": "Gimnasio Smart Fit - San Diego 227",
    "tipo_recinto": "deportivo",
    "referencia": "",
    "fuentes": [
     "comunidad:instagram"
    ],
    "verificacion": {
     "estado": "sin_verificar",
     "confirmaciones": 0,
     "reportes_ausencia": 0,
     "ultima_confirmacion": null
    }
   }
  },
  {
   "type": "Feature",
   "geometry": {
    "type": "Point",
    "coordinates": [
     -70.59132,
     -33.416033
    ]
   },
   "properties": {
    "id": "ig-0483",
    "categoria": "dea",
    "nombre": "Banco de Chile",
    "tipo_recinto": "comercio",
    "referencia": "",
    "fuentes": [
     "comunidad:instagram"
    ],
    "verificacion": {
     "estado": "sin_verificar",
     "confirmaciones": 0,
     "reportes_ausencia": 0,
     "ultima_confirmacion": null
    }
   }
  },
  {
   "type": "Feature",
   "geometry": {
    "type": "Point",
    "coordinates": [
     -70.577826,
     -33.426004
    ]
   },
   "properties": {
    "id": "ig-0484",
    "categoria": "dea",
    "nombre": "Express de Lider",
    "tipo_recinto": "comercio",
    "referencia": "",
    "fuentes": [
     "comunidad:instagram"
    ],
    "verificacion": {
     "estado": "sin_verificar",
     "confirmaciones": 0,
     "reportes_ausencia": 0,
     "ultima_confirmacion": null
    }
   }
  },
  {
   "type": "Feature",
   "geometry": {
    "type": "Point",
    "coordinates": [
     -71.69403,
     -33.399837
    ]
   },
   "properties": {
    "id": "ig-0485",
    "categoria": "dea",
    "nombre": "Ilustre Municipalidad de El Quisco",
    "tipo_recinto": "institucional",
    "referencia": "",
    "fuentes": [
     "comunidad:instagram"
    ],
    "verificacion": {
     "estado": "sin_verificar",
     "confirmaciones": 0,
     "reportes_ausencia": 0,
     "ultima_confirmacion": null
    }
   }
  },
  {
   "type": "Feature",
   "geometry": {
    "type": "Point",
    "coordinates": [
     -73.24037,
     -39.813431
    ]
   },
   "properties": {
    "id": "ig-0486",
    "categoria": "dea",
    "nombre": "Hotel Melillanca",
    "tipo_recinto": "hotel",
    "referencia": "",
    "fuentes": [
     "comunidad:instagram"
    ],
    "verificacion": {
     "estado": "sin_verificar",
     "confirmaciones": 0,
     "reportes_ausencia": 0,
     "ultima_confirmacion": null
    }
   }
  },
  {
   "type": "Feature",
   "geometry": {
    "type": "Point",
    "coordinates": [
     -70.605715,
     -33.509334
    ]
   },
   "properties": {
    "id": "ig-0487",
    "categoria": "dea",
    "nombre": "Mall Florida Center",
    "tipo_recinto": "comercio",
    "referencia": "",
    "fuentes": [
     "comunidad:instagram"
    ],
    "verificacion": {
     "estado": "sin_verificar",
     "confirmaciones": 0,
     "reportes_ausencia": 0,
     "ultima_confirmacion": null
    }
   }
  },
  {
   "type": "Feature",
   "geometry": {
    "type": "Point",
    "coordinates": [
     -70.73002,
     -33.368358
    ]
   },
   "properties": {
    "id": "ig-0488",
    "categoria": "dea",
    "nombre": "Mall Arauco Quilicura",
    "tipo_recinto": "comercio",
    "referencia": "",
    "fuentes": [
     "comunidad:instagram"
    ],
    "verificacion": {
     "estado": "sin_verificar",
     "confirmaciones": 0,
     "reportes_ausencia": 0,
     "ultima_confirmacion": null
    }
   }
  },
  {
   "type": "Feature",
   "geometry": {
    "type": "Point",
    "coordinates": [
     -70.621043,
     -33.422211
    ]
   },
   "properties": {
    "id": "ig-0489",
    "categoria": "dea",
    "nombre": "Hotel Sheraton Santiago",
    "tipo_recinto": "hotel",
    "referencia": "",
    "fuentes": [
     "comunidad:instagram"
    ],
    "verificacion": {
     "estado": "sin_verificar",
     "confirmaciones": 0,
     "reportes_ausencia": 0,
     "ultima_confirmacion": null
    }
   }
  },
  {
   "type": "Feature",
   "geometry": {
    "type": "Point",
    "coordinates": [
     -70.592691,
     -33.414891
    ]
   },
   "properties": {
    "id": "ig-0490",
    "categoria": "dea",
    "nombre": "Work/Café Santander",
    "tipo_recinto": "comercio",
    "referencia": "",
    "fuentes": [
     "comunidad:instagram"
    ],
    "verificacion": {
     "estado": "sin_verificar",
     "confirmaciones": 0,
     "reportes_ausencia": 0,
     "ultima_confirmacion": null
    }
   }
  },
  {
   "type": "Feature",
   "geometry": {
    "type": "Point",
    "coordinates": [
     -70.575211,
     -33.45307
    ]
   },
   "properties": {
    "id": "ig-0491",
    "categoria": "dea",
    "nombre": "Colegio Manquecura Ñuñoa",
    "tipo_recinto": "educacional",
    "referencia": "",
    "fuentes": [
     "comunidad:instagram"
    ],
    "verificacion": {
     "estado": "sin_verificar",
     "confirmaciones": 0,
     "reportes_ausencia": 0,
     "ultima_confirmacion": null
    }
   }
  },
  {
   "type": "Feature",
   "geometry": {
    "type": "Point",
    "coordinates": [
     -70.614914,
     -33.455752
    ]
   },
   "properties": {
    "id": "ig-0492",
    "categoria": "dea",
    "nombre": "Express de Lider",
    "tipo_recinto": "comercio",
    "referencia": "",
    "fuentes": [
     "comunidad:instagram"
    ],
    "verificacion": {
     "estado": "sin_verificar",
     "confirmaciones": 0,
     "reportes_ausencia": 0,
     "ultima_confirmacion": null
    }
   }
  },
  {
   "type": "Feature",
   "geometry": {
    "type": "Point",
    "coordinates": [
     -70.609821,
     -33.432252
    ]
   },
   "properties": {
    "id": "ig-0493",
    "categoria": "dea",
    "nombre": "Municipalidad de Providencia",
    "tipo_recinto": "institucional",
    "referencia": "En la sala de primeros auxilios de funcionarios.",
    "fuentes": [
     "comunidad:instagram"
    ],
    "verificacion": {
     "estado": "sin_verificar",
     "confirmaciones": 0,
     "reportes_ausencia": 0,
     "ultima_confirmacion": null
    }
   }
  },
  {
   "type": "Feature",
   "geometry": {
    "type": "Point",
    "coordinates": [
     -71.533012,
     -32.940115
    ]
   },
   "properties": {
    "id": "ig-0494",
    "categoria": "dea",
    "nombre": "Colegio Internacional SEK Pacífico",
    "tipo_recinto": "educacional",
    "referencia": "",
    "fuentes": [
     "comunidad:instagram"
    ],
    "verificacion": {
     "estado": "sin_verificar",
     "confirmaciones": 0,
     "reportes_ausencia": 0,
     "ultima_confirmacion": null
    }
   }
  },
  {
   "type": "Feature",
   "geometry": {
    "type": "Point",
    "coordinates": [
     -70.590714,
     -33.399412
    ]
   },
   "properties": {
    "id": "ig-0495",
    "categoria": "dea",
    "nombre": "Express de Lider",
    "tipo_recinto": "comercio",
    "referencia": "",
    "fuentes": [
     "comunidad:instagram"
    ],
    "verificacion": {
     "estado": "sin_verificar",
     "confirmaciones": 0,
     "reportes_ausencia": 0,
     "ultima_confirmacion": null
    }
   }
  },
  {
   "type": "Feature",
   "geometry": {
    "type": "Point",
    "coordinates": [
     -70.575121,
     -33.462693
    ]
   },
   "properties": {
    "id": "ig-0496",
    "categoria": "dea",
    "nombre": "Homecenter Ñuñoa",
    "tipo_recinto": "comercio",
    "referencia": "",
    "fuentes": [
     "comunidad:instagram"
    ],
    "verificacion": {
     "estado": "sin_verificar",
     "confirmaciones": 0,
     "reportes_ausencia": 0,
     "ultima_confirmacion": null
    }
   }
  },
  {
   "type": "Feature",
   "geometry": {
    "type": "Point",
    "coordinates": [
     -70.639845,
     -33.439194
    ]
   },
   "properties": {
    "id": "ig-0497",
    "categoria": "dea",
    "nombre": "Centro Cultural Gabriela Mistral",
    "tipo_recinto": "institucional",
    "referencia": "Pabellón A, Pabellón B",
    "fuentes": [
     "comunidad:instagram"
    ],
    "verificacion": {
     "estado": "sin_verificar",
     "confirmaciones": 0,
     "reportes_ausencia": 0,
     "ultima_confirmacion": null
    }
   }
  },
  {
   "type": "Feature",
   "geometry": {
    "type": "Point",
    "coordinates": [
     -70.601732,
     -33.388287
    ]
   },
   "properties": {
    "id": "ig-0498",
    "categoria": "dea",
    "nombre": "Portería Cerro San Cristóbal La Pirámide",
    "tipo_recinto": "deportivo",
    "referencia": "",
    "fuentes": [
     "comunidad:instagram"
    ],
    "verificacion": {
     "estado": "sin_verificar",
     "confirmaciones": 0,
     "reportes_ausencia": 0,
     "ultima_confirmacion": null
    }
   }
  },
  {
   "type": "Feature",
   "geometry": {
    "type": "Point",
    "coordinates": [
     -70.335488,
     -18.349067
    ]
   },
   "properties": {
    "id": "ig-0499",
    "categoria": "dea",
    "nombre": "Aeropuerto Internacional Chacalluta",
    "tipo_recinto": "transporte",
    "referencia": "",
    "fuentes": [
     "comunidad:instagram"
    ],
    "verificacion": {
     "estado": "sin_verificar",
     "confirmaciones": 0,
     "reportes_ausencia": 0,
     "ultima_confirmacion": null
    }
   }
  },
  {
   "type": "Feature",
   "geometry": {
    "type": "Point",
    "coordinates": [
     -70.129103,
     -32.835556
    ]
   },
   "properties": {
    "id": "ig-0500",
    "categoria": "dea",
    "nombre": "Portillo Ski And Resort",
    "tipo_recinto": "deportivo",
    "referencia": "",
    "fuentes": [
     "comunidad:instagram"
    ],
    "verificacion": {
     "estado": "sin_verificar",
     "confirmaciones": 0,
     "reportes_ausencia": 0,
     "ultima_confirmacion": null
    }
   }
  },
  {
   "type": "Feature",
   "geometry": {
    "type": "Point",
    "coordinates": [
     -70.577291,
     -33.4876
    ]
   },
   "properties": {
    "id": "ig-0501",
    "categoria": "dea",
    "nombre": "Cineplanet Quilin",
    "tipo_recinto": "cultura",
    "referencia": "",
    "fuentes": [
     "comunidad:instagram"
    ],
    "verificacion": {
     "estado": "sin_verificar",
     "confirmaciones": 0,
     "reportes_ausencia": 0,
     "ultima_confirmacion": null
    }
   }
  },
  {
   "type": "Feature",
   "geometry": {
    "type": "Point",
    "coordinates": [
     -71.518559,
     -32.931445
    ]
   },
   "properties": {
    "id": "ig-0502",
    "categoria": "dea",
    "nombre": "DIRECCIÓN DE TRÁNSITO Y OPERACIONES",
    "tipo_recinto": "institucional",
    "referencia": "",
    "fuentes": [
     "comunidad:instagram"
    ],
    "verificacion": {
     "estado": "sin_verificar",
     "confirmaciones": 0,
     "reportes_ausencia": 0,
     "ultima_confirmacion": null
    }
   }
  },
  {
   "type": "Feature",
   "geometry": {
    "type": "Point",
    "coordinates": [
     -70.638766,
     -33.430519
    ]
   },
   "properties": {
    "id": "ig-0503",
    "categoria": "dea",
    "nombre": "Sala SCD Bellavista",
    "tipo_recinto": "cultura",
    "referencia": "",
    "fuentes": [
     "comunidad:instagram"
    ],
    "verificacion": {
     "estado": "sin_verificar",
     "confirmaciones": 0,
     "reportes_ausencia": 0,
     "ultima_confirmacion": null
    }
   }
  },
  {
   "type": "Feature",
   "geometry": {
    "type": "Point",
    "coordinates": [
     -70.574429,
     -33.455716
    ]
   },
   "properties": {
    "id": "ig-0504",
    "categoria": "dea",
    "nombre": "Colegio República de Siria - Sede Básica",
    "tipo_recinto": "educacional",
    "referencia": "",
    "fuentes": [
     "comunidad:instagram"
    ],
    "verificacion": {
     "estado": "sin_verificar",
     "confirmaciones": 0,
     "reportes_ausencia": 0,
     "ultima_confirmacion": null
    }
   }
  },
  {
   "type": "Feature",
   "geometry": {
    "type": "Point",
    "coordinates": [
     -70.843092,
     -53.005315
    ]
   },
   "properties": {
    "id": "ig-0505",
    "categoria": "dea",
    "nombre": "Aeropuerto Internacional Presidente Carlos Ibáñez del Campo",
    "tipo_recinto": "transporte",
    "referencia": "",
    "fuentes": [
     "comunidad:instagram"
    ],
    "verificacion": {
     "estado": "sin_verificar",
     "confirmaciones": 0,
     "reportes_ausencia": 0,
     "ultima_confirmacion": null
    }
   }
  },
  {
   "type": "Feature",
   "geometry": {
    "type": "Point",
    "coordinates": [
     -70.541061,
     -33.476849
    ]
   },
   "properties": {
    "id": "ig-0506",
    "categoria": "dea",
    "nombre": "Centro Cultural Chimkowe",
    "tipo_recinto": "cultura",
    "referencia": "",
    "fuentes": [
     "comunidad:instagram"
    ],
    "verificacion": {
     "estado": "sin_verificar",
     "confirmaciones": 0,
     "reportes_ausencia": 0,
     "ultima_confirmacion": null
    }
   }
  },
  {
   "type": "Feature",
   "geometry": {
    "type": "Point",
    "coordinates": [
     -70.661639,
     -33.4499
    ]
   },
   "properties": {
    "id": "ig-0507",
    "categoria": "dea",
    "nombre": "Universidad Diego Portales",
    "tipo_recinto": "educacional",
    "referencia": "",
    "fuentes": [
     "comunidad:instagram"
    ],
    "verificacion": {
     "estado": "sin_verificar",
     "confirmaciones": 0,
     "reportes_ausencia": 0,
     "ultima_confirmacion": null
    }
   }
  },
  {
   "type": "Feature",
   "geometry": {
    "type": "Point",
    "coordinates": [
     -70.605626,
     -33.437749
    ]
   },
   "properties": {
    "id": "ig-0508",
    "categoria": "dea",
    "nombre": "Banco Santander",
    "tipo_recinto": "comercio",
    "referencia": "",
    "fuentes": [
     "comunidad:instagram"
    ],
    "verificacion": {
     "estado": "sin_verificar",
     "confirmaciones": 0,
     "reportes_ausencia": 0,
     "ultima_confirmacion": null
    }
   }
  },
  {
   "type": "Feature",
   "geometry": {
    "type": "Point",
    "coordinates": [
     -70.647532,
     -33.441969
    ]
   },
   "properties": {
    "id": "ig-0509",
    "categoria": "dea",
    "nombre": "Hotel Alma Cruz",
    "tipo_recinto": "hotel",
    "referencia": "",
    "fuentes": [
     "comunidad:instagram"
    ],
    "verificacion": {
     "estado": "sin_verificar",
     "confirmaciones": 0,
     "reportes_ausencia": 0,
     "ultima_confirmacion": null
    }
   }
  },
  {
   "type": "Feature",
   "geometry": {
    "type": "Point",
    "coordinates": [
     -70.595969,
     -33.465348
    ]
   },
   "properties": {
    "id": "ig-0510",
    "categoria": "dea",
    "nombre": "Programa Académico de Bachillerato de la Universidad de Chile",
    "tipo_recinto": "educacional",
    "referencia": "3er piso",
    "fuentes": [
     "comunidad:instagram"
    ],
    "verificacion": {
     "estado": "sin_verificar",
     "confirmaciones": 0,
     "reportes_ausencia": 0,
     "ultima_confirmacion": null
    }
   }
  },
  {
   "type": "Feature",
   "geometry": {
    "type": "Point",
    "coordinates": [
     -73.04514,
     -36.824852
    ]
   },
   "properties": {
    "id": "ig-0511",
    "categoria": "dea",
    "nombre": "Mall del Centro Concepción",
    "tipo_recinto": "comercio",
    "referencia": "",
    "fuentes": [
     "comunidad:instagram"
    ],
    "verificacion": {
     "estado": "sin_verificar",
     "confirmaciones": 0,
     "reportes_ausencia": 0,
     "ultima_confirmacion": null
    }
   }
  },
  {
   "type": "Feature",
   "geometry": {
    "type": "Point",
    "coordinates": [
     -73.070561,
     -36.801179
    ]
   },
   "properties": {
    "id": "ig-0512",
    "categoria": "dea",
    "nombre": "Hotel Diego de Almagro Concepcion",
    "tipo_recinto": "hotel",
    "referencia": "",
    "fuentes": [
     "comunidad:instagram"
    ],
    "verificacion": {
     "estado": "sin_verificar",
     "confirmaciones": 0,
     "reportes_ausencia": 0,
     "ultima_confirmacion": null
    }
   }
  },
  {
   "type": "Feature",
   "geometry": {
    "type": "Point",
    "coordinates": [
     -70.315214,
     -33.731158
    ]
   },
   "properties": {
    "id": "ig-0513",
    "categoria": "dea",
    "nombre": "Santuario de la Naturaleza Cascada de las Ânimas",
    "tipo_recinto": "cultura",
    "referencia": "",
    "fuentes": [
     "comunidad:instagram"
    ],
    "verificacion": {
     "estado": "sin_verificar",
     "confirmaciones": 0,
     "reportes_ausencia": 0,
     "ultima_confirmacion": null
    }
   }
  },
  {
   "type": "Feature",
   "geometry": {
    "type": "Point",
    "coordinates": [
     -71.515076,
     -32.920689
    ]
   },
   "properties": {
    "id": "ig-0514",
    "categoria": "dea",
    "nombre": "Ilustre Municipalidad de Concón",
    "tipo_recinto": "institucional",
    "referencia": "Santa Laura 567",
    "fuentes": [
     "comunidad:instagram"
    ],
    "verificacion": {
     "estado": "sin_verificar",
     "confirmaciones": 0,
     "reportes_ausencia": 0,
     "ultima_confirmacion": null
    }
   }
  },
  {
   "type": "Feature",
   "geometry": {
    "type": "Point",
    "coordinates": [
     -70.554515,
     -33.471744
    ]
   },
   "properties": {
    "id": "ig-0515",
    "categoria": "dea",
    "nombre": "Open Tobalaba",
    "tipo_recinto": "comercio",
    "referencia": "",
    "fuentes": [
     "comunidad:instagram"
    ],
    "verificacion": {
     "estado": "sin_verificar",
     "confirmaciones": 0,
     "reportes_ausencia": 0,
     "ultima_confirmacion": null
    }
   }
  },
  {
   "type": "Feature",
   "geometry": {
    "type": "Point",
    "coordinates": [
     -70.570884,
     -33.409501
    ]
   },
   "properties": {
    "id": "ig-0516",
    "categoria": "dea",
    "nombre": "Hotel Las Condes Regal Pacific Santiago",
    "tipo_recinto": "hotel",
    "referencia": "",
    "fuentes": [
     "comunidad:instagram"
    ],
    "verificacion": {
     "estado": "sin_verificar",
     "confirmaciones": 0,
     "reportes_ausencia": 0,
     "ultima_confirmacion": null
    }
   }
  },
  {
   "type": "Feature",
   "geometry": {
    "type": "Point",
    "coordinates": [
     -70.58374,
     -33.415159
    ]
   },
   "properties": {
    "id": "ig-0517",
    "categoria": "dea",
    "nombre": "Centro Médico UC CHRISTUS",
    "tipo_recinto": "salud",
    "referencia": "",
    "fuentes": [
     "comunidad:instagram"
    ],
    "verificacion": {
     "estado": "sin_verificar",
     "confirmaciones": 0,
     "reportes_ausencia": 0,
     "ultima_confirmacion": null
    }
   }
  },
  {
   "type": "Feature",
   "geometry": {
    "type": "Point",
    "coordinates": [
     -70.544947,
     -33.391198
    ]
   },
   "properties": {
    "id": "ig-0518",
    "categoria": "dea",
    "nombre": "Cinemark Alto Las Condes",
    "tipo_recinto": "cultura",
    "referencia": "",
    "fuentes": [
     "comunidad:instagram"
    ],
    "verificacion": {
     "estado": "sin_verificar",
     "confirmaciones": 0,
     "reportes_ausencia": 0,
     "ultima_confirmacion": null
    }
   }
  },
  {
   "type": "Feature",
   "geometry": {
    "type": "Point",
    "coordinates": [
     -71.271834,
     -29.913912
    ]
   },
   "properties": {
    "id": "ig-0519",
    "categoria": "dea",
    "nombre": "Hotel y Departamentos La Serena - Centro Turístico Caja los Andes",
    "tipo_recinto": "hotel",
    "referencia": "",
    "fuentes": [
     "comunidad:instagram"
    ],
    "verificacion": {
     "estado": "sin_verificar",
     "confirmaciones": 0,
     "reportes_ausencia": 0,
     "ultima_confirmacion": null
    }
   }
  },
  {
   "type": "Feature",
   "geometry": {
    "type": "Point",
    "coordinates": [
     -70.985119,
     -34.586689
    ]
   },
   "properties": {
    "id": "ig-0520",
    "categoria": "dea",
    "nombre": "VIVO Mall San Fernando",
    "tipo_recinto": "comercio",
    "referencia": "",
    "fuentes": [
     "comunidad:instagram"
    ],
    "verificacion": {
     "estado": "sin_verificar",
     "confirmaciones": 0,
     "reportes_ausencia": 0,
     "ultima_confirmacion": null
    }
   }
  },
  {
   "type": "Feature",
   "geometry": {
    "type": "Point",
    "coordinates": [
     -73.233133,
     -39.817417
    ]
   },
   "properties": {
    "id": "ig-0521",
    "categoria": "dea",
    "nombre": "Universidad Santo Tomas",
    "tipo_recinto": "educacional",
    "referencia": "Dotada con 3 DEA.",
    "fuentes": [
     "comunidad:instagram"
    ],
    "verificacion": {
     "estado": "sin_verificar",
     "confirmaciones": 0,
     "reportes_ausencia": 0,
     "ultima_confirmacion": null
    }
   }
  },
  {
   "type": "Feature",
   "geometry": {
    "type": "Point",
    "coordinates": [
     -70.653089,
     -33.439173
    ]
   },
   "properties": {
    "id": "ig-0522",
    "categoria": "dea",
    "nombre": "Corte Suprema de Justicia de Chile",
    "tipo_recinto": "institucional",
    "referencia": "",
    "fuentes": [
     "comunidad:instagram"
    ],
    "verificacion": {
     "estado": "sin_verificar",
     "confirmaciones": 0,
     "reportes_ausencia": 0,
     "ultima_confirmacion": null
    }
   }
  },
  {
   "type": "Feature",
   "geometry": {
    "type": "Point",
    "coordinates": [
     -70.571438,
     -33.410205
    ]
   },
   "properties": {
    "id": "ig-0523",
    "categoria": "dea",
    "nombre": "Banco De Chile",
    "tipo_recinto": "comercio",
    "referencia": "",
    "fuentes": [
     "comunidad:instagram"
    ],
    "verificacion": {
     "estado": "sin_verificar",
     "confirmaciones": 0,
     "reportes_ausencia": 0,
     "ultima_confirmacion": null
    }
   }
  },
  {
   "type": "Feature",
   "geometry": {
    "type": "Point",
    "coordinates": [
     -70.583811,
     -33.449287
    ]
   },
   "properties": {
    "id": "ig-0524",
    "categoria": "dea",
    "nombre": "Colegio Calasanz",
    "tipo_recinto": "educacional",
    "referencia": "",
    "fuentes": [
     "comunidad:instagram"
    ],
    "verificacion": {
     "estado": "sin_verificar",
     "confirmaciones": 0,
     "reportes_ausencia": 0,
     "ultima_confirmacion": null
    }
   }
  },
  {
   "type": "Feature",
   "geometry": {
    "type": "Point",
    "coordinates": [
     -70.527175,
     -33.380076
    ]
   },
   "properties": {
    "id": "ig-0525",
    "categoria": "dea",
    "nombre": "Colegio Dunalastair Early Childhood Centre",
    "tipo_recinto": "educacional",
    "referencia": "",
    "fuentes": [
     "comunidad:instagram"
    ],
    "verificacion": {
     "estado": "sin_verificar",
     "confirmaciones": 0,
     "reportes_ausencia": 0,
     "ultima_confirmacion": null
    }
   }
  },
  {
   "type": "Feature",
   "geometry": {
    "type": "Point",
    "coordinates": [
     -71.545136,
     -33.007744
    ]
   },
   "properties": {
    "id": "ig-0526",
    "categoria": "dea",
    "nombre": "Espacio Urbano 15 Norte",
    "tipo_recinto": "comercio",
    "referencia": "",
    "fuentes": [
     "comunidad:instagram"
    ],
    "verificacion": {
     "estado": "sin_verificar",
     "confirmaciones": 0,
     "reportes_ausencia": 0,
     "ultima_confirmacion": null
    }
   }
  },
  {
   "type": "Feature",
   "geometry": {
    "type": "Point",
    "coordinates": [
     -70.594217,
     -33.45494
    ]
   },
   "properties": {
    "id": "ig-0527",
    "categoria": "dea",
    "nombre": "Teatro UC",
    "tipo_recinto": "cultura",
    "referencia": "",
    "fuentes": [
     "comunidad:instagram"
    ],
    "verificacion": {
     "estado": "sin_verificar",
     "confirmaciones": 0,
     "reportes_ausencia": 0,
     "ultima_confirmacion": null
    }
   }
  },
  {
   "type": "Feature",
   "geometry": {
    "type": "Point",
    "coordinates": [
     -70.78291,
     -33.42883
    ]
   },
   "properties": {
    "id": "ig-0528",
    "categoria": "dea",
    "nombre": "City Express by Marriott Santiago Aeropuerto Chile",
    "tipo_recinto": "hotel",
    "referencia": "",
    "fuentes": [
     "comunidad:instagram"
    ],
    "verificacion": {
     "estado": "sin_verificar",
     "confirmaciones": 0,
     "reportes_ausencia": 0,
     "ultima_confirmacion": null
    }
   }
  },
  {
   "type": "Feature",
   "geometry": {
    "type": "Point",
    "coordinates": [
     -72.117547,
     -36.611365
    ]
   },
   "properties": {
    "id": "ig-0529",
    "categoria": "dea",
    "nombre": "Universidad del Bío-Bío Campus La Castilla",
    "tipo_recinto": "educacional",
    "referencia": "",
    "fuentes": [
     "comunidad:instagram"
    ],
    "verificacion": {
     "estado": "sin_verificar",
     "confirmaciones": 0,
     "reportes_ausencia": 0,
     "ultima_confirmacion": null
    }
   }
  },
  {
   "type": "Feature",
   "geometry": {
    "type": "Point",
    "coordinates": [
     -72.823669,
     -45.463943
    ]
   },
   "properties": {
    "id": "ig-0530",
    "categoria": "dea",
    "nombre": "Puerto Oxxean Chacabuco",
    "tipo_recinto": "transporte",
    "referencia": "",
    "fuentes": [
     "comunidad:instagram"
    ],
    "verificacion": {
     "estado": "sin_verificar",
     "confirmaciones": 0,
     "reportes_ausencia": 0,
     "ultima_confirmacion": null
    }
   }
  },
  {
   "type": "Feature",
   "geometry": {
    "type": "Point",
    "coordinates": [
     -70.57643,
     -33.473873
    ]
   },
   "properties": {
    "id": "ig-0531",
    "categoria": "dea",
    "nombre": "Colegio Polivalente Jesús Servidor",
    "tipo_recinto": "educacional",
    "referencia": "",
    "fuentes": [
     "comunidad:instagram"
    ],
    "verificacion": {
     "estado": "sin_verificar",
     "confirmaciones": 0,
     "reportes_ausencia": 0,
     "ultima_confirmacion": null
    }
   }
  },
  {
   "type": "Feature",
   "geometry": {
    "type": "Point",
    "coordinates": [
     -70.57421,
     -33.473991
    ]
   },
   "properties": {
    "id": "ig-0532",
    "categoria": "dea",
    "nombre": "CESFAM Padre Gerardo Whelan (Consultorio SAMU)",
    "tipo_recinto": "salud",
    "referencia": "",
    "fuentes": [
     "comunidad:instagram"
    ],
    "verificacion": {
     "estado": "sin_verificar",
     "confirmaciones": 0,
     "reportes_ausencia": 0,
     "ultima_confirmacion": null
    }
   }
  },
  {
   "type": "Feature",
   "geometry": {
    "type": "Point",
    "coordinates": [
     -70.562796,
     -33.476898
    ]
   },
   "properties": {
    "id": "ig-0533",
    "categoria": "dea",
    "nombre": "Centro de Salud Familiar Lo Hermida",
    "tipo_recinto": "salud",
    "referencia": "",
    "fuentes": [
     "comunidad:instagram"
    ],
    "verificacion": {
     "estado": "sin_verificar",
     "confirmaciones": 0,
     "reportes_ausencia": 0,
     "ultima_confirmacion": null
    }
   }
  },
  {
   "type": "Feature",
   "geometry": {
    "type": "Point",
    "coordinates": [
     -70.55837,
     -33.481367
    ]
   },
   "properties": {
    "id": "ig-0534",
    "categoria": "dea",
    "nombre": "Energy Club Peñalolén",
    "tipo_recinto": "deportivo",
    "referencia": "",
    "fuentes": [
     "comunidad:instagram"
    ],
    "verificacion": {
     "estado": "sin_verificar",
     "confirmaciones": 0,
     "reportes_ausencia": 0,
     "ultima_confirmacion": null
    }
   }
  },
  {
   "type": "Feature",
   "geometry": {
    "type": "Point",
    "coordinates": [
     -70.554918,
     -33.475519
    ]
   },
   "properties": {
    "id": "ig-0535",
    "categoria": "dea",
    "nombre": "Colegio Antupiren",
    "tipo_recinto": "educacional",
    "referencia": "",
    "fuentes": [
     "comunidad:instagram"
    ],
    "verificacion": {
     "estado": "sin_verificar",
     "confirmaciones": 0,
     "reportes_ausencia": 0,
     "ultima_confirmacion": null
    }
   }
  },
  {
   "type": "Feature",
   "geometry": {
    "type": "Point",
    "coordinates": [
     -70.555507,
     -33.472956
    ]
   },
   "properties": {
    "id": "ig-0536",
    "categoria": "dea",
    "nombre": "Open Plaza Tobalaba",
    "tipo_recinto": "comercio",
    "referencia": "",
    "fuentes": [
     "comunidad:instagram"
    ],
    "verificacion": {
     "estado": "sin_verificar",
     "confirmaciones": 0,
     "reportes_ausencia": 0,
     "ultima_confirmacion": null
    }
   }
  },
  {
   "type": "Feature",
   "geometry": {
    "type": "Point",
    "coordinates": [
     -70.555962,
     -33.46823
    ]
   },
   "properties": {
    "id": "ig-0537",
    "categoria": "dea",
    "nombre": "CESFAM La Faena",
    "tipo_recinto": "salud",
    "referencia": "",
    "fuentes": [
     "comunidad:instagram"
    ],
    "verificacion": {
     "estado": "sin_verificar",
     "confirmaciones": 0,
     "reportes_ausencia": 0,
     "ultima_confirmacion": null
    }
   }
  },
  {
   "type": "Feature",
   "geometry": {
    "type": "Point",
    "coordinates": [
     -70.573372,
     -33.463013
    ]
   },
   "properties": {
    "id": "ig-0538",
    "categoria": "dea",
    "nombre": "Imperial S.A.",
    "tipo_recinto": "comercio",
    "referencia": "",
    "fuentes": [
     "comunidad:instagram"
    ],
    "verificacion": {
     "estado": "sin_verificar",
     "confirmaciones": 0,
     "reportes_ausencia": 0,
     "ultima_confirmacion": null
    }
   }
  },
  {
   "type": "Feature",
   "geometry": {
    "type": "Point",
    "coordinates": [
     -70.551375,
     -33.472102
    ]
   },
   "properties": {
    "id": "ig-0539",
    "categoria": "dea",
    "nombre": "Colegio Monteverde Anexo",
    "tipo_recinto": "educacional",
    "referencia": "",
    "fuentes": [
     "comunidad:instagram"
    ],
    "verificacion": {
     "estado": "sin_verificar",
     "confirmaciones": 0,
     "reportes_ausencia": 0,
     "ultima_confirmacion": null
    }
   }
  },
  {
   "type": "Feature",
   "geometry": {
    "type": "Point",
    "coordinates": [
     -70.54313,
     -33.476824
    ]
   },
   "properties": {
    "id": "ig-0540",
    "categoria": "dea",
    "nombre": "Consultorio Carol Urzúa, Peñalolén (CESFAM)",
    "tipo_recinto": "salud",
    "referencia": "",
    "fuentes": [
     "comunidad:instagram"
    ],
    "verificacion": {
     "estado": "sin_verificar",
     "confirmaciones": 0,
     "reportes_ausencia": 0,
     "ultima_confirmacion": null
    }
   }
  },
  {
   "type": "Feature",
   "geometry": {
    "type": "Point",
    "coordinates": [
     -70.544203,
     -33.478801
    ]
   },
   "properties": {
    "id": "ig-0541",
    "categoria": "dea",
    "nombre": "IntegraMédica Peñalolen",
    "tipo_recinto": "salud",
    "referencia": "",
    "fuentes": [
     "comunidad:instagram"
    ],
    "verificacion": {
     "estado": "sin_verificar",
     "confirmaciones": 0,
     "reportes_ausencia": 0,
     "ultima_confirmacion": null
    }
   }
  },
  {
   "type": "Feature",
   "geometry": {
    "type": "Point",
    "coordinates": [
     -70.541575,
     -33.478485
    ]
   },
   "properties": {
    "id": "ig-0542",
    "categoria": "dea",
    "nombre": "Piscina Municipal De Peñalolen",
    "tipo_recinto": "deportivo",
    "referencia": "",
    "fuentes": [
     "comunidad:instagram"
    ],
    "verificacion": {
     "estado": "sin_verificar",
     "confirmaciones": 0,
     "reportes_ausencia": 0,
     "ultima_confirmacion": null
    }
   }
  },
  {
   "type": "Feature",
   "geometry": {
    "type": "Point",
    "coordinates": [
     -70.530652,
     -33.47809
    ]
   },
   "properties": {
    "id": "ig-0543",
    "categoria": "dea",
    "nombre": "Clínica Odontologica Peñalolen",
    "tipo_recinto": "salud",
    "referencia": "",
    "fuentes": [
     "comunidad:instagram"
    ],
    "verificacion": {
     "estado": "sin_verificar",
     "confirmaciones": 0,
     "reportes_ausencia": 0,
     "ultima_confirmacion": null
    }
   }
  },
  {
   "type": "Feature",
   "geometry": {
    "type": "Point",
    "coordinates": [
     -70.532331,
     -33.470094
    ]
   },
   "properties": {
    "id": "ig-0544",
    "categoria": "dea",
    "nombre": "cesfam cardenal silva henriquez",
    "tipo_recinto": "salud",
    "referencia": "",
    "fuentes": [
     "comunidad:instagram"
    ],
    "verificacion": {
     "estado": "sin_verificar",
     "confirmaciones": 0,
     "reportes_ausencia": 0,
     "ultima_confirmacion": null
    }
   }
  },
  {
   "type": "Feature",
   "geometry": {
    "type": "Point",
    "coordinates": [
     -70.528274,
     -33.479964
    ]
   },
   "properties": {
    "id": "ig-0545",
    "categoria": "dea",
    "nombre": "Escuela Basica Miravalle",
    "tipo_recinto": "educacional",
    "referencia": "",
    "fuentes": [
     "comunidad:instagram"
    ],
    "verificacion": {
     "estado": "sin_verificar",
     "confirmaciones": 0,
     "reportes_ausencia": 0,
     "ultima_confirmacion": null
    }
   }
  },
  {
   "type": "Feature",
   "geometry": {
    "type": "Point",
    "coordinates": [
     -70.54791,
     -33.483809
    ]
   },
   "properties": {
    "id": "ig-0546",
    "categoria": "dea",
    "nombre": "Unimarc",
    "tipo_recinto": "comercio",
    "referencia": "",
    "fuentes": [
     "comunidad:instagram"
    ],
    "verificacion": {
     "estado": "sin_verificar",
     "confirmaciones": 0,
     "reportes_ausencia": 0,
     "ultima_confirmacion": null
    }
   }
  },
  {
   "type": "Feature",
   "geometry": {
    "type": "Point",
    "coordinates": [
     -70.578532,
     -33.487274
    ]
   },
   "properties": {
    "id": "ig-0547",
    "categoria": "dea",
    "nombre": "Paris Quilín",
    "tipo_recinto": "comercio",
    "referencia": "",
    "fuentes": [
     "comunidad:instagram"
    ],
    "verificacion": {
     "estado": "sin_verificar",
     "confirmaciones": 0,
     "reportes_ausencia": 0,
     "ultima_confirmacion": null
    }
   }
  },
  {
   "type": "Feature",
   "geometry": {
    "type": "Point",
    "coordinates": [
     -70.586571,
     -33.499166
    ]
   },
   "properties": {
    "id": "ig-0548",
    "categoria": "dea",
    "nombre": "Las Torres",
    "tipo_recinto": "metro",
    "referencia": "",
    "fuentes": [
     "comunidad:instagram"
    ],
    "verificacion": {
     "estado": "sin_verificar",
     "confirmaciones": 0,
     "reportes_ausencia": 0,
     "ultima_confirmacion": null
    }
   }
  },
  {
   "type": "Feature",
   "geometry": {
    "type": "Point",
    "coordinates": [
     -70.578298,
     -33.504032
    ]
   },
   "properties": {
    "id": "ig-0549",
    "categoria": "dea",
    "nombre": "CESFAM LAS TORRES",
    "tipo_recinto": "salud",
    "referencia": "",
    "fuentes": [
     "comunidad:instagram"
    ],
    "verificacion": {
     "estado": "sin_verificar",
     "confirmaciones": 0,
     "reportes_ausencia": 0,
     "ultima_confirmacion": null
    }
   }
  },
  {
   "type": "Feature",
   "geometry": {
    "type": "Point",
    "coordinates": [
     -70.578165,
     -33.508052
    ]
   },
   "properties": {
    "id": "ig-0550",
    "categoria": "dea",
    "nombre": "CESFAM: San Luis",
    "tipo_recinto": "salud",
    "referencia": "",
    "fuentes": [
     "comunidad:instagram"
    ],
    "verificacion": {
     "estado": "sin_verificar",
     "confirmaciones": 0,
     "reportes_ausencia": 0,
     "ultima_confirmacion": null
    }
   }
  },
  {
   "type": "Feature",
   "geometry": {
    "type": "Point",
    "coordinates": [
     -71.517743,
     -32.929846
    ]
   },
   "properties": {
    "id": "ig-0551",
    "categoria": "dea",
    "nombre": "Tottus",
    "tipo_recinto": "comercio",
    "referencia": "",
    "fuentes": [
     "comunidad:instagram"
    ],
    "verificacion": {
     "estado": "sin_verificar",
     "confirmaciones": 0,
     "reportes_ausencia": 0,
     "ultima_confirmacion": null
    }
   }
  },
  {
   "type": "Feature",
   "geometry": {
    "type": "Point",
    "coordinates": [
     -72.98374,
     -41.313872
    ]
   },
   "properties": {
    "id": "ig-0552",
    "categoria": "dea",
    "nombre": "Enjoy Puerto Varas",
    "tipo_recinto": "hotel",
    "referencia": "",
    "fuentes": [
     "comunidad:instagram"
    ],
    "verificacion": {
     "estado": "sin_verificar",
     "confirmaciones": 0,
     "reportes_ausencia": 0,
     "ultima_confirmacion": null
    }
   }
  },
  {
   "type": "Feature",
   "geometry": {
    "type": "Point",
    "coordinates": [
     -70.570324,
     -33.451377
    ]
   },
   "properties": {
    "id": "ig-0553",
    "categoria": "dea",
    "nombre": "Clínica Alemana",
    "tipo_recinto": "salud",
    "referencia": "",
    "fuentes": [
     "comunidad:instagram"
    ],
    "verificacion": {
     "estado": "sin_verificar",
     "confirmaciones": 0,
     "reportes_ausencia": 0,
     "ultima_confirmacion": null
    }
   }
  },
  {
   "type": "Feature",
   "geometry": {
    "type": "Point",
    "coordinates": [
     -70.578812,
     -33.403099
    ]
   },
   "properties": {
    "id": "ig-0554",
    "categoria": "dea",
    "nombre": "Paris",
    "tipo_recinto": "comercio",
    "referencia": "Segundo Piso",
    "fuentes": [
     "comunidad:instagram"
    ],
    "verificacion": {
     "estado": "sin_verificar",
     "confirmaciones": 0,
     "reportes_ausencia": 0,
     "ultima_confirmacion": null
    }
   }
  },
  {
   "type": "Feature",
   "geometry": {
    "type": "Point",
    "coordinates": [
     -70.833261,
     -27.055622
    ]
   },
   "properties": {
    "id": "ig-0555",
    "categoria": "dea",
    "nombre": "Terminal Marítimo Puerto Caldera",
    "tipo_recinto": "transporte",
    "referencia": "",
    "fuentes": [
     "comunidad:instagram"
    ],
    "verificacion": {
     "estado": "sin_verificar",
     "confirmaciones": 0,
     "reportes_ausencia": 0,
     "ultima_confirmacion": null
    }
   }
  },
  {
   "type": "Feature",
   "geometry": {
    "type": "Point",
    "coordinates": [
     -70.810884,
     -27.069631
    ]
   },
   "properties": {
    "id": "ig-0556",
    "categoria": "dea",
    "nombre": "Colegio Parroquial Padre Negro",
    "tipo_recinto": "educacional",
    "referencia": "",
    "fuentes": [
     "comunidad:instagram"
    ],
    "verificacion": {
     "estado": "sin_verificar",
     "confirmaciones": 0,
     "reportes_ausencia": 0,
     "ultima_confirmacion": null
    }
   }
  },
  {
   "type": "Feature",
   "geometry": {
    "type": "Point",
    "coordinates": [
     -70.642278,
     -26.362106
    ]
   },
   "properties": {
    "id": "ig-0557",
    "categoria": "dea",
    "nombre": "Unimarc",
    "tipo_recinto": "comercio",
    "referencia": "",
    "fuentes": [
     "comunidad:instagram"
    ],
    "verificacion": {
     "estado": "sin_verificar",
     "confirmaciones": 0,
     "reportes_ausencia": 0,
     "ultima_confirmacion": null
    }
   }
  },
  {
   "type": "Feature",
   "geometry": {
    "type": "Point",
    "coordinates": [
     -69.620961,
     -26.252081
    ]
   },
   "properties": {
    "id": "ig-0558",
    "categoria": "dea",
    "nombre": "Anakena Group Spa",
    "tipo_recinto": "hotel",
    "referencia": "",
    "fuentes": [
     "comunidad:instagram"
    ],
    "verificacion": {
     "estado": "sin_verificar",
     "confirmaciones": 0,
     "reportes_ausencia": 0,
     "ultima_confirmacion": null
    }
   }
  },
  {
   "type": "Feature",
   "geometry": {
    "type": "Point",
    "coordinates": [
     -71.216817,
     -28.464274
    ]
   },
   "properties": {
    "id": "ig-0559",
    "categoria": "dea",
    "nombre": "Hotel Solaris",
    "tipo_recinto": "hotel",
    "referencia": "",
    "fuentes": [
     "comunidad:instagram"
    ],
    "verificacion": {
     "estado": "sin_verificar",
     "confirmaciones": 0,
     "reportes_ausencia": 0,
     "ultima_confirmacion": null
    }
   }
  },
  {
   "type": "Feature",
   "geometry": {
    "type": "Point",
    "coordinates": [
     -70.828559,
     -28.559694
    ]
   },
   "properties": {
    "id": "ig-0560",
    "categoria": "dea",
    "nombre": "Park Inn by Radisson Los Olivos de Vallenar",
    "tipo_recinto": "hotel",
    "referencia": "",
    "fuentes": [
     "comunidad:instagram"
    ],
    "verificacion": {
     "estado": "sin_verificar",
     "confirmaciones": 0,
     "reportes_ausencia": 0,
     "ultima_confirmacion": null
    }
   }
  },
  {
   "type": "Feature",
   "geometry": {
    "type": "Point",
    "coordinates": [
     -70.759432,
     -28.577081
    ]
   },
   "properties": {
    "id": "ig-0561",
    "categoria": "dea",
    "nombre": "Unimarc",
    "tipo_recinto": "comercio",
    "referencia": "",
    "fuentes": [
     "comunidad:instagram"
    ],
    "verificacion": {
     "estado": "sin_verificar",
     "confirmaciones": 0,
     "reportes_ausencia": 0,
     "ultima_confirmacion": null
    }
   }
  },
  {
   "type": "Feature",
   "geometry": {
    "type": "Point",
    "coordinates": [
     -70.747636,
     -28.58259
    ]
   },
   "properties": {
    "id": "ig-0562",
    "categoria": "dea",
    "nombre": "Unimarc",
    "tipo_recinto": "comercio",
    "referencia": "",
    "fuentes": [
     "comunidad:instagram"
    ],
    "verificacion": {
     "estado": "sin_verificar",
     "confirmaciones": 0,
     "reportes_ausencia": 0,
     "ultima_confirmacion": null
    }
   }
  },
  {
   "type": "Feature",
   "geometry": {
    "type": "Point",
    "coordinates": [
     -70.365553,
     -27.343092
    ]
   },
   "properties": {
    "id": "ig-0563",
    "categoria": "dea",
    "nombre": "Santo Tomas Copiapó",
    "tipo_recinto": "educacional",
    "referencia": "",
    "fuentes": [
     "comunidad:instagram"
    ],
    "verificacion": {
     "estado": "sin_verificar",
     "confirmaciones": 0,
     "reportes_ausencia": 0,
     "ultima_confirmacion": null
    }
   }
  },
  {
   "type": "Feature",
   "geometry": {
    "type": "Point",
    "coordinates": [
     -70.35396,
     -27.347245
    ]
   },
   "properties": {
    "id": "ig-0564",
    "categoria": "dea",
    "nombre": "Scuola Italiana Giuseppe Verdi",
    "tipo_recinto": "educacional",
    "referencia": "",
    "fuentes": [
     "comunidad:instagram"
    ],
    "verificacion": {
     "estado": "sin_verificar",
     "confirmaciones": 0,
     "reportes_ausencia": 0,
     "ultima_confirmacion": null
    }
   }
  },
  {
   "type": "Feature",
   "geometry": {
    "type": "Point",
    "coordinates": [
     -70.338642,
     -27.364127
    ]
   },
   "properties": {
    "id": "ig-0565",
    "categoria": "dea",
    "nombre": "hotel san lorenzo",
    "tipo_recinto": "hotel",
    "referencia": "",
    "fuentes": [
     "comunidad:instagram"
    ],
    "verificacion": {
     "estado": "sin_verificar",
     "confirmaciones": 0,
     "reportes_ausencia": 0,
     "ultima_confirmacion": null
    }
   }
  },
  {
   "type": "Feature",
   "geometry": {
    "type": "Point",
    "coordinates": [
     -70.333746,
     -27.364294
    ]
   },
   "properties": {
    "id": "ig-0566",
    "categoria": "dea",
    "nombre": "Unimarc",
    "tipo_recinto": "comercio",
    "referencia": "",
    "fuentes": [
     "comunidad:instagram"
    ],
    "verificacion": {
     "estado": "sin_verificar",
     "confirmaciones": 0,
     "reportes_ausencia": 0,
     "ultima_confirmacion": null
    }
   }
  },
  {
   "type": "Feature",
   "geometry": {
    "type": "Point",
    "coordinates": [
     -70.334314,
     -27.36572
    ]
   },
   "properties": {
    "id": "ig-0567",
    "categoria": "dea",
    "nombre": "Corona",
    "tipo_recinto": "comercio",
    "referencia": "",
    "fuentes": [
     "comunidad:instagram"
    ],
    "verificacion": {
     "estado": "sin_verificar",
     "confirmaciones": 0,
     "reportes_ausencia": 0,
     "ultima_confirmacion": null
    }
   }
  },
  {
   "type": "Feature",
   "geometry": {
    "type": "Point",
    "coordinates": [
     -70.332207,
     -27.367542
    ]
   },
   "properties": {
    "id": "ig-0568",
    "categoria": "dea",
    "nombre": "Banco de Chile - Copiapó",
    "tipo_recinto": "comercio",
    "referencia": "",
    "fuentes": [
     "comunidad:instagram"
    ],
    "verificacion": {
     "estado": "sin_verificar",
     "confirmaciones": 0,
     "reportes_ausencia": 0,
     "ultima_confirmacion": null
    }
   }
  },
  {
   "type": "Feature",
   "geometry": {
    "type": "Point",
    "coordinates": [
     -70.334827,
     -27.368008
    ]
   },
   "properties": {
    "id": "ig-0569",
    "categoria": "dea",
    "nombre": "Unimarc",
    "tipo_recinto": "comercio",
    "referencia": "",
    "fuentes": [
     "comunidad:instagram"
    ],
    "verificacion": {
     "estado": "sin_verificar",
     "confirmaciones": 0,
     "reportes_ausencia": 0,
     "ultima_confirmacion": null
    }
   }
  },
  {
   "type": "Feature",
   "geometry": {
    "type": "Point",
    "coordinates": [
     -70.333604,
     -27.369143
    ]
   },
   "properties": {
    "id": "ig-0570",
    "categoria": "dea",
    "nombre": "Anakena",
    "tipo_recinto": "hotel",
    "referencia": "",
    "fuentes": [
     "comunidad:instagram"
    ],
    "verificacion": {
     "estado": "sin_verificar",
     "confirmaciones": 0,
     "reportes_ausencia": 0,
     "ultima_confirmacion": null
    }
   }
  },
  {
   "type": "Feature",
   "geometry": {
    "type": "Point",
    "coordinates": [
     -70.335342,
     -27.373336
    ]
   },
   "properties": {
    "id": "ig-0571",
    "categoria": "dea",
    "nombre": "Sodimac Homecenter Copiapó Panamericana",
    "tipo_recinto": "comercio",
    "referencia": "",
    "fuentes": [
     "comunidad:instagram"
    ],
    "verificacion": {
     "estado": "sin_verificar",
     "confirmaciones": 0,
     "reportes_ausencia": 0,
     "ultima_confirmacion": null
    }
   }
  },
  {
   "type": "Feature",
   "geometry": {
    "type": "Point",
    "coordinates": [
     -70.332287,
     -27.379187
    ]
   },
   "properties": {
    "id": "ig-0572",
    "categoria": "dea",
    "nombre": "Santa Isabel",
    "tipo_recinto": "comercio",
    "referencia": "",
    "fuentes": [
     "comunidad:instagram"
    ],
    "verificacion": {
     "estado": "sin_verificar",
     "confirmaciones": 0,
     "reportes_ausencia": 0,
     "ultima_confirmacion": null
    }
   }
  },
  {
   "type": "Feature",
   "geometry": {
    "type": "Point",
    "coordinates": [
     -70.329602,
     -27.381119
    ]
   },
   "properties": {
    "id": "ig-0573",
    "categoria": "dea",
    "nombre": "Unimarc",
    "tipo_recinto": "comercio",
    "referencia": "",
    "fuentes": [
     "comunidad:instagram"
    ],
    "verificacion": {
     "estado": "sin_verificar",
     "confirmaciones": 0,
     "reportes_ausencia": 0,
     "ultima_confirmacion": null
    }
   }
  },
  {
   "type": "Feature",
   "geometry": {
    "type": "Point",
    "coordinates": [
     -70.313143,
     -27.379563
    ]
   },
   "properties": {
    "id": "ig-0574",
    "categoria": "dea",
    "nombre": "Gran Casino De Copiapo S.A.",
    "tipo_recinto": "cultura",
    "referencia": "",
    "fuentes": [
     "comunidad:instagram"
    ],
    "verificacion": {
     "estado": "sin_verificar",
     "confirmaciones": 0,
     "reportes_ausencia": 0,
     "ultima_confirmacion": null
    }
   }
  },
  {
   "type": "Feature",
   "geometry": {
    "type": "Point",
    "coordinates": [
     -70.310754,
     -27.386632
    ]
   },
   "properties": {
    "id": "ig-0575",
    "categoria": "dea",
    "nombre": "Colegio San Agustín de Atacama",
    "tipo_recinto": "educacional",
    "referencia": "",
    "fuentes": [
     "comunidad:instagram"
    ],
    "verificacion": {
     "estado": "sin_verificar",
     "confirmaciones": 0,
     "reportes_ausencia": 0,
     "ultima_confirmacion": null
    }
   }
  },
  {
   "type": "Feature",
   "geometry": {
    "type": "Point",
    "coordinates": [
     -70.293762,
     -27.397125
    ]
   },
   "properties": {
    "id": "ig-0576",
    "categoria": "dea",
    "nombre": "Sodimac Homecenter Copiapó Cordillera",
    "tipo_recinto": "comercio",
    "referencia": "",
    "fuentes": [
     "comunidad:instagram"
    ],
    "verificacion": {
     "estado": "sin_verificar",
     "confirmaciones": 0,
     "reportes_ausencia": 0,
     "ultima_confirmacion": null
    }
   }
  },
  {
   "type": "Feature",
   "geometry": {
    "type": "Point",
    "coordinates": [
     -71.623454,
     -35.436549
    ]
   },
   "properties": {
    "id": "ig-0577",
    "categoria": "dea",
    "nombre": "Inacap Talca",
    "tipo_recinto": "educacional",
    "referencia": "",
    "fuentes": [
     "comunidad:instagram"
    ],
    "verificacion": {
     "estado": "sin_verificar",
     "confirmaciones": 0,
     "reportes_ausencia": 0,
     "ultima_confirmacion": null
    }
   }
  },
  {
   "type": "Feature",
   "geometry": {
    "type": "Point",
    "coordinates": [
     -71.638861,
     -35.40495
    ]
   },
   "properties": {
    "id": "ig-0578",
    "categoria": "dea",
    "nombre": "Facultad de Odontología, Universidad de Talca",
    "tipo_recinto": "educacional",
    "referencia": "",
    "fuentes": [
     "comunidad:instagram"
    ],
    "verificacion": {
     "estado": "sin_verificar",
     "confirmaciones": 0,
     "reportes_ausencia": 0,
     "ultima_confirmacion": null
    }
   }
  },
  {
   "type": "Feature",
   "geometry": {
    "type": "Point",
    "coordinates": [
     -71.743525,
     -35.804023
    ]
   },
   "properties": {
    "id": "ig-0579",
    "categoria": "dea",
    "nombre": "Posta de Palmilla",
    "tipo_recinto": "salud",
    "referencia": "",
    "fuentes": [
     "comunidad:instagram"
    ],
    "verificacion": {
     "estado": "sin_verificar",
     "confirmaciones": 0,
     "reportes_ausencia": 0,
     "ultima_confirmacion": null
    }
   }
  },
  {
   "type": "Feature",
   "geometry": {
    "type": "Point",
    "coordinates": [
     -71.590197,
     -35.85148
    ]
   },
   "properties": {
    "id": "ig-0580",
    "categoria": "dea",
    "nombre": "Centro de Salud Familiar San Juan Dios de Linares",
    "tipo_recinto": "salud",
    "referencia": "",
    "fuentes": [
     "comunidad:instagram"
    ],
    "verificacion": {
     "estado": "sin_verificar",
     "confirmaciones": 0,
     "reportes_ausencia": 0,
     "ultima_confirmacion": null
    }
   }
  },
  {
   "type": "Feature",
   "geometry": {
    "type": "Point",
    "coordinates": [
     -71.551562,
     -33.025251
    ]
   },
   "properties": {
    "id": "ig-0581",
    "categoria": "dea",
    "nombre": "Santa Isabel",
    "tipo_recinto": "comercio",
    "referencia": "",
    "fuentes": [
     "comunidad:instagram"
    ],
    "verificacion": {
     "estado": "sin_verificar",
     "confirmaciones": 0,
     "reportes_ausencia": 0,
     "ultima_confirmacion": null
    }
   }
  },
  {
   "type": "Feature",
   "geometry": {
    "type": "Point",
    "coordinates": [
     -70.650531,
     -33.451544
    ]
   },
   "properties": {
    "id": "ig-0582",
    "categoria": "dea",
    "nombre": "Metro Parque Almagro Línea 3",
    "tipo_recinto": "metro",
    "referencia": "Estación del Metro\n(Piso Subterráneo)",
    "fuentes": [
     "comunidad:instagram"
    ],
    "verificacion": {
     "estado": "sin_verificar",
     "confirmaciones": 0,
     "reportes_ausencia": 0,
     "ultima_confirmacion": null
    }
   }
  },
  {
   "type": "Feature",
   "geometry": {
    "type": "Point",
    "coordinates": [
     -70.644221,
     -33.436451
    ]
   },
   "properties": {
    "id": "ig-0583",
    "categoria": "dea",
    "nombre": "Metro Bellas Artes",
    "tipo_recinto": "metro",
    "referencia": "Estación del Metro\n(Piso Subterráneo)",
    "fuentes": [
     "comunidad:instagram"
    ],
    "verificacion": {
     "estado": "sin_verificar",
     "confirmaciones": 0,
     "reportes_ausencia": 0,
     "ultima_confirmacion": null
    }
   }
  },
  {
   "type": "Feature",
   "geometry": {
    "type": "Point",
    "coordinates": [
     -70.584956,
     -33.431347
    ]
   },
   "properties": {
    "id": "ig-0584",
    "categoria": "dea",
    "nombre": "Metro Francisco Bilbao",
    "tipo_recinto": "metro",
    "referencia": "Estación del Metro\n(Piso Subterráneo)",
    "fuentes": [
     "comunidad:instagram"
    ],
    "verificacion": {
     "estado": "sin_verificar",
     "confirmaciones": 0,
     "reportes_ausencia": 0,
     "ultima_confirmacion": null
    }
   }
  },
  {
   "type": "Feature",
   "geometry": {
    "type": "Point",
    "coordinates": [
     -70.571838,
     -33.445761
    ]
   },
   "properties": {
    "id": "ig-0585",
    "categoria": "dea",
    "nombre": "Metro Simón Bolívar",
    "tipo_recinto": "metro",
    "referencia": "Estación del Metro\n(Piso Subterráneo)",
    "fuentes": [
     "comunidad:instagram"
    ],
    "verificacion": {
     "estado": "sin_verificar",
     "confirmaciones": 0,
     "reportes_ausencia": 0,
     "ultima_confirmacion": null
    }
   }
  },
  {
   "type": "Feature",
   "geometry": {
    "type": "Point",
    "coordinates": [
     -70.573303,
     -33.439116
    ]
   },
   "properties": {
    "id": "ig-0586",
    "categoria": "dea",
    "nombre": "Metro Príncipe de Gales",
    "tipo_recinto": "metro",
    "referencia": "Estación del Metro\n(Piso Subterráneo)",
    "fuentes": [
     "comunidad:instagram"
    ],
    "verificacion": {
     "estado": "sin_verificar",
     "confirmaciones": 0,
     "reportes_ausencia": 0,
     "ultima_confirmacion": null
    }
   }
  },
  {
   "type": "Feature",
   "geometry": {
    "type": "Point",
    "coordinates": [
     -70.606113,
     -33.462282
    ]
   },
   "properties": {
    "id": "ig-0587",
    "categoria": "dea",
    "nombre": "Metro Estadio Nacional",
    "tipo_recinto": "metro",
    "referencia": "Estación del Metro\n(Piso Subterráneo)",
    "fuentes": [
     "comunidad:instagram"
    ],
    "verificacion": {
     "estado": "sin_verificar",
     "confirmaciones": 0,
     "reportes_ausencia": 0,
     "ultima_confirmacion": null
    }
   }
  },
  {
   "type": "Feature",
   "geometry": {
    "type": "Point",
    "coordinates": [
     -70.64572,
     -33.44269
    ]
   },
   "properties": {
    "id": "ig-0588",
    "categoria": "dea",
    "nombre": "Metro Santa Lucía",
    "tipo_recinto": "metro",
    "referencia": "Estación del Metro\n(Piso Subterráneo)",
    "fuentes": [
     "comunidad:instagram"
    ],
    "verificacion": {
     "estado": "sin_verificar",
     "confirmaciones": 0,
     "reportes_ausencia": 0,
     "ultima_confirmacion": null
    }
   }
  },
  {
   "type": "Feature",
   "geometry": {
    "type": "Point",
    "coordinates": [
     -70.57073,
     -33.45328
    ]
   },
   "properties": {
    "id": "ig-0589",
    "categoria": "dea",
    "nombre": "Metro Plaza Egaña",
    "tipo_recinto": "metro",
    "referencia": "En todos los niveles (-1, -2, -3)",
    "fuentes": [
     "comunidad:instagram"
    ],
    "verificacion": {
     "estado": "sin_verificar",
     "confirmaciones": 0,
     "reportes_ausencia": 0,
     "ultima_confirmacion": null
    }
   }
  },
  {
   "type": "Feature",
   "geometry": {
    "type": "Point",
    "coordinates": [
     -70.642472,
     -33.391158
    ]
   },
   "properties": {
    "id": "ig-0590",
    "categoria": "dea",
    "nombre": "Metro Zapadores",
    "tipo_recinto": "metro",
    "referencia": "Estación del Metro (Piso Subterráneo)",
    "fuentes": [
     "comunidad:instagram"
    ],
    "verificacion": {
     "estado": "sin_verificar",
     "confirmaciones": 0,
     "reportes_ausencia": 0,
     "ultima_confirmacion": null
    }
   }
  },
  {
   "type": "Feature",
   "geometry": {
    "type": "Point",
    "coordinates": [
     -70.61427,
     -33.42547
    ]
   },
   "properties": {
    "id": "ig-0591",
    "categoria": "dea",
    "nombre": "Metro Pedro de Valdivia",
    "tipo_recinto": "metro",
    "referencia": "Estación del Metro (Piso subterráneo)",
    "fuentes": [
     "comunidad:instagram"
    ],
    "verificacion": {
     "estado": "sin_verificar",
     "confirmaciones": 0,
     "reportes_ausencia": 0,
     "ultima_confirmacion": null
    }
   }
  },
  {
   "type": "Feature",
   "geometry": {
    "type": "Point",
    "coordinates": [
     -70.570244,
     -33.463947
    ]
   },
   "properties": {
    "id": "ig-0592",
    "categoria": "dea",
    "nombre": "Estación de metro los orientales",
    "tipo_recinto": "metro",
    "referencia": "Estación del Metro\n(Piso Subterráneo)",
    "fuentes": [
     "comunidad:instagram"
    ],
    "verificacion": {
     "estado": "sin_verificar",
     "confirmaciones": 0,
     "reportes_ausencia": 0,
     "ultima_confirmacion": null
    }
   }
  },
  {
   "type": "Feature",
   "geometry": {
    "type": "Point",
    "coordinates": [
     -70.62659,
     -33.43311
    ]
   },
   "properties": {
    "id": "ig-0593",
    "categoria": "dea",
    "nombre": "Metro Salvador",
    "tipo_recinto": "metro",
    "referencia": "Estación del Metro\n(Piso Subterráneo)",
    "fuentes": [
     "comunidad:instagram"
    ],
    "verificacion": {
     "estado": "sin_verificar",
     "confirmaciones": 0,
     "reportes_ausencia": 0,
     "ultima_confirmacion": null
    }
   }
  },
  {
   "type": "Feature",
   "geometry": {
    "type": "Point",
    "coordinates": [
     -70.605443,
     -33.454471
    ]
   },
   "properties": {
    "id": "ig-0594",
    "categoria": "dea",
    "nombre": "Metro Ñuñoa L6 y L3",
    "tipo_recinto": "metro",
    "referencia": "Estación del Metro\n(Piso Subterráneo)",
    "fuentes": [
     "comunidad:instagram"
    ],
    "verificacion": {
     "estado": "sin_verificar",
     "confirmaciones": 0,
     "reportes_ausencia": 0,
     "ultima_confirmacion": null
    }
   }
  },
  {
   "type": "Feature",
   "geometry": {
    "type": "Point",
    "coordinates": [
     -70.580152,
     -33.454813
    ]
   },
   "properties": {
    "id": "ig-0595",
    "categoria": "dea",
    "nombre": "Metro Estación Villa Frei",
    "tipo_recinto": "metro",
    "referencia": "Estación del Metro\n(Piso Subterráneo)",
    "fuentes": [
     "comunidad:instagram"
    ],
    "verificacion": {
     "estado": "sin_verificar",
     "confirmaciones": 0,
     "reportes_ausencia": 0,
     "ultima_confirmacion": null
    }
   }
  },
  {
   "type": "Feature",
   "geometry": {
    "type": "Point",
    "coordinates": [
     -71.627193,
     -33.038506
    ]
   },
   "properties": {
    "id": "ig-0596",
    "categoria": "dea",
    "nombre": "Estación Puerto",
    "tipo_recinto": "metro",
    "referencia": "",
    "fuentes": [
     "comunidad:instagram"
    ],
    "verificacion": {
     "estado": "sin_verificar",
     "confirmaciones": 0,
     "reportes_ausencia": 0,
     "ultima_confirmacion": null
    }
   }
  },
  {
   "type": "Feature",
   "geometry": {
    "type": "Point",
    "coordinates": [
     -70.59125,
     -33.426297
    ]
   },
   "properties": {
    "id": "ig-0597",
    "categoria": "dea",
    "nombre": "Metro Cristóbal Colón",
    "tipo_recinto": "metro",
    "referencia": "Estación de Metro",
    "fuentes": [
     "comunidad:instagram"
    ],
    "verificacion": {
     "estado": "sin_verificar",
     "confirmaciones": 0,
     "reportes_ausencia": 0,
     "ultima_confirmacion": null
    }
   }
  },
  {
   "type": "Feature",
   "geometry": {
    "type": "Point",
    "coordinates": [
     -71.606378,
     -33.047023
    ]
   },
   "properties": {
    "id": "ig-0598",
    "categoria": "dea",
    "nombre": "Terminal Rodoviario Valparaíso",
    "tipo_recinto": "metro",
    "referencia": "",
    "fuentes": [
     "comunidad:instagram"
    ],
    "verificacion": {
     "estado": "sin_verificar",
     "confirmaciones": 0,
     "reportes_ausencia": 0,
     "ultima_confirmacion": null
    }
   }
  },
  {
   "type": "Feature",
   "geometry": {
    "type": "Point",
    "coordinates": [
     -70.630651,
     -33.44706
    ]
   },
   "properties": {
    "id": "ig-0599",
    "categoria": "dea",
    "nombre": "Metro Santa Isabel",
    "tipo_recinto": "metro",
    "referencia": "Estación del Metro\n(Piso Subterráneo)",
    "fuentes": [
     "comunidad:instagram"
    ],
    "verificacion": {
     "estado": "sin_verificar",
     "confirmaciones": 0,
     "reportes_ausencia": 0,
     "ultima_confirmacion": null
    }
   }
  },
  {
   "type": "Feature",
   "geometry": {
    "type": "Point",
    "coordinates": [
     -70.55666,
     -33.408242
    ]
   },
   "properties": {
    "id": "ig-0600",
    "categoria": "dea",
    "nombre": "Metro Hernando de Magallanes",
    "tipo_recinto": "metro",
    "referencia": "Estación del Metro\n(Piso Subterráneo)",
    "fuentes": [
     "comunidad:instagram"
    ],
    "verificacion": {
     "estado": "sin_verificar",
     "confirmaciones": 0,
     "reportes_ausencia": 0,
     "ultima_confirmacion": null
    }
   }
  },
  {
   "type": "Feature",
   "geometry": {
    "type": "Point",
    "coordinates": [
     -70.613966,
     -33.453441
    ]
   },
   "properties": {
    "id": "ig-0601",
    "categoria": "dea",
    "nombre": "Metro Monseñor Eyzaguirre - L3",
    "tipo_recinto": "metro",
    "referencia": "Estación del Metro\n(Piso Subterráneo)",
    "fuentes": [
     "comunidad:instagram"
    ],
    "verificacion": {
     "estado": "sin_verificar",
     "confirmaciones": 0,
     "reportes_ausencia": 0,
     "ultima_confirmacion": null
    }
   }
  },
  {
   "type": "Feature",
   "geometry": {
    "type": "Point",
    "coordinates": [
     -70.70039,
     -33.456607
    ]
   },
   "properties": {
    "id": "ig-0602",
    "categoria": "dea",
    "nombre": "METRO ECUADOR",
    "tipo_recinto": "metro",
    "referencia": "Estación del Metro\n(Piso Subterráneo)",
    "fuentes": [
     "comunidad:instagram"
    ],
    "verificacion": {
     "estado": "sin_verificar",
     "confirmaciones": 0,
     "reportes_ausencia": 0,
     "ultima_confirmacion": null
    }
   }
  },
  {
   "type": "Feature",
   "geometry": {
    "type": "Point",
    "coordinates": [
     -70.606007,
     -33.513263
    ]
   },
   "properties": {
    "id": "ig-0603",
    "categoria": "dea",
    "nombre": "Metro Mirador",
    "tipo_recinto": "metro",
    "referencia": "",
    "fuentes": [
     "comunidad:instagram"
    ],
    "verificacion": {
     "estado": "sin_verificar",
     "confirmaciones": 0,
     "reportes_ausencia": 0,
     "ultima_confirmacion": null
    }
   }
  },
  {
   "type": "Feature",
   "geometry": {
    "type": "Point",
    "coordinates": [
     -70.596756,
     -33.526337
    ]
   },
   "properties": {
    "id": "ig-0604",
    "categoria": "dea",
    "nombre": "Metro Vicente Valdés",
    "tipo_recinto": "metro",
    "referencia": "",
    "fuentes": [
     "comunidad:instagram"
    ],
    "verificacion": {
     "estado": "sin_verificar",
     "confirmaciones": 0,
     "reportes_ausencia": 0,
     "ultima_confirmacion": null
    }
   }
  },
  {
   "type": "Feature",
   "geometry": {
    "type": "Point",
    "coordinates": [
     -70.596132,
     -33.417006
    ]
   },
   "properties": {
    "id": "ig-0605",
    "categoria": "dea",
    "nombre": "Clínica Dental Santa María El Golf",
    "tipo_recinto": "salud",
    "referencia": "",
    "fuentes": [
     "comunidad:instagram"
    ],
    "verificacion": {
     "estado": "sin_verificar",
     "confirmaciones": 0,
     "reportes_ausencia": 0,
     "ultima_confirmacion": null
    }
   }
  },
  {
   "type": "Feature",
   "geometry": {
    "type": "Point",
    "coordinates": [
     -70.579511,
     -33.501191
    ]
   },
   "properties": {
    "id": "ig-0606",
    "categoria": "dea",
    "nombre": "CRS de Peñalolen Cordillera Oriente",
    "tipo_recinto": "salud",
    "referencia": "Atención Diurna.",
    "fuentes": [
     "comunidad:instagram"
    ],
    "verificacion": {
     "estado": "sin_verificar",
     "confirmaciones": 0,
     "reportes_ausencia": 0,
     "ultima_confirmacion": null
    }
   }
  },
  {
   "type": "Feature",
   "geometry": {
    "type": "Point",
    "coordinates": [
     -71.543705,
     -32.956565
    ]
   },
   "properties": {
    "id": "ig-0607",
    "categoria": "dea",
    "nombre": "Centro Médico Clínica Ciudad del Mar",
    "tipo_recinto": "salud",
    "referencia": "",
    "fuentes": [
     "comunidad:instagram"
    ],
    "verificacion": {
     "estado": "sin_verificar",
     "confirmaciones": 0,
     "reportes_ausencia": 0,
     "ultima_confirmacion": null
    }
   }
  },
  {
   "type": "Feature",
   "geometry": {
    "type": "Point",
    "coordinates": [
     -71.24859,
     -32.8828
    ]
   },
   "properties": {
    "id": "ig-0608",
    "categoria": "dea",
    "nombre": "CEO centro de especialidades odontológicas",
    "tipo_recinto": "salud",
    "referencia": "",
    "fuentes": [
     "comunidad:instagram"
    ],
    "verificacion": {
     "estado": "sin_verificar",
     "confirmaciones": 0,
     "reportes_ausencia": 0,
     "ultima_confirmacion": null
    }
   }
  },
  {
   "type": "Feature",
   "geometry": {
    "type": "Point",
    "coordinates": [
     -71.684194,
     -33.438475
    ]
   },
   "properties": {
    "id": "ig-0609",
    "categoria": "dea",
    "nombre": "Cecosf Isla Negra",
    "tipo_recinto": "salud",
    "referencia": "",
    "fuentes": [
     "comunidad:instagram"
    ],
    "verificacion": {
     "estado": "sin_verificar",
     "confirmaciones": 0,
     "reportes_ausencia": 0,
     "ultima_confirmacion": null
    }
   }
  },
  {
   "type": "Feature",
   "geometry": {
    "type": "Point",
    "coordinates": [
     -71.629716,
     -33.039472
    ]
   },
   "properties": {
    "id": "ig-0610",
    "categoria": "dea",
    "nombre": "CESFAM - Consultorio Plaza Justicia",
    "tipo_recinto": "salud",
    "referencia": "",
    "fuentes": [
     "comunidad:instagram"
    ],
    "verificacion": {
     "estado": "sin_verificar",
     "confirmaciones": 0,
     "reportes_ausencia": 0,
     "ultima_confirmacion": null
    }
   }
  },
  {
   "type": "Feature",
   "geometry": {
    "type": "Point",
    "coordinates": [
     -71.626813,
     -33.039489
    ]
   },
   "properties": {
    "id": "ig-0611",
    "categoria": "dea",
    "nombre": "CSMC Domingo Asún Salazar",
    "tipo_recinto": "salud",
    "referencia": "",
    "fuentes": [
     "comunidad:instagram"
    ],
    "verificacion": {
     "estado": "sin_verificar",
     "confirmaciones": 0,
     "reportes_ausencia": 0,
     "ultima_confirmacion": null
    }
   }
  },
  {
   "type": "Feature",
   "geometry": {
    "type": "Point",
    "coordinates": [
     -71.612782,
     -33.593617
    ]
   },
   "properties": {
    "id": "ig-0612",
    "categoria": "dea",
    "nombre": "Casa Azul, Centro de Salud Mental Comunitario.",
    "tipo_recinto": "salud",
    "referencia": "",
    "fuentes": [
     "comunidad:instagram"
    ],
    "verificacion": {
     "estado": "sin_verificar",
     "confirmaciones": 0,
     "reportes_ausencia": 0,
     "ultima_confirmacion": null
    }
   }
  },
  {
   "type": "Feature",
   "geometry": {
    "type": "Point",
    "coordinates": [
     -71.60963,
     -33.052462
    ]
   },
   "properties": {
    "id": "ig-0613",
    "categoria": "dea",
    "nombre": "CESFAM JEAN Y MARIE THIERRY",
    "tipo_recinto": "salud",
    "referencia": "",
    "fuentes": [
     "comunidad:instagram"
    ],
    "verificacion": {
     "estado": "sin_verificar",
     "confirmaciones": 0,
     "reportes_ausencia": 0,
     "ultima_confirmacion": null
    }
   }
  },
  {
   "type": "Feature",
   "geometry": {
    "type": "Point",
    "coordinates": [
     -71.616531,
     -33.048965
    ]
   },
   "properties": {
    "id": "ig-0614",
    "categoria": "dea",
    "nombre": "Sapu Alta Resolución VALPARAÍSO",
    "tipo_recinto": "salud",
    "referencia": "",
    "fuentes": [
     "comunidad:instagram"
    ],
    "verificacion": {
     "estado": "sin_verificar",
     "confirmaciones": 0,
     "reportes_ausencia": 0,
     "ultima_confirmacion": null
    }
   }
  },
  {
   "type": "Feature",
   "geometry": {
    "type": "Point",
    "coordinates": [
     -71.609883,
     -33.052558
    ]
   },
   "properties": {
    "id": "ig-0615",
    "categoria": "dea",
    "nombre": "Centro de Sangre Valparaíso",
    "tipo_recinto": "salud",
    "referencia": "",
    "fuentes": [
     "comunidad:instagram"
    ],
    "verificacion": {
     "estado": "sin_verificar",
     "confirmaciones": 0,
     "reportes_ausencia": 0,
     "ultima_confirmacion": null
    }
   }
  },
  {
   "type": "Feature",
   "geometry": {
    "type": "Point",
    "coordinates": [
     -71.621456,
     -33.044074
    ]
   },
   "properties": {
    "id": "ig-0616",
    "categoria": "dea",
    "nombre": "Servicio de Salud Valparaíso",
    "tipo_recinto": "salud",
    "referencia": "",
    "fuentes": [
     "comunidad:instagram"
    ],
    "verificacion": {
     "estado": "sin_verificar",
     "confirmaciones": 0,
     "reportes_ausencia": 0,
     "ultima_confirmacion": null
    }
   }
  },
  {
   "type": "Feature",
   "geometry": {
    "type": "Point",
    "coordinates": [
     -70.794151,
     -33.568062
    ]
   },
   "properties": {
    "id": "ig-0617",
    "categoria": "dea",
    "nombre": "Clínica dental - Som Clinic",
    "tipo_recinto": "salud",
    "referencia": "",
    "fuentes": [
     "comunidad:instagram"
    ],
    "verificacion": {
     "estado": "sin_verificar",
     "confirmaciones": 0,
     "reportes_ausencia": 0,
     "ultima_confirmacion": null
    }
   }
  },
  {
   "type": "Feature",
   "geometry": {
    "type": "Point",
    "coordinates": [
     -70.622737,
     -33.43684
    ]
   },
   "properties": {
    "id": "ig-0618",
    "categoria": "dea",
    "nombre": "Instituto de Neurocirugía",
    "tipo_recinto": "salud",
    "referencia": "",
    "fuentes": [
     "comunidad:instagram"
    ],
    "verificacion": {
     "estado": "sin_verificar",
     "confirmaciones": 0,
     "reportes_ausencia": 0,
     "ultima_confirmacion": null
    }
   }
  },
  {
   "type": "Feature",
   "geometry": {
    "type": "Point",
    "coordinates": [
     -70.605128,
     -33.419045
    ]
   },
   "properties": {
    "id": "ig-0619",
    "categoria": "dea",
    "nombre": "Hospital Metropolitano de Santiago",
    "tipo_recinto": "salud",
    "referencia": "",
    "fuentes": [
     "comunidad:instagram"
    ],
    "verificacion": {
     "estado": "sin_verificar",
     "confirmaciones": 0,
     "reportes_ausencia": 0,
     "ultima_confirmacion": null
    }
   }
  },
  {
   "type": "Feature",
   "geometry": {
    "type": "Point",
    "coordinates": [
     -70.622227,
     -33.43809
    ]
   },
   "properties": {
    "id": "ig-0620",
    "categoria": "dea",
    "nombre": "Hospital del Tórax - Instituto Nacional de Enfermedades Respiratorias y Cirugía Torácica",
    "tipo_recinto": "salud",
    "referencia": "",
    "fuentes": [
     "comunidad:instagram"
    ],
    "verificacion": {
     "estado": "sin_verificar",
     "confirmaciones": 0,
     "reportes_ausencia": 0,
     "ultima_confirmacion": null
    }
   }
  },
  {
   "type": "Feature",
   "geometry": {
    "type": "Point",
    "coordinates": [
     -70.569724,
     -33.460037
    ]
   },
   "properties": {
    "id": "ig-0621",
    "categoria": "dea",
    "nombre": "Instituto Nacional de Rehabilitación Pedro Aguirre Cerda",
    "tipo_recinto": "salud",
    "referencia": "",
    "fuentes": [
     "comunidad:instagram"
    ],
    "verificacion": {
     "estado": "sin_verificar",
     "confirmaciones": 0,
     "reportes_ausencia": 0,
     "ultima_confirmacion": null
    }
   }
  },
  {
   "type": "Feature",
   "geometry": {
    "type": "Point",
    "coordinates": [
     -70.622051,
     -33.434859
    ]
   },
   "properties": {
    "id": "ig-0622",
    "categoria": "dea",
    "nombre": "Instituto Nacional Geriátrico Presidente Eduardo Frei Montalva",
    "tipo_recinto": "salud",
    "referencia": "",
    "fuentes": [
     "comunidad:instagram"
    ],
    "verificacion": {
     "estado": "sin_verificar",
     "confirmaciones": 0,
     "reportes_ausencia": 0,
     "ultima_confirmacion": null
    }
   }
  },
  {
   "type": "Feature",
   "geometry": {
    "type": "Point",
    "coordinates": [
     -70.741022,
     -34.165012
    ]
   },
   "properties": {
    "id": "ig-0623",
    "categoria": "dea",
    "nombre": "Servicio de Salud OHiggins",
    "tipo_recinto": "salud",
    "referencia": "",
    "fuentes": [
     "comunidad:instagram"
    ],
    "verificacion": {
     "estado": "sin_verificar",
     "confirmaciones": 0,
     "reportes_ausencia": 0,
     "ultima_confirmacion": null
    }
   }
  },
  {
   "type": "Feature",
   "geometry": {
    "type": "Point",
    "coordinates": [
     -70.742276,
     -34.164803
    ]
   },
   "properties": {
    "id": "ig-0624",
    "categoria": "dea",
    "nombre": "SAMU Base Rancagua - Centro Regulador",
    "tipo_recinto": "salud",
    "referencia": "",
    "fuentes": [
     "comunidad:instagram"
    ],
    "verificacion": {
     "estado": "sin_verificar",
     "confirmaciones": 0,
     "reportes_ausencia": 0,
     "ultima_confirmacion": null
    }
   }
  },
  {
   "type": "Feature",
   "geometry": {
    "type": "Point",
    "coordinates": [
     -70.723829,
     -34.162826
    ]
   },
   "properties": {
    "id": "ig-0625",
    "categoria": "dea",
    "nombre": "SAR Oriente",
    "tipo_recinto": "salud",
    "referencia": "",
    "fuentes": [
     "comunidad:instagram"
    ],
    "verificacion": {
     "estado": "sin_verificar",
     "confirmaciones": 0,
     "reportes_ausencia": 0,
     "ultima_confirmacion": null
    }
   }
  },
  {
   "type": "Feature",
   "geometry": {
    "type": "Point",
    "coordinates": [
     -71.100201,
     -34.032078
    ]
   },
   "properties": {
    "id": "ig-0626",
    "categoria": "dea",
    "nombre": "CESFAM Alhué",
    "tipo_recinto": "salud",
    "referencia": "",
    "fuentes": [
     "comunidad:instagram"
    ],
    "verificacion": {
     "estado": "sin_verificar",
     "confirmaciones": 0,
     "reportes_ausencia": 0,
     "ultima_confirmacion": null
    }
   }
  },
  {
   "type": "Feature",
   "geometry": {
    "type": "Point",
    "coordinates": [
     -70.535072,
     -33.382289
    ]
   },
   "properties": {
    "id": "ig-0627",
    "categoria": "dea",
    "nombre": "Clínica RedSalud Vitacura - Servicios de Urgencia 24 horas",
    "tipo_recinto": "salud_24h",
    "referencia": "",
    "fuentes": [
     "comunidad:instagram"
    ],
    "verificacion": {
     "estado": "sin_verificar",
     "confirmaciones": 0,
     "reportes_ausencia": 0,
     "ultima_confirmacion": null
    }
   }
  },
  {
   "type": "Feature",
   "geometry": {
    "type": "Point",
    "coordinates": [
     -70.538325,
     -33.45061
    ]
   },
   "properties": {
    "id": "ig-0628",
    "categoria": "dea",
    "nombre": "Hospital Militar de Santiago",
    "tipo_recinto": "salud_24h",
    "referencia": "Todos los pisos. Urgencia con funcionamiento 24 horas.",
    "fuentes": [
     "comunidad:instagram"
    ],
    "verificacion": {
     "estado": "sin_verificar",
     "confirmaciones": 0,
     "reportes_ausencia": 0,
     "ultima_confirmacion": null
    }
   }
  },
  {
   "type": "Feature",
   "geometry": {
    "type": "Point",
    "coordinates": [
     -70.629055,
     -33.432232
    ]
   },
   "properties": {
    "id": "ig-0629",
    "categoria": "dea",
    "nombre": "Clínica Santa María",
    "tipo_recinto": "salud_24h",
    "referencia": "Todos los pisos. Urgencia con Funcionamiento 24 horas.",
    "fuentes": [
     "comunidad:instagram"
    ],
    "verificacion": {
     "estado": "sin_verificar",
     "confirmaciones": 0,
     "reportes_ausencia": 0,
     "ultima_confirmacion": null
    }
   }
  },
  {
   "type": "Feature",
   "geometry": {
    "type": "Point",
    "coordinates": [
     -70.646003,
     -33.48433
    ]
   },
   "properties": {
    "id": "ig-0630",
    "categoria": "dea",
    "nombre": "Hospital Barros Luco Trudeau",
    "tipo_recinto": "salud_24h",
    "referencia": "Urgencia Adulto.\nServicio de Salud Metropolitano Sur.",
    "fuentes": [
     "comunidad:instagram"
    ],
    "verificacion": {
     "estado": "sin_verificar",
     "confirmaciones": 0,
     "reportes_ausencia": 0,
     "ultima_confirmacion": null
    }
   }
  },
  {
   "type": "Feature",
   "geometry": {
    "type": "Point",
    "coordinates": [
     -70.648096,
     -33.484877
    ]
   },
   "properties": {
    "id": "ig-0631",
    "categoria": "dea",
    "nombre": "Hospital Dr. Exequiel González Cortés",
    "tipo_recinto": "salud_24h",
    "referencia": "Urgencia Pediátrica. Servicio de Salud Metropolitano Sur.",
    "fuentes": [
     "comunidad:instagram"
    ],
    "verificacion": {
     "estado": "sin_verificar",
     "confirmaciones": 0,
     "reportes_ausencia": 0,
     "ultima_confirmacion": null
    }
   }
  },
  {
   "type": "Feature",
   "geometry": {
    "type": "Point",
    "coordinates": [
     -70.676739,
     -33.584558
    ]
   },
   "properties": {
    "id": "ig-0632",
    "categoria": "dea",
    "nombre": "Hospital El Pino",
    "tipo_recinto": "salud_24h",
    "referencia": "Urgencia Adulto-Pediátrica. Servicio de Salud Metropolitano Sur.",
    "fuentes": [
     "comunidad:instagram"
    ],
    "verificacion": {
     "estado": "sin_verificar",
     "confirmaciones": 0,
     "reportes_ausencia": 0,
     "ultima_confirmacion": null
    }
   }
  },
  {
   "type": "Feature",
   "geometry": {
    "type": "Point",
    "coordinates": [
     -70.739626,
     -33.735041
    ]
   },
   "properties": {
    "id": "ig-0633",
    "categoria": "dea",
    "nombre": "Hospital San Luis de Buin",
    "tipo_recinto": "salud_24h",
    "referencia": "Urgencia Adulto. Servicio de Salud Metropolitano Sur.",
    "fuentes": [
     "comunidad:instagram"
    ],
    "verificacion": {
     "estado": "sin_verificar",
     "confirmaciones": 0,
     "reportes_ausencia": 0,
     "ultima_confirmacion": null
    }
   }
  },
  {
   "type": "Feature",
   "geometry": {
    "type": "Point",
    "coordinates": [
     -70.623728,
     -33.439371
    ]
   },
   "properties": {
    "id": "ig-0634",
    "categoria": "dea",
    "nombre": "Urgencias Hospital del Salvador",
    "tipo_recinto": "salud_24h",
    "referencia": "Funcionamiento 24 horas. Servicio de Salud Metropolitano Oriente.",
    "fuentes": [
     "comunidad:instagram"
    ],
    "verificacion": {
     "estado": "sin_verificar",
     "confirmaciones": 0,
     "reportes_ausencia": 0,
     "ultima_confirmacion": null
    }
   }
  },
  {
   "type": "Feature",
   "geometry": {
    "type": "Point",
    "coordinates": [
     -70.579127,
     -33.500789
    ]
   },
   "properties": {
    "id": "ig-0635",
    "categoria": "dea",
    "nombre": "Hospital Dr. Luis Tisné Brousse",
    "tipo_recinto": "salud_24h",
    "referencia": "Funcionamiento 24 horas. Servicio de Salud Metropolitano Oriente.",
    "fuentes": [
     "comunidad:instagram"
    ],
    "verificacion": {
     "estado": "sin_verificar",
     "confirmaciones": 0,
     "reportes_ausencia": 0,
     "ultima_confirmacion": null
    }
   }
  },
  {
   "type": "Feature",
   "geometry": {
    "type": "Point",
    "coordinates": [
     -70.614527,
     -33.429848
    ]
   },
   "properties": {
    "id": "ig-0636",
    "categoria": "dea",
    "nombre": "Hospital Luis Calvo Mackenna",
    "tipo_recinto": "salud_24h",
    "referencia": "Urgencia Pediátrica. Funcionamiento 24 horas. Servicio de Salud Metropolitano Oriente.",
    "fuentes": [
     "comunidad:instagram"
    ],
    "verificacion": {
     "estado": "sin_verificar",
     "confirmaciones": 0,
     "reportes_ausencia": 0,
     "ultima_confirmacion": null
    }
   }
  },
  {
   "type": "Feature",
   "geometry": {
    "type": "Point",
    "coordinates": [
     -71.61074,
     -33.050628
    ]
   },
   "properties": {
    "id": "ig-0637",
    "categoria": "dea",
    "nombre": "Hospital Carlos Van Buren",
    "tipo_recinto": "salud_24h",
    "referencia": "",
    "fuentes": [
     "comunidad:instagram"
    ],
    "verificacion": {
     "estado": "sin_verificar",
     "confirmaciones": 0,
     "reportes_ausencia": 0,
     "ultima_confirmacion": null
    }
   }
  },
  {
   "type": "Feature",
   "geometry": {
    "type": "Point",
    "coordinates": [
     -71.589991,
     -33.056592
    ]
   },
   "properties": {
    "id": "ig-0638",
    "categoria": "dea",
    "nombre": "Hospital Dr. Eduardo Pereira",
    "tipo_recinto": "salud_24h",
    "referencia": "",
    "fuentes": [
     "comunidad:instagram"
    ],
    "verificacion": {
     "estado": "sin_verificar",
     "confirmaciones": 0,
     "reportes_ausencia": 0,
     "ultima_confirmacion": null
    }
   }
  },
  {
   "type": "Feature",
   "geometry": {
    "type": "Point",
    "coordinates": [
     -71.642132,
     -33.021062
    ]
   },
   "properties": {
    "id": "ig-0639",
    "categoria": "dea",
    "nombre": "Hospital El Salvador Valparaíso",
    "tipo_recinto": "salud_24h",
    "referencia": "",
    "fuentes": [
     "comunidad:instagram"
    ],
    "verificacion": {
     "estado": "sin_verificar",
     "confirmaciones": 0,
     "reportes_ausencia": 0,
     "ultima_confirmacion": null
    }
   }
  },
  {
   "type": "Feature",
   "geometry": {
    "type": "Point",
    "coordinates": [
     -71.415551,
     -33.314458
    ]
   },
   "properties": {
    "id": "ig-0640",
    "categoria": "dea",
    "nombre": "Hospital San José",
    "tipo_recinto": "salud_24h",
    "referencia": "",
    "fuentes": [
     "comunidad:instagram"
    ],
    "verificacion": {
     "estado": "sin_verificar",
     "confirmaciones": 0,
     "reportes_ausencia": 0,
     "ultima_confirmacion": null
    }
   }
  },
  {
   "type": "Feature",
   "geometry": {
    "type": "Point",
    "coordinates": [
     -71.608557,
     -33.589027
    ]
   },
   "properties": {
    "id": "ig-0641",
    "categoria": "dea",
    "nombre": "Hospital Claudio Vicuña",
    "tipo_recinto": "salud_24h",
    "referencia": "",
    "fuentes": [
     "comunidad:instagram"
    ],
    "verificacion": {
     "estado": "sin_verificar",
     "confirmaciones": 0,
     "reportes_ausencia": 0,
     "ultima_confirmacion": null
    }
   }
  },
  {
   "type": "Feature",
   "geometry": {
    "type": "Point",
    "coordinates": [
     -70.549853,
     -33.575761
    ]
   },
   "properties": {
    "id": "ig-0642",
    "categoria": "dea",
    "nombre": "Hospital Psiquiátrico el Peral",
    "tipo_recinto": "salud_24h",
    "referencia": "Oficio transparencia",
    "fuentes": [
     "comunidad:instagram"
    ],
    "verificacion": {
     "estado": "sin_verificar",
     "confirmaciones": 0,
     "reportes_ausencia": 0,
     "ultima_confirmacion": null
    }
   }
  },
  {
   "type": "Feature",
   "geometry": {
    "type": "Point",
    "coordinates": [
     -70.648215,
     -33.484905
    ]
   },
   "properties": {
    "id": "ig-0643",
    "categoria": "dea",
    "nombre": "Hospital de Enfermedades Infecciosas Dr Lucio Córdova",
    "tipo_recinto": "salud_24h",
    "referencia": "",
    "fuentes": [
     "comunidad:instagram"
    ],
    "verificacion": {
     "estado": "sin_verificar",
     "confirmaciones": 0,
     "reportes_ausencia": 0,
     "ultima_confirmacion": null
    }
   }
  },
  {
   "type": "Feature",
   "geometry": {
    "type": "Point",
    "coordinates": [
     -109.421036,
     -27.150381
    ]
   },
   "properties": {
    "id": "ig-0644",
    "categoria": "dea",
    "nombre": "Hospital de Hanga Roa",
    "tipo_recinto": "salud_24h",
    "referencia": "",
    "fuentes": [
     "comunidad:instagram"
    ],
    "verificacion": {
     "estado": "sin_verificar",
     "confirmaciones": 0,
     "reportes_ausencia": 0,
     "ultima_confirmacion": null
    }
   }
  },
  {
   "type": "Feature",
   "geometry": {
    "type": "Point",
    "coordinates": [
     -70.95381,
     -34.26845
    ]
   },
   "properties": {
    "id": "ig-0645",
    "categoria": "dea",
    "nombre": "Hospital Coinco",
    "tipo_recinto": "salud_24h",
    "referencia": "",
    "fuentes": [
     "comunidad:instagram"
    ],
    "verificacion": {
     "estado": "sin_verificar",
     "confirmaciones": 0,
     "reportes_ausencia": 0,
     "ultima_confirmacion": null
    }
   }
  },
  {
   "type": "Feature",
   "geometry": {
    "type": "Point",
    "coordinates": [
     -71.61675,
     -34.398925
    ]
   },
   "properties": {
    "id": "ig-0646",
    "categoria": "dea",
    "nombre": "Hospital de Marchigüe",
    "tipo_recinto": "salud_24h",
    "referencia": "",
    "fuentes": [
     "comunidad:instagram"
    ],
    "verificacion": {
     "estado": "sin_verificar",
     "confirmaciones": 0,
     "reportes_ausencia": 0,
     "ultima_confirmacion": null
    }
   }
  },
  {
   "type": "Feature",
   "geometry": {
    "type": "Point",
    "coordinates": [
     -71.28343,
     -34.359135
    ]
   },
   "properties": {
    "id": "ig-0647",
    "categoria": "dea",
    "nombre": "Hospital de Pichidegua",
    "tipo_recinto": "salud_24h",
    "referencia": "",
    "fuentes": [
     "comunidad:instagram"
    ],
    "verificacion": {
     "estado": "sin_verificar",
     "confirmaciones": 0,
     "reportes_ausencia": 0,
     "ultima_confirmacion": null
    }
   }
  },
  {
   "type": "Feature",
   "geometry": {
    "type": "Point",
    "coordinates": [
     -70.766574,
     -34.154799
    ]
   },
   "properties": {
    "id": "ig-0648",
    "categoria": "dea",
    "nombre": "Hospital Dr. Franco Ravera Zunino",
    "tipo_recinto": "salud_24h",
    "referencia": "",
    "fuentes": [
     "comunidad:instagram"
    ],
    "verificacion": {
     "estado": "sin_verificar",
     "confirmaciones": 0,
     "reportes_ausencia": 0,
     "ultima_confirmacion": null
    }
   }
  },
  {
   "type": "Feature",
   "geometry": {
    "type": "Point",
    "coordinates": [
     -71.173515,
     -34.389156
    ]
   },
   "properties": {
    "id": "ig-0649",
    "categoria": "dea",
    "nombre": "Hospital Del Salvador De Peumo",
    "tipo_recinto": "salud_24h",
    "referencia": "",
    "fuentes": [
     "comunidad:instagram"
    ],
    "verificacion": {
     "estado": "sin_verificar",
     "confirmaciones": 0,
     "reportes_ausencia": 0,
     "ultima_confirmacion": null
    }
   }
  },
  {
   "type": "Feature",
   "geometry": {
    "type": "Point",
    "coordinates": [
     -71.646897,
     -34.72839
    ]
   },
   "properties": {
    "id": "ig-0650",
    "categoria": "dea",
    "nombre": "Hospital de Lolol",
    "tipo_recinto": "salud_24h",
    "referencia": "",
    "fuentes": [
     "comunidad:instagram"
    ],
    "verificacion": {
     "estado": "sin_verificar",
     "confirmaciones": 0,
     "reportes_ausencia": 0,
     "ultima_confirmacion": null
    }
   }
  },
  {
   "type": "Feature",
   "geometry": {
    "type": "Point",
    "coordinates": [
     -71.204764,
     -34.649673
    ]
   },
   "properties": {
    "id": "ig-0651",
    "categoria": "dea",
    "nombre": "Hospital de Nancagua",
    "tipo_recinto": "salud_24h",
    "referencia": "",
    "fuentes": [
     "comunidad:instagram"
    ],
    "verificacion": {
     "estado": "sin_verificar",
     "confirmaciones": 0,
     "reportes_ausencia": 0,
     "ultima_confirmacion": null
    }
   }
  },
  {
   "type": "Feature",
   "geometry": {
    "type": "Point",
    "coordinates": [
     -70.852996,
     -34.411134
    ]
   },
   "properties": {
    "id": "ig-0652",
    "categoria": "dea",
    "nombre": "Hospital de Rengo",
    "tipo_recinto": "salud_24h",
    "referencia": "",
    "fuentes": [
     "comunidad:instagram"
    ],
    "verificacion": {
     "estado": "sin_verificar",
     "confirmaciones": 0,
     "reportes_ausencia": 0,
     "ultima_confirmacion": null
    }
   }
  },
  {
   "type": "Feature",
   "geometry": {
    "type": "Point",
    "coordinates": [
     -70.992172,
     -34.576355
    ]
   },
   "properties": {
    "id": "ig-0653",
    "categoria": "dea",
    "nombre": "Hospital San Juan de Dios de San Fernando",
    "tipo_recinto": "salud_24h",
    "referencia": "",
    "fuentes": [
     "comunidad:instagram"
    ],
    "verificacion": {
     "estado": "sin_verificar",
     "confirmaciones": 0,
     "reportes_ausencia": 0,
     "ultima_confirmacion": null
    }
   }
  },
  {
   "type": "Feature",
   "geometry": {
    "type": "Point",
    "coordinates": [
     -71.080693,
     -34.441054
    ]
   },
   "properties": {
    "id": "ig-0654",
    "categoria": "dea",
    "nombre": "Hospital de San Vicente",
    "tipo_recinto": "salud_24h",
    "referencia": "",
    "fuentes": [
     "comunidad:instagram"
    ],
    "verificacion": {
     "estado": "sin_verificar",
     "confirmaciones": 0,
     "reportes_ausencia": 0,
     "ultima_confirmacion": null
    }
   }
  },
  {
   "type": "Feature",
   "geometry": {
    "type": "Point",
    "coordinates": [
     -71.35731,
     -34.634588
    ]
   },
   "properties": {
    "id": "ig-0655",
    "categoria": "dea",
    "nombre": "Hospital de Santa Cruz Colchagua",
    "tipo_recinto": "salud_24h",
    "referencia": "",
    "fuentes": [
     "comunidad:instagram"
    ],
    "verificacion": {
     "estado": "sin_verificar",
     "confirmaciones": 0,
     "reportes_ausencia": 0,
     "ultima_confirmacion": null
    }
   }
  },
  {
   "type": "Feature",
   "geometry": {
    "type": "Point",
    "coordinates": [
     -70.731336,
     -34.067132
    ]
   },
   "properties": {
    "id": "ig-0656",
    "categoria": "dea",
    "nombre": "Hospital de Graneros",
    "tipo_recinto": "salud_24h",
    "referencia": "",
    "fuentes": [
     "comunidad:instagram"
    ],
    "verificacion": {
     "estado": "sin_verificar",
     "confirmaciones": 0,
     "reportes_ausencia": 0,
     "ultima_confirmacion": null
    }
   }
  },
  {
   "type": "Feature",
   "geometry": {
    "type": "Point",
    "coordinates": [
     -71.037028,
     -34.702081
    ]
   },
   "properties": {
    "id": "ig-0657",
    "categoria": "dea",
    "nombre": "Hospital de Mercedes Chimbarongo",
    "tipo_recinto": "salud_24h",
    "referencia": "",
    "fuentes": [
     "comunidad:instagram"
    ],
    "verificacion": {
     "estado": "sin_verificar",
     "confirmaciones": 0,
     "reportes_ausencia": 0,
     "ultima_confirmacion": null
    }
   }
  },
  {
   "type": "Feature",
   "geometry": {
    "type": "Point",
    "coordinates": [
     -70.612663,
     -33.507812
    ]
   },
   "properties": {
    "id": "ig-0658",
    "categoria": "dea",
    "nombre": "Pedrero",
    "tipo_recinto": "metro",
    "referencia": "",
    "fuentes": [
     "comunidad:instagram"
    ],
    "verificacion": {
     "estado": "sin_verificar",
     "confirmaciones": 0,
     "reportes_ausencia": 0,
     "ultima_confirmacion": null
    }
   }
  },
  {
   "type": "Feature",
   "geometry": {
    "type": "Point",
    "coordinates": [
     -70.576202,
     -33.468819
    ]
   },
   "properties": {
    "id": "ig-0659",
    "categoria": "dea",
    "nombre": "Grecia",
    "tipo_recinto": "metro",
    "referencia": "",
    "fuentes": [
     "comunidad:instagram"
    ],
    "verificacion": {
     "estado": "sin_verificar",
     "confirmaciones": 0,
     "reportes_ausencia": 0,
     "ultima_confirmacion": null
    }
   }
  },
  {
   "type": "Feature",
   "geometry": {
    "type": "Point",
    "coordinates": [
     -70.5686154,
     -33.409034
    ]
   },
   "properties": {
    "id": "ig-0660",
    "categoria": "dea",
    "nombre": "Manquehue metro station",
    "tipo_recinto": "metro",
    "referencia": "",
    "fuentes": [
     "comunidad:instagram"
    ],
    "verificacion": {
     "estado": "sin_verificar",
     "confirmaciones": 0,
     "reportes_ausencia": 0,
     "ultima_confirmacion": null
    }
   }
  },
  {
   "type": "Feature",
   "geometry": {
    "type": "Point",
    "coordinates": [
     -70.54511,
     -33.4079
    ]
   },
   "properties": {
    "id": "ig-0661",
    "categoria": "dea",
    "nombre": "Los Dominicos",
    "tipo_recinto": "metro",
    "referencia": "",
    "fuentes": [
     "comunidad:instagram"
    ],
    "verificacion": {
     "estado": "sin_verificar",
     "confirmaciones": 0,
     "reportes_ausencia": 0,
     "ultima_confirmacion": null
    }
   }
  },
  {
   "type": "Feature",
   "geometry": {
    "type": "Point",
    "coordinates": [
     -70.5432755,
     -33.4466267
    ]
   },
   "properties": {
    "id": "ig-0662",
    "categoria": "dea",
    "nombre": "CrossFit La Reina",
    "tipo_recinto": "deportivo",
    "referencia": "",
    "fuentes": [
     "comunidad:instagram"
    ],
    "verificacion": {
     "estado": "sin_verificar",
     "confirmaciones": 0,
     "reportes_ausencia": 0,
     "ultima_confirmacion": null
    }
   }
  },
  {
   "type": "Feature",
   "geometry": {
    "type": "Point",
    "coordinates": [
     -70.66038,
     -33.44615
    ]
   },
   "properties": {
    "id": "ig-0663",
    "categoria": "dea",
    "nombre": "Los Héroes",
    "tipo_recinto": "metro",
    "referencia": "",
    "fuentes": [
     "comunidad:instagram"
    ],
    "verificacion": {
     "estado": "sin_verificar",
     "confirmaciones": 0,
     "reportes_ausencia": 0,
     "ultima_confirmacion": null
    }
   }
  },
  {
   "type": "Feature",
   "geometry": {
    "type": "Point",
    "coordinates": [
     -70.6670293,
     -33.4477218
    ]
   },
   "properties": {
    "id": "ig-0664",
    "categoria": "dea",
    "nombre": "República",
    "tipo_recinto": "metro",
    "referencia": "",
    "fuentes": [
     "comunidad:instagram"
    ],
    "verificacion": {
     "estado": "sin_verificar",
     "confirmaciones": 0,
     "reportes_ausencia": 0,
     "ultima_confirmacion": null
    }
   }
  },
  {
   "type": "Feature",
   "geometry": {
    "type": "Point",
    "coordinates": [
     -70.6732,
     -33.44947
    ]
   },
   "properties": {
    "id": "ig-0665",
    "categoria": "dea",
    "nombre": "Unión Latinoamericana",
    "tipo_recinto": "metro",
    "referencia": "",
    "fuentes": [
     "comunidad:instagram"
    ],
    "verificacion": {
     "estado": "sin_verificar",
     "confirmaciones": 0,
     "reportes_ausencia": 0,
     "ultima_confirmacion": null
    }
   }
  },
  {
   "type": "Feature",
   "geometry": {
    "type": "Point",
    "coordinates": [
     -70.6790629,
     -33.4513816
    ]
   },
   "properties": {
    "id": "ig-0666",
    "categoria": "dea",
    "nombre": "Estación Central",
    "tipo_recinto": "metro",
    "referencia": "",
    "fuentes": [
     "comunidad:instagram"
    ],
    "verificacion": {
     "estado": "sin_verificar",
     "confirmaciones": 0,
     "reportes_ausencia": 0,
     "ultima_confirmacion": null
    }
   }
  },
  {
   "type": "Feature",
   "geometry": {
    "type": "Point",
    "coordinates": [
     -70.6922926,
     -33.454143
    ]
   },
   "properties": {
    "id": "ig-0667",
    "categoria": "dea",
    "nombre": "San Alberto Hurtado",
    "tipo_recinto": "metro",
    "referencia": "",
    "fuentes": [
     "comunidad:instagram"
    ],
    "verificacion": {
     "estado": "sin_verificar",
     "confirmaciones": 0,
     "reportes_ausencia": 0,
     "ultima_confirmacion": null
    }
   }
  },
  {
   "type": "Feature",
   "geometry": {
    "type": "Point",
    "coordinates": [
     -70.5961019,
     -33.4167167
    ]
   },
   "properties": {
    "id": "ig-0668",
    "categoria": "dea",
    "nombre": "El Golf",
    "tipo_recinto": "metro",
    "referencia": "",
    "fuentes": [
     "comunidad:instagram"
    ],
    "verificacion": {
     "estado": "sin_verificar",
     "confirmaciones": 0,
     "reportes_ausencia": 0,
     "ultima_confirmacion": null
    }
   }
  },
  {
   "type": "Feature",
   "geometry": {
    "type": "Point",
    "coordinates": [
     -70.6014937,
     -33.4182887
    ]
   },
   "properties": {
    "id": "ig-0669",
    "categoria": "dea",
    "nombre": "Tobalaba L1",
    "tipo_recinto": "metro",
    "referencia": "",
    "fuentes": [
     "comunidad:instagram"
    ],
    "verificacion": {
     "estado": "sin_verificar",
     "confirmaciones": 0,
     "reportes_ausencia": 0,
     "ultima_confirmacion": null
    }
   }
  },
  {
   "type": "Feature",
   "geometry": {
    "type": "Point",
    "coordinates": [
     -70.58942,
     -33.4153491
    ]
   },
   "properties": {
    "id": "ig-0670",
    "categoria": "dea",
    "nombre": "Alcántara",
    "tipo_recinto": "metro",
    "referencia": "",
    "fuentes": [
     "comunidad:instagram"
    ],
    "verificacion": {
     "estado": "sin_verificar",
     "confirmaciones": 0,
     "reportes_ausencia": 0,
     "ultima_confirmacion": null
    }
   }
  },
  {
   "type": "Feature",
   "geometry": {
    "type": "Point",
    "coordinates": [
     -70.7536319,
     -33.4666324
    ]
   },
   "properties": {
    "id": "ig-0671",
    "categoria": "dea",
    "nombre": "Boston College Maipú",
    "tipo_recinto": "educacional",
    "referencia": "",
    "fuentes": [
     "comunidad:instagram"
    ],
    "verificacion": {
     "estado": "sin_verificar",
     "confirmaciones": 0,
     "reportes_ausencia": 0,
     "ultima_confirmacion": null
    }
   }
  },
  {
   "type": "Feature",
   "geometry": {
    "type": "Point",
    "coordinates": [
     -70.7560398,
     -33.4731383
    ]
   },
   "properties": {
    "id": "ig-0672",
    "categoria": "dea",
    "nombre": "CESFAM Dr. Luis Ferrada | Centro de Salud Familiar",
    "tipo_recinto": "salud",
    "referencia": "",
    "fuentes": [
     "comunidad:instagram"
    ],
    "verificacion": {
     "estado": "sin_verificar",
     "confirmaciones": 0,
     "reportes_ausencia": 0,
     "ultima_confirmacion": null
    }
   }
  },
  {
   "type": "Feature",
   "geometry": {
    "type": "Point",
    "coordinates": [
     -70.7561118,
     -33.4739256
    ]
   },
   "properties": {
    "id": "ig-0673",
    "categoria": "dea",
    "nombre": "Escuela Basica Reina de Suecia",
    "tipo_recinto": "educacional",
    "referencia": "",
    "fuentes": [
     "comunidad:instagram"
    ],
    "verificacion": {
     "estado": "sin_verificar",
     "confirmaciones": 0,
     "reportes_ausencia": 0,
     "ultima_confirmacion": null
    }
   }
  },
  {
   "type": "Feature",
   "geometry": {
    "type": "Point",
    "coordinates": [
     -70.7570315,
     -33.4798141
    ]
   },
   "properties": {
    "id": "ig-0674",
    "categoria": "dea",
    "nombre": "Unimarc",
    "tipo_recinto": "comercio",
    "referencia": "",
    "fuentes": [
     "comunidad:instagram"
    ],
    "verificacion": {
     "estado": "sin_verificar",
     "confirmaciones": 0,
     "reportes_ausencia": 0,
     "ultima_confirmacion": null
    }
   }
  },
  {
   "type": "Feature",
   "geometry": {
    "type": "Point",
    "coordinates": [
     -70.756143,
     -33.4805721
    ]
   },
   "properties": {
    "id": "ig-0675",
    "categoria": "dea",
    "nombre": "Inacap Sede Maipú",
    "tipo_recinto": "educacional",
    "referencia": "",
    "fuentes": [
     "comunidad:instagram"
    ],
    "verificacion": {
     "estado": "sin_verificar",
     "confirmaciones": 0,
     "reportes_ausencia": 0,
     "ultima_confirmacion": null
    }
   }
  },
  {
   "type": "Feature",
   "geometry": {
    "type": "Point",
    "coordinates": [
     -70.7519669,
     -33.4815223
    ]
   },
   "properties": {
    "id": "ig-0676",
    "categoria": "dea",
    "nombre": "Mall Arauco Maipú",
    "tipo_recinto": "comercio",
    "referencia": "",
    "fuentes": [
     "comunidad:instagram"
    ],
    "verificacion": {
     "estado": "sin_verificar",
     "confirmaciones": 0,
     "reportes_ausencia": 0,
     "ultima_confirmacion": null
    }
   }
  },
  {
   "type": "Feature",
   "geometry": {
    "type": "Point",
    "coordinates": [
     -70.7516167,
     -33.4801635
    ]
   },
   "properties": {
    "id": "ig-0677",
    "categoria": "dea",
    "nombre": "Jumbo",
    "tipo_recinto": "comercio",
    "referencia": "",
    "fuentes": [
     "comunidad:instagram"
    ],
    "verificacion": {
     "estado": "sin_verificar",
     "confirmaciones": 0,
     "reportes_ausencia": 0,
     "ultima_confirmacion": null
    }
   }
  },
  {
   "type": "Feature",
   "geometry": {
    "type": "Point",
    "coordinates": [
     -70.7521007,
     -33.4824483
    ]
   },
   "properties": {
    "id": "ig-0678",
    "categoria": "dea",
    "nombre": "Cinépolis Mall Arauco Maipú",
    "tipo_recinto": "cultura",
    "referencia": "",
    "fuentes": [
     "comunidad:instagram"
    ],
    "verificacion": {
     "estado": "sin_verificar",
     "confirmaciones": 0,
     "reportes_ausencia": 0,
     "ultima_confirmacion": null
    }
   }
  },
  {
   "type": "Feature",
   "geometry": {
    "type": "Point",
    "coordinates": [
     -70.7714375,
     -33.4843146
    ]
   },
   "properties": {
    "id": "ig-0679",
    "categoria": "dea",
    "nombre": "CESFAM Dr. Ivan Insunza",
    "tipo_recinto": "salud",
    "referencia": "",
    "fuentes": [
     "comunidad:instagram"
    ],
    "verificacion": {
     "estado": "sin_verificar",
     "confirmaciones": 0,
     "reportes_ausencia": 0,
     "ultima_confirmacion": null
    }
   }
  },
  {
   "type": "Feature",
   "geometry": {
    "type": "Point",
    "coordinates": [
     -70.7673168,
     -33.4908129
    ]
   },
   "properties": {
    "id": "ig-0680",
    "categoria": "dea",
    "nombre": "Boston College La Farfana",
    "tipo_recinto": "educacional",
    "referencia": "",
    "fuentes": [
     "comunidad:instagram"
    ],
    "verificacion": {
     "estado": "sin_verificar",
     "confirmaciones": 0,
     "reportes_ausencia": 0,
     "ultima_confirmacion": null
    }
   }
  },
  {
   "type": "Feature",
   "geometry": {
    "type": "Point",
    "coordinates": [
     -70.7448113,
     -33.4901567
    ]
   },
   "properties": {
    "id": "ig-0681",
    "categoria": "dea",
    "nombre": "CESFAM Clotario Blest",
    "tipo_recinto": "salud",
    "referencia": "",
    "fuentes": [
     "comunidad:instagram"
    ],
    "verificacion": {
     "estado": "sin_verificar",
     "confirmaciones": 0,
     "reportes_ausencia": 0,
     "ultima_confirmacion": null
    }
   }
  },
  {
   "type": "Feature",
   "geometry": {
    "type": "Point",
    "coordinates": [
     -70.7428762,
     -33.4885959
    ]
   },
   "properties": {
    "id": "ig-0682",
    "categoria": "dea",
    "nombre": "Unimarc",
    "tipo_recinto": "comercio",
    "referencia": "",
    "fuentes": [
     "comunidad:instagram"
    ],
    "verificacion": {
     "estado": "sin_verificar",
     "confirmaciones": 0,
     "reportes_ausencia": 0,
     "ultima_confirmacion": null
    }
   }
  },
  {
   "type": "Feature",
   "geometry": {
    "type": "Point",
    "coordinates": [
     -70.7843814,
     -33.4913408
    ]
   },
   "properties": {
    "id": "ig-0683",
    "categoria": "dea",
    "nombre": "Liceo Bicentenario de Niñas",
    "tipo_recinto": "educacional",
    "referencia": "",
    "fuentes": [
     "comunidad:instagram"
    ],
    "verificacion": {
     "estado": "sin_verificar",
     "confirmaciones": 0,
     "reportes_ausencia": 0,
     "ultima_confirmacion": null
    }
   }
  },
  {
   "type": "Feature",
   "geometry": {
    "type": "Point",
    "coordinates": [
     -70.7610165,
     -33.4959575
    ]
   },
   "properties": {
    "id": "ig-0684",
    "categoria": "dea",
    "nombre": "Liceo San Pedro Poveda",
    "tipo_recinto": "educacional",
    "referencia": "",
    "fuentes": [
     "comunidad:instagram"
    ],
    "verificacion": {
     "estado": "sin_verificar",
     "confirmaciones": 0,
     "reportes_ausencia": 0,
     "ultima_confirmacion": null
    }
   }
  },
  {
   "type": "Feature",
   "geometry": {
    "type": "Point",
    "coordinates": [
     -70.757054,
     -33.4968828
    ]
   },
   "properties": {
    "id": "ig-0685",
    "categoria": "dea",
    "nombre": "Santiago Bueras",
    "tipo_recinto": "metro",
    "referencia": "",
    "fuentes": [
     "comunidad:instagram"
    ],
    "verificacion": {
     "estado": "sin_verificar",
     "confirmaciones": 0,
     "reportes_ausencia": 0,
     "ultima_confirmacion": null
    }
   }
  },
  {
   "type": "Feature",
   "geometry": {
    "type": "Point",
    "coordinates": [
     -70.7495432,
     -33.4974765
    ]
   },
   "properties": {
    "id": "ig-0686",
    "categoria": "dea",
    "nombre": "Escuela Basica República de Guatemala",
    "tipo_recinto": "educacional",
    "referencia": "",
    "fuentes": [
     "comunidad:instagram"
    ],
    "verificacion": {
     "estado": "sin_verificar",
     "confirmaciones": 0,
     "reportes_ausencia": 0,
     "ultima_confirmacion": null
    }
   }
  },
  {
   "type": "Feature",
   "geometry": {
    "type": "Point",
    "coordinates": [
     -70.7579815,
     -33.4974226
    ]
   },
   "properties": {
    "id": "ig-0687",
    "categoria": "dea",
    "nombre": "Centro Médico Multimedical",
    "tipo_recinto": "salud",
    "referencia": "",
    "fuentes": [
     "comunidad:instagram"
    ],
    "verificacion": {
     "estado": "sin_verificar",
     "confirmaciones": 0,
     "reportes_ausencia": 0,
     "ultima_confirmacion": null
    }
   }
  },
  {
   "type": "Feature",
   "geometry": {
    "type": "Point",
    "coordinates": [
     -70.765342,
     -33.4975636
    ]
   },
   "properties": {
    "id": "ig-0688",
    "categoria": "dea",
    "nombre": "Escuela Basica León Humberto Valenzuela",
    "tipo_recinto": "educacional",
    "referencia": "",
    "fuentes": [
     "comunidad:instagram"
    ],
    "verificacion": {
     "estado": "sin_verificar",
     "confirmaciones": 0,
     "reportes_ausencia": 0,
     "ultima_confirmacion": null
    }
   }
  },
  {
   "type": "Feature",
   "geometry": {
    "type": "Point",
    "coordinates": [
     -70.7711836,
     -33.49843
    ]
   },
   "properties": {
    "id": "ig-0689",
    "categoria": "dea",
    "nombre": "Escuela Basica Ramón Freire",
    "tipo_recinto": "educacional",
    "referencia": "",
    "fuentes": [
     "comunidad:instagram"
    ],
    "verificacion": {
     "estado": "sin_verificar",
     "confirmaciones": 0,
     "reportes_ausencia": 0,
     "ultima_confirmacion": null
    }
   }
  },
  {
   "type": "Feature",
   "geometry": {
    "type": "Point",
    "coordinates": [
     -70.7761017,
     -33.5001086
    ]
   },
   "properties": {
    "id": "ig-0690",
    "categoria": "dea",
    "nombre": "Escuela Tomás Vargas y Arcaya",
    "tipo_recinto": "educacional",
    "referencia": "",
    "fuentes": [
     "comunidad:instagram"
    ],
    "verificacion": {
     "estado": "sin_verificar",
     "confirmaciones": 0,
     "reportes_ausencia": 0,
     "ultima_confirmacion": null
    }
   }
  },
  {
   "type": "Feature",
   "geometry": {
    "type": "Point",
    "coordinates": [
     -70.7690131,
     -33.503236
    ]
   },
   "properties": {
    "id": "ig-0691",
    "categoria": "dea",
    "nombre": "Liceo Polivalente José Ignacio Zenteno A-75",
    "tipo_recinto": "educacional",
    "referencia": "",
    "fuentes": [
     "comunidad:instagram"
    ],
    "verificacion": {
     "estado": "sin_verificar",
     "confirmaciones": 0,
     "reportes_ausencia": 0,
     "ultima_confirmacion": null
    }
   }
  },
  {
   "type": "Feature",
   "geometry": {
    "type": "Point",
    "coordinates": [
     -70.7743594,
     -33.505637
    ]
   },
   "properties": {
    "id": "ig-0692",
    "categoria": "dea",
    "nombre": "CESFAM Dr. Eduardo Ahués",
    "tipo_recinto": "salud",
    "referencia": "",
    "fuentes": [
     "comunidad:instagram"
    ],
    "verificacion": {
     "estado": "sin_verificar",
     "confirmaciones": 0,
     "reportes_ausencia": 0,
     "ultima_confirmacion": null
    }
   }
  },
  {
   "type": "Feature",
   "geometry": {
    "type": "Point",
    "coordinates": [
     -70.7576266,
     -33.5048391
    ]
   },
   "properties": {
    "id": "ig-0693",
    "categoria": "dea",
    "nombre": "CESFAM MAIPÚ",
    "tipo_recinto": "salud",
    "referencia": "",
    "fuentes": [
     "comunidad:instagram"
    ],
    "verificacion": {
     "estado": "sin_verificar",
     "confirmaciones": 0,
     "reportes_ausencia": 0,
     "ultima_confirmacion": null
    }
   }
  },
  {
   "type": "Feature",
   "geometry": {
    "type": "Point",
    "coordinates": [
     -70.7743363,
     -33.5081291
    ]
   },
   "properties": {
    "id": "ig-0694",
    "categoria": "dea",
    "nombre": "Hospital El Carmen",
    "tipo_recinto": "salud_24h",
    "referencia": "",
    "fuentes": [
     "comunidad:instagram"
    ],
    "verificacion": {
     "estado": "sin_verificar",
     "confirmaciones": 0,
     "reportes_ausencia": 0,
     "ultima_confirmacion": null
    }
   }
  },
  {
   "type": "Feature",
   "geometry": {
    "type": "Point",
    "coordinates": [
     -70.7649688,
     -33.5077209
    ]
   },
   "properties": {
    "id": "ig-0695",
    "categoria": "dea",
    "nombre": "Colegio Instituto América",
    "tipo_recinto": "educacional",
    "referencia": "",
    "fuentes": [
     "comunidad:instagram"
    ],
    "verificacion": {
     "estado": "sin_verificar",
     "confirmaciones": 0,
     "reportes_ausencia": 0,
     "ultima_confirmacion": null
    }
   }
  },
  {
   "type": "Feature",
   "geometry": {
    "type": "Point",
    "coordinates": [
     -70.7559528,
     -33.505682
    ]
   },
   "properties": {
    "id": "ig-0696",
    "categoria": "dea",
    "nombre": "Instituto O'Higgins de Maipú",
    "tipo_recinto": "educacional",
    "referencia": "",
    "fuentes": [
     "comunidad:instagram"
    ],
    "verificacion": {
     "estado": "sin_verificar",
     "confirmaciones": 0,
     "reportes_ausencia": 0,
     "ultima_confirmacion": null
    }
   }
  },
  {
   "type": "Feature",
   "geometry": {
    "type": "Point",
    "coordinates": [
     -70.7517329,
     -33.5052338
    ]
   },
   "properties": {
    "id": "ig-0697",
    "categoria": "dea",
    "nombre": "Liceo Santiago Bueras y Avaria",
    "tipo_recinto": "educacional",
    "referencia": "",
    "fuentes": [
     "comunidad:instagram"
    ],
    "verificacion": {
     "estado": "sin_verificar",
     "confirmaciones": 0,
     "reportes_ausencia": 0,
     "ultima_confirmacion": null
    }
   }
  },
  {
   "type": "Feature",
   "geometry": {
    "type": "Point",
    "coordinates": [
     -70.7472621,
     -33.5090724
    ]
   },
   "properties": {
    "id": "ig-0698",
    "categoria": "dea",
    "nombre": "Colegio Adultos Maipú",
    "tipo_recinto": "educacional",
    "referencia": "",
    "fuentes": [
     "comunidad:instagram"
    ],
    "verificacion": {
     "estado": "sin_verificar",
     "confirmaciones": 0,
     "reportes_ausencia": 0,
     "ultima_confirmacion": null
    }
   }
  },
  {
   "type": "Feature",
   "geometry": {
    "type": "Point",
    "coordinates": [
     -70.7622012,
     -33.5104517
    ]
   },
   "properties": {
    "id": "ig-0699",
    "categoria": "dea",
    "nombre": "Colegio General San Martín",
    "tipo_recinto": "educacional",
    "referencia": "",
    "fuentes": [
     "comunidad:instagram"
    ],
    "verificacion": {
     "estado": "sin_verificar",
     "confirmaciones": 0,
     "reportes_ausencia": 0,
     "ultima_confirmacion": null
    }
   }
  },
  {
   "type": "Feature",
   "geometry": {
    "type": "Point",
    "coordinates": [
     -70.7630511,
     -33.50965
    ]
   },
   "properties": {
    "id": "ig-0700",
    "categoria": "dea",
    "nombre": "Escuela Básica General O'Higgins",
    "tipo_recinto": "educacional",
    "referencia": "",
    "fuentes": [
     "comunidad:instagram"
    ],
    "verificacion": {
     "estado": "sin_verificar",
     "confirmaciones": 0,
     "reportes_ausencia": 0,
     "ultima_confirmacion": null
    }
   }
  },
  {
   "type": "Feature",
   "geometry": {
    "type": "Point",
    "coordinates": [
     -70.7577569,
     -33.509603
    ]
   },
   "properties": {
    "id": "ig-0701",
    "categoria": "dea",
    "nombre": "Centro Dávila Maipú",
    "tipo_recinto": "salud",
    "referencia": "",
    "fuentes": [
     "comunidad:instagram"
    ],
    "verificacion": {
     "estado": "sin_verificar",
     "confirmaciones": 0,
     "reportes_ausencia": 0,
     "ultima_confirmacion": null
    }
   }
  },
  {
   "type": "Feature",
   "geometry": {
    "type": "Point",
    "coordinates": [
     -70.75723,
     -33.51052
    ]
   },
   "properties": {
    "id": "ig-0702",
    "categoria": "dea",
    "nombre": "Plaza de Maipú",
    "tipo_recinto": "metro",
    "referencia": "",
    "fuentes": [
     "comunidad:instagram"
    ],
    "verificacion": {
     "estado": "sin_verificar",
     "confirmaciones": 0,
     "reportes_ausencia": 0,
     "ultima_confirmacion": null
    }
   }
  },
  {
   "type": "Feature",
   "geometry": {
    "type": "Point",
    "coordinates": [
     -70.7577132,
     -33.5112381
    ]
   },
   "properties": {
    "id": "ig-0703",
    "categoria": "dea",
    "nombre": "Espacio Urbano Plaza Maipú",
    "tipo_recinto": "comercio",
    "referencia": "",
    "fuentes": [
     "comunidad:instagram"
    ],
    "verificacion": {
     "estado": "sin_verificar",
     "confirmaciones": 0,
     "reportes_ausencia": 0,
     "ultima_confirmacion": null
    }
   }
  },
  {
   "type": "Feature",
   "geometry": {
    "type": "Point",
    "coordinates": [
     -70.7576616,
     -33.5114886
    ]
   },
   "properties": {
    "id": "ig-0704",
    "categoria": "dea",
    "nombre": "Banco de Chile",
    "tipo_recinto": "comercio",
    "referencia": "",
    "fuentes": [
     "comunidad:instagram"
    ],
    "verificacion": {
     "estado": "sin_verificar",
     "confirmaciones": 0,
     "reportes_ausencia": 0,
     "ultima_confirmacion": null
    }
   }
  },
  {
   "type": "Feature",
   "geometry": {
    "type": "Point",
    "coordinates": [
     -70.7560507,
     -33.5118058
    ]
   },
   "properties": {
    "id": "ig-0705",
    "categoria": "dea",
    "nombre": "Centro Médico y Dental RedSalud Maipú",
    "tipo_recinto": "salud",
    "referencia": "",
    "fuentes": [
     "comunidad:instagram"
    ],
    "verificacion": {
     "estado": "sin_verificar",
     "confirmaciones": 0,
     "reportes_ausencia": 0,
     "ultima_confirmacion": null
    }
   }
  },
  {
   "type": "Feature",
   "geometry": {
    "type": "Point",
    "coordinates": [
     -70.7524922,
     -33.5112593
    ]
   },
   "properties": {
    "id": "ig-0706",
    "categoria": "dea",
    "nombre": "Duoc UC: sede Maipu",
    "tipo_recinto": "educacional",
    "referencia": "",
    "fuentes": [
     "comunidad:instagram"
    ],
    "verificacion": {
     "estado": "sin_verificar",
     "confirmaciones": 0,
     "reportes_ausencia": 0,
     "ultima_confirmacion": null
    }
   }
  },
  {
   "type": "Feature",
   "geometry": {
    "type": "Point",
    "coordinates": [
     -70.7568387,
     -33.5127861
    ]
   },
   "properties": {
    "id": "ig-0707",
    "categoria": "dea",
    "nombre": "SONORAD MAIPU",
    "tipo_recinto": "salud",
    "referencia": "Los pajaritos 1605",
    "fuentes": [
     "comunidad:instagram"
    ],
    "verificacion": {
     "estado": "sin_verificar",
     "confirmaciones": 0,
     "reportes_ausencia": 0,
     "ultima_confirmacion": null
    }
   }
  },
  {
   "type": "Feature",
   "geometry": {
    "type": "Point",
    "coordinates": [
     -70.7563332,
     -33.5172283
    ]
   },
   "properties": {
    "id": "ig-0708",
    "categoria": "dea",
    "nombre": "Imperial",
    "tipo_recinto": "comercio",
    "referencia": "",
    "fuentes": [
     "comunidad:instagram"
    ],
    "verificacion": {
     "estado": "sin_verificar",
     "confirmaciones": 0,
     "reportes_ausencia": 0,
     "ultima_confirmacion": null
    }
   }
  },
  {
   "type": "Feature",
   "geometry": {
    "type": "Point",
    "coordinates": [
     -70.7511152,
     -33.5170243
    ]
   },
   "properties": {
    "id": "ig-0709",
    "categoria": "dea",
    "nombre": "Escuela Básica Vicente Reyes Palazuelos",
    "tipo_recinto": "educacional",
    "referencia": "",
    "fuentes": [
     "comunidad:instagram"
    ],
    "verificacion": {
     "estado": "sin_verificar",
     "confirmaciones": 0,
     "reportes_ausencia": 0,
     "ultima_confirmacion": null
    }
   }
  },
  {
   "type": "Feature",
   "geometry": {
    "type": "Point",
    "coordinates": [
     -70.737146,
     -33.51603
    ]
   },
   "properties": {
    "id": "ig-0710",
    "categoria": "dea",
    "nombre": "Easy Cerrillos",
    "tipo_recinto": "comercio",
    "referencia": "",
    "fuentes": [
     "comunidad:instagram"
    ],
    "verificacion": {
     "estado": "sin_verificar",
     "confirmaciones": 0,
     "reportes_ausencia": 0,
     "ultima_confirmacion": null
    }
   }
  },
  {
   "type": "Feature",
   "geometry": {
    "type": "Point",
    "coordinates": [
     -70.7510713,
     -33.5239804
    ]
   },
   "properties": {
    "id": "ig-0711",
    "categoria": "dea",
    "nombre": "ANFRUNS MOTORS DERCOCENTER-MAIPÚ",
    "tipo_recinto": "comercio",
    "referencia": "",
    "fuentes": [
     "comunidad:instagram"
    ],
    "verificacion": {
     "estado": "sin_verificar",
     "confirmaciones": 0,
     "reportes_ausencia": 0,
     "ultima_confirmacion": null
    }
   }
  },
  {
   "type": "Feature",
   "geometry": {
    "type": "Point",
    "coordinates": [
     -70.7588574,
     -33.5274349
    ]
   },
   "properties": {
    "id": "ig-0712",
    "categoria": "dea",
    "nombre": "Escuela Basica Germán Riesco Errázuriz",
    "tipo_recinto": "educacional",
    "referencia": "",
    "fuentes": [
     "comunidad:instagram"
    ],
    "verificacion": {
     "estado": "sin_verificar",
     "confirmaciones": 0,
     "reportes_ausencia": 0,
     "ultima_confirmacion": null
    }
   }
  },
  {
   "type": "Feature",
   "geometry": {
    "type": "Point",
    "coordinates": [
     -70.7676051,
     -33.5255803
    ]
   },
   "properties": {
    "id": "ig-0713",
    "categoria": "dea",
    "nombre": "CESFAM Presidenta Michelle Bachelet",
    "tipo_recinto": "salud",
    "referencia": "",
    "fuentes": [
     "comunidad:instagram"
    ],
    "verificacion": {
     "estado": "sin_verificar",
     "confirmaciones": 0,
     "reportes_ausencia": 0,
     "ultima_confirmacion": null
    }
   }
  },
  {
   "type": "Feature",
   "geometry": {
    "type": "Point",
    "coordinates": [
     -70.7734133,
     -33.5296658
    ]
   },
   "properties": {
    "id": "ig-0714",
    "categoria": "dea",
    "nombre": "Colegio Los Bosquinos",
    "tipo_recinto": "educacional",
    "referencia": "",
    "fuentes": [
     "comunidad:instagram"
    ],
    "verificacion": {
     "estado": "sin_verificar",
     "confirmaciones": 0,
     "reportes_ausencia": 0,
     "ultima_confirmacion": null
    }
   }
  },
  {
   "type": "Feature",
   "geometry": {
    "type": "Point",
    "coordinates": [
     -70.774893,
     -33.5322856
    ]
   },
   "properties": {
    "id": "ig-0715",
    "categoria": "dea",
    "nombre": "Unimarc",
    "tipo_recinto": "comercio",
    "referencia": "",
    "fuentes": [
     "comunidad:instagram"
    ],
    "verificacion": {
     "estado": "sin_verificar",
     "confirmaciones": 0,
     "reportes_ausencia": 0,
     "ultima_confirmacion": null
    }
   }
  },
  {
   "type": "Feature",
   "geometry": {
    "type": "Point",
    "coordinates": [
     -70.7963843,
     -33.5283561
    ]
   },
   "properties": {
    "id": "ig-0716",
    "categoria": "dea",
    "nombre": "Liceo Tecnologico Enrique Kirberg",
    "tipo_recinto": "educacional",
    "referencia": "",
    "fuentes": [
     "comunidad:instagram"
    ],
    "verificacion": {
     "estado": "sin_verificar",
     "confirmaciones": 0,
     "reportes_ausencia": 0,
     "ultima_confirmacion": null
    }
   }
  },
  {
   "type": "Feature",
   "geometry": {
    "type": "Point",
    "coordinates": [
     -70.7963651,
     -33.527772
    ]
   },
   "properties": {
    "id": "ig-0717",
    "categoria": "dea",
    "nombre": "CESFAM Dr. Carlos Godoy",
    "tipo_recinto": "salud",
    "referencia": "",
    "fuentes": [
     "comunidad:instagram"
    ],
    "verificacion": {
     "estado": "sin_verificar",
     "confirmaciones": 0,
     "reportes_ausencia": 0,
     "ultima_confirmacion": null
    }
   }
  },
  {
   "type": "Feature",
   "geometry": {
    "type": "Point",
    "coordinates": [
     -70.7925113,
     -33.5311971
    ]
   },
   "properties": {
    "id": "ig-0718",
    "categoria": "dea",
    "nombre": "UNIMARC MAIPU 4 PONIENTE",
    "tipo_recinto": "comercio",
    "referencia": "",
    "fuentes": [
     "comunidad:instagram"
    ],
    "verificacion": {
     "estado": "sin_verificar",
     "confirmaciones": 0,
     "reportes_ausencia": 0,
     "ultima_confirmacion": null
    }
   }
  },
  {
   "type": "Feature",
   "geometry": {
    "type": "Point",
    "coordinates": [
     -70.8274925,
     -33.5089659
    ]
   },
   "properties": {
    "id": "ig-0719",
    "categoria": "dea",
    "nombre": "Liceo Reino de Dinamarca",
    "tipo_recinto": "educacional",
    "referencia": "",
    "fuentes": [
     "comunidad:instagram"
    ],
    "verificacion": {
     "estado": "sin_verificar",
     "confirmaciones": 0,
     "reportes_ausencia": 0,
     "ultima_confirmacion": null
    }
   }
  },
  {
   "type": "Feature",
   "geometry": {
    "type": "Point",
    "coordinates": [
     -70.7815848,
     -33.5652314
    ]
   },
   "properties": {
    "id": "ig-0720",
    "categoria": "dea",
    "nombre": "Colegio Los Alpes",
    "tipo_recinto": "educacional",
    "referencia": "",
    "fuentes": [
     "comunidad:instagram"
    ],
    "verificacion": {
     "estado": "sin_verificar",
     "confirmaciones": 0,
     "reportes_ausencia": 0,
     "ultima_confirmacion": null
    }
   }
  },
  {
   "type": "Feature",
   "geometry": {
    "type": "Point",
    "coordinates": [
     -70.7912377,
     -33.5570646
    ]
   },
   "properties": {
    "id": "ig-0721",
    "categoria": "dea",
    "nombre": "Colegio Alcázar de Maipú",
    "tipo_recinto": "educacional",
    "referencia": "",
    "fuentes": [
     "comunidad:instagram"
    ],
    "verificacion": {
     "estado": "sin_verificar",
     "confirmaciones": 0,
     "reportes_ausencia": 0,
     "ultima_confirmacion": null
    }
   }
  },
  {
   "type": "Feature",
   "geometry": {
    "type": "Point",
    "coordinates": [
     -70.7728726,
     -33.5479885
    ]
   },
   "properties": {
    "id": "ig-0722",
    "categoria": "dea",
    "nombre": "Escuela Las Americas",
    "tipo_recinto": "educacional",
    "referencia": "",
    "fuentes": [
     "comunidad:instagram"
    ],
    "verificacion": {
     "estado": "sin_verificar",
     "confirmaciones": 0,
     "reportes_ausencia": 0,
     "ultima_confirmacion": null
    }
   }
  },
  {
   "type": "Feature",
   "geometry": {
    "type": "Point",
    "coordinates": [
     -70.779165,
     -33.544017
    ]
   },
   "properties": {
    "id": "ig-0723",
    "categoria": "dea",
    "nombre": "Unimarc",
    "tipo_recinto": "comercio",
    "referencia": "",
    "fuentes": [
     "comunidad:instagram"
    ],
    "verificacion": {
     "estado": "sin_verificar",
     "confirmaciones": 0,
     "reportes_ausencia": 0,
     "ultima_confirmacion": null
    }
   }
  },
  {
   "type": "Feature",
   "geometry": {
    "type": "Point",
    "coordinates": [
     -70.7711372,
     -33.5419495
    ]
   },
   "properties": {
    "id": "ig-0724",
    "categoria": "dea",
    "nombre": "Unimarc El Abrazo",
    "tipo_recinto": "comercio",
    "referencia": "",
    "fuentes": [
     "comunidad:instagram"
    ],
    "verificacion": {
     "estado": "sin_verificar",
     "confirmaciones": 0,
     "reportes_ausencia": 0,
     "ultima_confirmacion": null
    }
   }
  },
  {
   "type": "Feature",
   "geometry": {
    "type": "Point",
    "coordinates": [
     -70.7662002,
     -33.5345994
    ]
   },
   "properties": {
    "id": "ig-0725",
    "categoria": "dea",
    "nombre": "Clariant",
    "tipo_recinto": "sin_clasificar",
    "referencia": "",
    "fuentes": [
     "comunidad:instagram"
    ],
    "verificacion": {
     "estado": "sin_verificar",
     "confirmaciones": 0,
     "reportes_ausencia": 0,
     "ultima_confirmacion": null
    }
   }
  },
  {
   "type": "Feature",
   "geometry": {
    "type": "Point",
    "coordinates": [
     -70.7778477,
     -33.5394684
    ]
   },
   "properties": {
    "id": "ig-0726",
    "categoria": "dea",
    "nombre": "Colegio Los Alerces De Maipu",
    "tipo_recinto": "educacional",
    "referencia": "",
    "fuentes": [
     "comunidad:instagram"
    ],
    "verificacion": {
     "estado": "sin_verificar",
     "confirmaciones": 0,
     "reportes_ausencia": 0,
     "ultima_confirmacion": null
    }
   }
  },
  {
   "type": "Feature",
   "geometry": {
    "type": "Point",
    "coordinates": [
     -70.7706297,
     -33.5387264
    ]
   },
   "properties": {
    "id": "ig-0727",
    "categoria": "dea",
    "nombre": "Cinemark Mid Mall Maipú",
    "tipo_recinto": "cultura",
    "referencia": "",
    "fuentes": [
     "comunidad:instagram"
    ],
    "verificacion": {
     "estado": "sin_verificar",
     "confirmaciones": 0,
     "reportes_ausencia": 0,
     "ultima_confirmacion": null
    }
   }
  },
  {
   "type": "Feature",
   "geometry": {
    "type": "Point",
    "coordinates": [
     -70.7900291,
     -33.5096699
    ]
   },
   "properties": {
    "id": "ig-0728",
    "categoria": "dea",
    "nombre": "Colegio Polivalente Diego Portales",
    "tipo_recinto": "educacional",
    "referencia": "",
    "fuentes": [
     "comunidad:instagram"
    ],
    "verificacion": {
     "estado": "sin_verificar",
     "confirmaciones": 0,
     "reportes_ausencia": 0,
     "ultima_confirmacion": null
    }
   }
  },
  {
   "type": "Feature",
   "geometry": {
    "type": "Point",
    "coordinates": [
     -70.7953946,
     -33.5138888
    ]
   },
   "properties": {
    "id": "ig-0729",
    "categoria": "dea",
    "nombre": "Colegio Cardenal Carlos Oviedo C.",
    "tipo_recinto": "educacional",
    "referencia": "",
    "fuentes": [
     "comunidad:instagram"
    ],
    "verificacion": {
     "estado": "sin_verificar",
     "confirmaciones": 0,
     "reportes_ausencia": 0,
     "ultima_confirmacion": null
    }
   }
  },
  {
   "type": "Feature",
   "geometry": {
    "type": "Point",
    "coordinates": [
     -70.7926462,
     -33.5186344
    ]
   },
   "properties": {
    "id": "ig-0730",
    "categoria": "dea",
    "nombre": "Liceo Nacional de Maipú",
    "tipo_recinto": "educacional",
    "referencia": "",
    "fuentes": [
     "comunidad:instagram"
    ],
    "verificacion": {
     "estado": "sin_verificar",
     "confirmaciones": 0,
     "reportes_ausencia": 0,
     "ultima_confirmacion": null
    }
   }
  },
  {
   "type": "Feature",
   "geometry": {
    "type": "Point",
    "coordinates": [
     -70.7504199,
     -33.4825038
    ]
   },
   "properties": {
    "id": "ig-0731",
    "categoria": "dea",
    "nombre": "Corona",
    "tipo_recinto": "comercio",
    "referencia": "",
    "fuentes": [
     "comunidad:instagram"
    ],
    "verificacion": {
     "estado": "sin_verificar",
     "confirmaciones": 0,
     "reportes_ausencia": 0,
     "ultima_confirmacion": null
    }
   }
  },
  {
   "type": "Feature",
   "geometry": {
    "type": "Point",
    "coordinates": [
     -70.7753829,
     -33.517662
    ]
   },
   "properties": {
    "id": "ig-0732",
    "categoria": "dea",
    "nombre": "Complejo Educacional Maipú",
    "tipo_recinto": "educacional",
    "referencia": "",
    "fuentes": [
     "comunidad:instagram"
    ],
    "verificacion": {
     "estado": "sin_verificar",
     "confirmaciones": 0,
     "reportes_ausencia": 0,
     "ultima_confirmacion": null
    }
   }
  },
  {
   "type": "Feature",
   "geometry": {
    "type": "Point",
    "coordinates": [
     -70.75285,
     -33.48999
    ]
   },
   "properties": {
    "id": "ig-0733",
    "categoria": "dea",
    "nombre": "Del Sol",
    "tipo_recinto": "metro",
    "referencia": "",
    "fuentes": [
     "comunidad:instagram"
    ],
    "verificacion": {
     "estado": "sin_verificar",
     "confirmaciones": 0,
     "reportes_ausencia": 0,
     "ultima_confirmacion": null
    }
   }
  },
  {
   "type": "Feature",
   "geometry": {
    "type": "Point",
    "coordinates": [
     -70.6568466,
     -33.4609788
    ]
   },
   "properties": {
    "id": "ig-0734",
    "categoria": "dea",
    "nombre": "Parque O'Higgins",
    "tipo_recinto": "metro",
    "referencia": "",
    "fuentes": [
     "comunidad:instagram"
    ],
    "verificacion": {
     "estado": "sin_verificar",
     "confirmaciones": 0,
     "reportes_ausencia": 0,
     "ultima_confirmacion": null
    }
   }
  },
  {
   "type": "Feature",
   "geometry": {
    "type": "Point",
    "coordinates": [
     -70.65633,
     -33.47004
    ]
   },
   "properties": {
    "id": "ig-0735",
    "categoria": "dea",
    "nombre": "Rondizzoni",
    "tipo_recinto": "metro",
    "referencia": "",
    "fuentes": [
     "comunidad:instagram"
    ],
    "verificacion": {
     "estado": "sin_verificar",
     "confirmaciones": 0,
     "reportes_ausencia": 0,
     "ultima_confirmacion": null
    }
   }
  },
  {
   "type": "Feature",
   "geometry": {
    "type": "Point",
    "coordinates": [
     -70.6431218,
     -33.4579416
    ]
   },
   "properties": {
    "id": "ig-0736",
    "categoria": "dea",
    "nombre": "Matta",
    "tipo_recinto": "metro",
    "referencia": "",
    "fuentes": [
     "comunidad:instagram"
    ],
    "verificacion": {
     "estado": "sin_verificar",
     "confirmaciones": 0,
     "reportes_ausencia": 0,
     "ultima_confirmacion": null
    }
   }
  },
  {
   "type": "Feature",
   "geometry": {
    "type": "Point",
    "coordinates": [
     -70.62884,
     -33.45294
    ]
   },
   "properties": {
    "id": "ig-0737",
    "categoria": "dea",
    "nombre": "Irarrázaval",
    "tipo_recinto": "metro",
    "referencia": "",
    "fuentes": [
     "comunidad:instagram"
    ],
    "verificacion": {
     "estado": "sin_verificar",
     "confirmaciones": 0,
     "reportes_ausencia": 0,
     "ultima_confirmacion": null
    }
   }
  },
  {
   "type": "Feature",
   "geometry": {
    "type": "Point",
    "coordinates": [
     -70.6423473,
     -33.4767954
    ]
   },
   "properties": {
    "id": "ig-0738",
    "categoria": "dea",
    "nombre": "Bío Bío",
    "tipo_recinto": "metro",
    "referencia": "",
    "fuentes": [
     "comunidad:instagram"
    ],
    "verificacion": {
     "estado": "sin_verificar",
     "confirmaciones": 0,
     "reportes_ausencia": 0,
     "ultima_confirmacion": null
    }
   }
  },
  {
   "type": "Feature",
   "geometry": {
    "type": "Point",
    "coordinates": [
     -70.664706,
     -33.478681
    ]
   },
   "properties": {
    "id": "ig-0739",
    "categoria": "dea",
    "nombre": "Presidente Pedro Aguirre Cerda",
    "tipo_recinto": "metro",
    "referencia": "",
    "fuentes": [
     "comunidad:instagram"
    ],
    "verificacion": {
     "estado": "sin_verificar",
     "confirmaciones": 0,
     "reportes_ausencia": 0,
     "ultima_confirmacion": null
    }
   }
  },
  {
   "type": "Feature",
   "geometry": {
    "type": "Point",
    "coordinates": [
     -70.68068,
     -33.47828
    ]
   },
   "properties": {
    "id": "ig-0740",
    "categoria": "dea",
    "nombre": "Lo Valledor",
    "tipo_recinto": "metro",
    "referencia": "",
    "fuentes": [
     "comunidad:instagram"
    ],
    "verificacion": {
     "estado": "sin_verificar",
     "confirmaciones": 0,
     "reportes_ausencia": 0,
     "ultima_confirmacion": null
    }
   }
  },
  {
   "type": "Feature",
   "geometry": {
    "type": "Point",
    "coordinates": [
     -70.5828689,
     -33.4136049
    ]
   },
   "properties": {
    "id": "ig-0741",
    "categoria": "dea",
    "nombre": "Escuela Militar",
    "tipo_recinto": "metro",
    "referencia": "",
    "fuentes": [
     "comunidad:instagram"
    ],
    "verificacion": {
     "estado": "sin_verificar",
     "confirmaciones": 0,
     "reportes_ausencia": 0,
     "ultima_confirmacion": null
    }
   }
  },
  {
   "type": "Feature",
   "geometry": {
    "type": "Point",
    "coordinates": [
     -70.65272,
     -33.43745
    ]
   },
   "properties": {
    "id": "ig-0742",
    "categoria": "dea",
    "nombre": "Plaza de Armas L3",
    "tipo_recinto": "metro",
    "referencia": "",
    "fuentes": [
     "comunidad:instagram"
    ],
    "verificacion": {
     "estado": "sin_verificar",
     "confirmaciones": 0,
     "reportes_ausencia": 0,
     "ultima_confirmacion": null
    }
   }
  },
  {
   "type": "Feature",
   "geometry": {
    "type": "Point",
    "coordinates": [
     -70.6599026,
     -33.4381033
    ]
   },
   "properties": {
    "id": "ig-0743",
    "categoria": "dea",
    "nombre": "Santa Ana",
    "tipo_recinto": "metro",
    "referencia": "",
    "fuentes": [
     "comunidad:instagram"
    ],
    "verificacion": {
     "estado": "sin_verificar",
     "confirmaciones": 0,
     "reportes_ausencia": 0,
     "ultima_confirmacion": null
    }
   }
  },
  {
   "type": "Feature",
   "geometry": {
    "type": "Point",
    "coordinates": [
     -70.66843,
     -33.4391
    ]
   },
   "properties": {
    "id": "ig-0744",
    "categoria": "dea",
    "nombre": "Cumming",
    "tipo_recinto": "metro",
    "referencia": "",
    "fuentes": [
     "comunidad:instagram"
    ],
    "verificacion": {
     "estado": "sin_verificar",
     "confirmaciones": 0,
     "reportes_ausencia": 0,
     "ultima_confirmacion": null
    }
   }
  },
  {
   "type": "Feature",
   "geometry": {
    "type": "Point",
    "coordinates": [
     -70.68036,
     -33.44028
    ]
   },
   "properties": {
    "id": "ig-0745",
    "categoria": "dea",
    "nombre": "Quinta Normal",
    "tipo_recinto": "metro",
    "referencia": "",
    "fuentes": [
     "comunidad:instagram"
    ],
    "verificacion": {
     "estado": "sin_verificar",
     "confirmaciones": 0,
     "reportes_ausencia": 0,
     "ultima_confirmacion": null
    }
   }
  },
  {
   "type": "Feature",
   "geometry": {
    "type": "Point",
    "coordinates": [
     -70.7068291,
     -33.4410801
    ]
   },
   "properties": {
    "id": "ig-0746",
    "categoria": "dea",
    "nombre": "Blanqueado",
    "tipo_recinto": "metro",
    "referencia": "",
    "fuentes": [
     "comunidad:instagram"
    ],
    "verificacion": {
     "estado": "sin_verificar",
     "confirmaciones": 0,
     "reportes_ausencia": 0,
     "ultima_confirmacion": null
    }
   }
  },
  {
   "type": "Feature",
   "geometry": {
    "type": "Point",
    "coordinates": [
     -70.71641,
     -33.4433
    ]
   },
   "properties": {
    "id": "ig-0747",
    "categoria": "dea",
    "nombre": "Lo Prado",
    "tipo_recinto": "metro",
    "referencia": "",
    "fuentes": [
     "comunidad:instagram"
    ],
    "verificacion": {
     "estado": "sin_verificar",
     "confirmaciones": 0,
     "reportes_ausencia": 0,
     "ultima_confirmacion": null
    }
   }
  },
  {
   "type": "Feature",
   "geometry": {
    "type": "Point",
    "coordinates": [
     -70.5900424,
     -33.5089465
    ]
   },
   "properties": {
    "id": "ig-0748",
    "categoria": "dea",
    "nombre": "Macul",
    "tipo_recinto": "metro",
    "referencia": "",
    "fuentes": [
     "comunidad:instagram"
    ],
    "verificacion": {
     "estado": "sin_verificar",
     "confirmaciones": 0,
     "reportes_ausencia": 0,
     "ultima_confirmacion": null
    }
   }
  },
  {
   "type": "Feature",
   "geometry": {
    "type": "Point",
    "coordinates": [
     -70.60554,
     -33.5311
    ]
   },
   "properties": {
    "id": "ig-0749",
    "categoria": "dea",
    "nombre": "Santa Julia",
    "tipo_recinto": "metro",
    "referencia": "",
    "fuentes": [
     "comunidad:instagram"
    ],
    "verificacion": {
     "estado": "sin_verificar",
     "confirmaciones": 0,
     "reportes_ausencia": 0,
     "ultima_confirmacion": null
    }
   }
  },
  {
   "type": "Feature",
   "geometry": {
    "type": "Point",
    "coordinates": [
     -70.61604,
     -33.54115
    ]
   },
   "properties": {
    "id": "ig-0750",
    "categoria": "dea",
    "nombre": "La Granja",
    "tipo_recinto": "metro",
    "referencia": "",
    "fuentes": [
     "comunidad:instagram"
    ],
    "verificacion": {
     "estado": "sin_verificar",
     "confirmaciones": 0,
     "reportes_ausencia": 0,
     "ultima_confirmacion": null
    }
   }
  },
  {
   "type": "Feature",
   "geometry": {
    "type": "Point",
    "coordinates": [
     -70.643224,
     -33.5412191
    ]
   },
   "properties": {
    "id": "ig-0751",
    "categoria": "dea",
    "nombre": "San Ramón",
    "tipo_recinto": "metro",
    "referencia": "",
    "fuentes": [
     "comunidad:instagram"
    ],
    "verificacion": {
     "estado": "sin_verificar",
     "confirmaciones": 0,
     "reportes_ausencia": 0,
     "ultima_confirmacion": null
    }
   }
  },
  {
   "type": "Feature",
   "geometry": {
    "type": "Point",
    "coordinates": [
     -70.6643055,
     -33.5373549
    ]
   },
   "properties": {
    "id": "ig-0752",
    "categoria": "dea",
    "nombre": "La Cisterna",
    "tipo_recinto": "metro",
    "referencia": "",
    "fuentes": [
     "comunidad:instagram"
    ],
    "verificacion": {
     "estado": "sin_verificar",
     "confirmaciones": 0,
     "reportes_ausencia": 0,
     "ultima_confirmacion": null
    }
   }
  },
  {
   "type": "Feature",
   "geometry": {
    "type": "Point",
    "coordinates": [
     -70.607247,
     -33.4382227
    ]
   },
   "properties": {
    "id": "ig-0753",
    "categoria": "dea",
    "nombre": "Metro Inés de Suárez",
    "tipo_recinto": "metro",
    "referencia": "",
    "fuentes": [
     "comunidad:instagram"
    ],
    "verificacion": {
     "estado": "sin_verificar",
     "confirmaciones": 0,
     "reportes_ausencia": 0,
     "ultima_confirmacion": null
    }
   }
  },
  {
   "type": "Feature",
   "geometry": {
    "type": "Point",
    "coordinates": [
     -70.55818,
     -33.45232
    ]
   },
   "properties": {
    "id": "ig-0754",
    "categoria": "dea",
    "nombre": "Fernando Castillo Velasco",
    "tipo_recinto": "metro",
    "referencia": "",
    "fuentes": [
     "comunidad:instagram"
    ],
    "verificacion": {
     "estado": "sin_verificar",
     "confirmaciones": 0,
     "reportes_ausencia": 0,
     "ultima_confirmacion": null
    }
   }
  },
  {
   "type": "Feature",
   "geometry": {
    "type": "Point",
    "coordinates": [
     -71.231927,
     -34.9699368
    ]
   },
   "properties": {
    "id": "ig-0755",
    "categoria": "dea",
    "nombre": "Colegio Hispanochileno El Pilar",
    "tipo_recinto": "educacional",
    "referencia": "",
    "fuentes": [
     "comunidad:instagram"
    ],
    "verificacion": {
     "estado": "sin_verificar",
     "confirmaciones": 0,
     "reportes_ausencia": 0,
     "ultima_confirmacion": null
    }
   }
  },
  {
   "type": "Feature",
   "geometry": {
    "type": "Point",
    "coordinates": [
     -71.245018,
     -34.9911155
    ]
   },
   "properties": {
    "id": "ig-0756",
    "categoria": "dea",
    "nombre": "Mall Curicó",
    "tipo_recinto": "comercio",
    "referencia": "",
    "fuentes": [
     "comunidad:instagram"
    ],
    "verificacion": {
     "estado": "sin_verificar",
     "confirmaciones": 0,
     "reportes_ausencia": 0,
     "ultima_confirmacion": null
    }
   }
  },
  {
   "type": "Feature",
   "geometry": {
    "type": "Point",
    "coordinates": [
     -71.2441116,
     -34.9812547
    ]
   },
   "properties": {
    "id": "ig-0757",
    "categoria": "dea",
    "nombre": "Unimarc",
    "tipo_recinto": "comercio",
    "referencia": "",
    "fuentes": [
     "comunidad:instagram"
    ],
    "verificacion": {
     "estado": "sin_verificar",
     "confirmaciones": 0,
     "reportes_ausencia": 0,
     "ultima_confirmacion": null
    }
   }
  },
  {
   "type": "Feature",
   "geometry": {
    "type": "Point",
    "coordinates": [
     -71.2359823,
     -34.9826579
    ]
   },
   "properties": {
    "id": "ig-0758",
    "categoria": "dea",
    "nombre": "Somos dent",
    "tipo_recinto": "salud",
    "referencia": "",
    "fuentes": [
     "comunidad:instagram"
    ],
    "verificacion": {
     "estado": "sin_verificar",
     "confirmaciones": 0,
     "reportes_ausencia": 0,
     "ultima_confirmacion": null
    }
   }
  },
  {
   "type": "Feature",
   "geometry": {
    "type": "Point",
    "coordinates": [
     -71.245184,
     -34.989596
    ]
   },
   "properties": {
    "id": "ig-0759",
    "categoria": "dea",
    "nombre": "Easy Curicó",
    "tipo_recinto": "comercio",
    "referencia": "",
    "fuentes": [
     "comunidad:instagram"
    ],
    "verificacion": {
     "estado": "sin_verificar",
     "confirmaciones": 0,
     "reportes_ausencia": 0,
     "ultima_confirmacion": null
    }
   }
  },
  {
   "type": "Feature",
   "geometry": {
    "type": "Point",
    "coordinates": [
     -71.2449818,
     -34.9904517
    ]
   },
   "properties": {
    "id": "ig-0760",
    "categoria": "dea",
    "nombre": "Ripley Curicó",
    "tipo_recinto": "comercio",
    "referencia": "",
    "fuentes": [
     "comunidad:instagram"
    ],
    "verificacion": {
     "estado": "sin_verificar",
     "confirmaciones": 0,
     "reportes_ausencia": 0,
     "ultima_confirmacion": null
    }
   }
  },
  {
   "type": "Feature",
   "geometry": {
    "type": "Point",
    "coordinates": [
     -71.244695,
     -34.9925598
    ]
   },
   "properties": {
    "id": "ig-0761",
    "categoria": "dea",
    "nombre": "Jumbo Curicó",
    "tipo_recinto": "comercio",
    "referencia": "",
    "fuentes": [
     "comunidad:instagram"
    ],
    "verificacion": {
     "estado": "sin_verificar",
     "confirmaciones": 0,
     "reportes_ausencia": 0,
     "ultima_confirmacion": null
    }
   }
  },
  {
   "type": "Feature",
   "geometry": {
    "type": "Point",
    "coordinates": [
     -71.2451281,
     -34.9913948
    ]
   },
   "properties": {
    "id": "ig-0762",
    "categoria": "dea",
    "nombre": "Cineplanet Curicó",
    "tipo_recinto": "comercio",
    "referencia": "",
    "fuentes": [
     "comunidad:instagram"
    ],
    "verificacion": {
     "estado": "sin_verificar",
     "confirmaciones": 0,
     "reportes_ausencia": 0,
     "ultima_confirmacion": null
    }
   }
  },
  {
   "type": "Feature",
   "geometry": {
    "type": "Point",
    "coordinates": [
     -71.241863,
     -34.9896903
    ]
   },
   "properties": {
    "id": "ig-0763",
    "categoria": "dea",
    "nombre": "Colegio San Ramón Nonato",
    "tipo_recinto": "educacional",
    "referencia": "",
    "fuentes": [
     "comunidad:instagram"
    ],
    "verificacion": {
     "estado": "sin_verificar",
     "confirmaciones": 0,
     "reportes_ausencia": 0,
     "ultima_confirmacion": null
    }
   }
  },
  {
   "type": "Feature",
   "geometry": {
    "type": "Point",
    "coordinates": [
     -71.2261482,
     -34.9854124
    ]
   },
   "properties": {
    "id": "ig-0764",
    "categoria": "dea",
    "nombre": "Unimarc",
    "tipo_recinto": "comercio",
    "referencia": "",
    "fuentes": [
     "comunidad:instagram"
    ],
    "verificacion": {
     "estado": "sin_verificar",
     "confirmaciones": 0,
     "reportes_ausencia": 0,
     "ultima_confirmacion": null
    }
   }
  },
  {
   "type": "Feature",
   "geometry": {
    "type": "Point",
    "coordinates": [
     -71.2411041,
     -34.9847412
    ]
   },
   "properties": {
    "id": "ig-0765",
    "categoria": "dea",
    "nombre": "Instituto Profesional Santo Tomas",
    "tipo_recinto": "educacional",
    "referencia": "",
    "fuentes": [
     "comunidad:instagram"
    ],
    "verificacion": {
     "estado": "sin_verificar",
     "confirmaciones": 0,
     "reportes_ausencia": 0,
     "ultima_confirmacion": null
    }
   }
  },
  {
   "type": "Feature",
   "geometry": {
    "type": "Point",
    "coordinates": [
     -73.0051489,
     -41.2573495
    ]
   },
   "properties": {
    "id": "ig-0766",
    "categoria": "dea",
    "nombre": "Banco Santander",
    "tipo_recinto": "comercio",
    "referencia": "",
    "fuentes": [
     "comunidad:instagram"
    ],
    "verificacion": {
     "estado": "sin_verificar",
     "confirmaciones": 0,
     "reportes_ausencia": 0,
     "ultima_confirmacion": null
    }
   }
  },
  {
   "type": "Feature",
   "geometry": {
    "type": "Point",
    "coordinates": [
     -71.604145,
     -33.048864
    ]
   },
   "properties": {
    "id": "ig-0767",
    "categoria": "dea",
    "nombre": "Supermercado Lider",
    "tipo_recinto": "comercio",
    "referencia": "",
    "fuentes": [
     "comunidad:instagram"
    ],
    "verificacion": {
     "estado": "sin_verificar",
     "confirmaciones": 0,
     "reportes_ausencia": 0,
     "ultima_confirmacion": null
    }
   }
  },
  {
   "type": "Feature",
   "geometry": {
    "type": "Point",
    "coordinates": [
     -70.5504904,
     -33.4254855
    ]
   },
   "properties": {
    "id": "ig-0768",
    "categoria": "dea",
    "nombre": "Nueva Clínica Cordillera",
    "tipo_recinto": "salud",
    "referencia": "",
    "fuentes": [
     "comunidad:instagram"
    ],
    "verificacion": {
     "estado": "sin_verificar",
     "confirmaciones": 0,
     "reportes_ausencia": 0,
     "ultima_confirmacion": null
    }
   }
  },
  {
   "type": "Feature",
   "geometry": {
    "type": "Point",
    "coordinates": [
     -71.1460165,
     -33.4092326
    ]
   },
   "properties": {
    "id": "ig-0769",
    "categoria": "dea",
    "nombre": "Hospital de Curacaví",
    "tipo_recinto": "salud",
    "referencia": "",
    "fuentes": [
     "comunidad:instagram"
    ],
    "verificacion": {
     "estado": "sin_verificar",
     "confirmaciones": 0,
     "reportes_ausencia": 0,
     "ultima_confirmacion": null
    }
   }
  },
  {
   "type": "Feature",
   "geometry": {
    "type": "Point",
    "coordinates": [
     -71.129338,
     -33.40285
    ]
   },
   "properties": {
    "id": "ig-0770",
    "categoria": "dea",
    "nombre": "Unimarc",
    "tipo_recinto": "comercio",
    "referencia": "",
    "fuentes": [
     "comunidad:instagram"
    ],
    "verificacion": {
     "estado": "sin_verificar",
     "confirmaciones": 0,
     "reportes_ausencia": 0,
     "ultima_confirmacion": null
    }
   }
  },
  {
   "type": "Feature",
   "geometry": {
    "type": "Point",
    "coordinates": [
     -71.1246185,
     -33.4026718
    ]
   },
   "properties": {
    "id": "ig-0771",
    "categoria": "dea",
    "nombre": "Super Bodega aCuenta",
    "tipo_recinto": "comercio",
    "referencia": "",
    "fuentes": [
     "comunidad:instagram"
    ],
    "verificacion": {
     "estado": "sin_verificar",
     "confirmaciones": 0,
     "reportes_ausencia": 0,
     "ultima_confirmacion": null
    }
   }
  },
  {
   "type": "Feature",
   "geometry": {
    "type": "Point",
    "coordinates": [
     -70.8950197,
     -33.6114475
    ]
   },
   "properties": {
    "id": "ig-0772",
    "categoria": "dea",
    "nombre": "Colegio Comercial de Peñaflor",
    "tipo_recinto": "educacional",
    "referencia": "",
    "fuentes": [
     "comunidad:instagram"
    ],
    "verificacion": {
     "estado": "sin_verificar",
     "confirmaciones": 0,
     "reportes_ausencia": 0,
     "ultima_confirmacion": null
    }
   }
  },
  {
   "type": "Feature",
   "geometry": {
    "type": "Point",
    "coordinates": [
     -70.9037606,
     -33.6101643
    ]
   },
   "properties": {
    "id": "ig-0773",
    "categoria": "dea",
    "nombre": "Hospital Peñaflor",
    "tipo_recinto": "salud",
    "referencia": "",
    "fuentes": [
     "comunidad:instagram"
    ],
    "verificacion": {
     "estado": "sin_verificar",
     "confirmaciones": 0,
     "reportes_ausencia": 0,
     "ultima_confirmacion": null
    }
   }
  },
  {
   "type": "Feature",
   "geometry": {
    "type": "Point",
    "coordinates": [
     -70.8815108,
     -33.6105419
    ]
   },
   "properties": {
    "id": "ig-0774",
    "categoria": "dea",
    "nombre": "Santa Isabel",
    "tipo_recinto": "comercio",
    "referencia": "",
    "fuentes": [
     "comunidad:instagram"
    ],
    "verificacion": {
     "estado": "sin_verificar",
     "confirmaciones": 0,
     "reportes_ausencia": 0,
     "ultima_confirmacion": null
    }
   }
  },
  {
   "type": "Feature",
   "geometry": {
    "type": "Point",
    "coordinates": [
     -70.8629528,
     -33.6004235
    ]
   },
   "properties": {
    "id": "ig-0775",
    "categoria": "dea",
    "nombre": "Unimarc",
    "tipo_recinto": "comercio",
    "referencia": "",
    "fuentes": [
     "comunidad:instagram"
    ],
    "verificacion": {
     "estado": "sin_verificar",
     "confirmaciones": 0,
     "reportes_ausencia": 0,
     "ultima_confirmacion": null
    }
   }
  },
  {
   "type": "Feature",
   "geometry": {
    "type": "Point",
    "coordinates": [
     -72.5491409,
     -38.7008402
    ]
   },
   "properties": {
    "id": "ig-0776",
    "categoria": "dea",
    "nombre": "Deluxe Sport",
    "tipo_recinto": "deportivo",
    "referencia": "",
    "fuentes": [
     "comunidad:instagram"
    ],
    "verificacion": {
     "estado": "sin_verificar",
     "confirmaciones": 0,
     "reportes_ausencia": 0,
     "ultima_confirmacion": null
    }
   }
  },
  {
   "type": "Feature",
   "geometry": {
    "type": "Point",
    "coordinates": [
     -70.6147889,
     -33.4420252
    ]
   },
   "properties": {
    "id": "ig-0777",
    "categoria": "dea",
    "nombre": "CEFAV",
    "tipo_recinto": "salud",
    "referencia": "",
    "fuentes": [
     "comunidad:instagram"
    ],
    "verificacion": {
     "estado": "sin_verificar",
     "confirmaciones": 0,
     "reportes_ausencia": 0,
     "ultima_confirmacion": null
    }
   }
  },
  {
   "type": "Feature",
   "geometry": {
    "type": "Point",
    "coordinates": [
     -70.5992614,
     -33.4190361
    ]
   },
   "properties": {
    "id": "ig-0778",
    "categoria": "dea",
    "nombre": "Banco Consorcio",
    "tipo_recinto": "comercio",
    "referencia": "",
    "fuentes": [
     "comunidad:instagram"
    ],
    "verificacion": {
     "estado": "sin_verificar",
     "confirmaciones": 0,
     "reportes_ausencia": 0,
     "ultima_confirmacion": null
    }
   }
  },
  {
   "type": "Feature",
   "geometry": {
    "type": "Point",
    "coordinates": [
     -70.6473472,
     -33.4395229
    ]
   },
   "properties": {
    "id": "ig-0779",
    "categoria": "dea",
    "nombre": "Banco de Chile/Edwards/Citi",
    "tipo_recinto": "comercio",
    "referencia": "",
    "fuentes": [
     "comunidad:instagram"
    ],
    "verificacion": {
     "estado": "sin_verificar",
     "confirmaciones": 0,
     "reportes_ausencia": 0,
     "ultima_confirmacion": null
    }
   }
  },
  {
   "type": "Feature",
   "geometry": {
    "type": "Point",
    "coordinates": [
     -70.7253197,
     -33.471354
    ]
   },
   "properties": {
    "id": "ig-0780",
    "categoria": "dea",
    "nombre": "Piamarta",
    "tipo_recinto": "educacional",
    "referencia": "",
    "fuentes": [
     "comunidad:instagram"
    ],
    "verificacion": {
     "estado": "sin_verificar",
     "confirmaciones": 0,
     "reportes_ausencia": 0,
     "ultima_confirmacion": null
    }
   }
  },
  {
   "type": "Feature",
   "geometry": {
    "type": "Point",
    "coordinates": [
     -70.7290165,
     -33.4684707
    ]
   },
   "properties": {
    "id": "ig-0781",
    "categoria": "dea",
    "nombre": "Unimarc",
    "tipo_recinto": "comercio",
    "referencia": "Unimarc Pajaritos. ESTABLECIMIENTO COMERCIAL CON SISTEMA DE SEGURIDAD LEY N°19496 O CON OBLIGACIÓN POR EL DTO. LEY N°3607",
    "fuentes": [
     "comunidad:instagram"
    ],
    "verificacion": {
     "estado": "sin_verificar",
     "confirmaciones": 0,
     "reportes_ausencia": 0,
     "ultima_confirmacion": null
    }
   }
  },
  {
   "type": "Feature",
   "geometry": {
    "type": "Point",
    "coordinates": [
     -70.712486,
     -33.4692143
    ]
   },
   "properties": {
    "id": "ig-0782",
    "categoria": "dea",
    "nombre": "Colegio Hernando de Magallanes",
    "tipo_recinto": "educacional",
    "referencia": "ESTABLECIMIENTOS EDUCACIONALES BÁSICO, MEDIO Y SUPERIOR (MATRÍCULA ANUAL ≥ 500ALUMNOS)",
    "fuentes": [
     "comunidad:instagram"
    ],
    "verificacion": {
     "estado": "sin_verificar",
     "confirmaciones": 0,
     "reportes_ausencia": 0,
     "ultima_confirmacion": null
    }
   }
  },
  {
   "type": "Feature",
   "geometry": {
    "type": "Point",
    "coordinates": [
     -70.7059537,
     -33.4736501
    ]
   },
   "properties": {
    "id": "ig-0783",
    "categoria": "dea",
    "nombre": "Consultorio San José de Chuchunco",
    "tipo_recinto": "salud",
    "referencia": "CESFAM Coyhaique 6025",
    "fuentes": [
     "comunidad:instagram"
    ],
    "verificacion": {
     "estado": "sin_verificar",
     "confirmaciones": 0,
     "reportes_ausencia": 0,
     "ultima_confirmacion": null
    }
   }
  },
  {
   "type": "Feature",
   "geometry": {
    "type": "Point",
    "coordinates": [
     -70.6918398,
     -33.4729852
    ]
   },
   "properties": {
    "id": "ig-0784",
    "categoria": "dea",
    "nombre": "CESFAM Padre Vicente Irarrázaval | Centro de Salud Familiar",
    "tipo_recinto": "salud",
    "referencia": "",
    "fuentes": [
     "comunidad:instagram"
    ],
    "verificacion": {
     "estado": "sin_verificar",
     "confirmaciones": 0,
     "reportes_ausencia": 0,
     "ultima_confirmacion": null
    }
   }
  },
  {
   "type": "Feature",
   "geometry": {
    "type": "Point",
    "coordinates": [
     -70.6874202,
     -33.4535503
    ]
   },
   "properties": {
    "id": "ig-0785",
    "categoria": "dea",
    "nombre": "Ibis Santiago Estación Central",
    "tipo_recinto": "comercio",
    "referencia": "",
    "fuentes": [
     "comunidad:instagram"
    ],
    "verificacion": {
     "estado": "sin_verificar",
     "confirmaciones": 0,
     "reportes_ausencia": 0,
     "ultima_confirmacion": null
    }
   }
  },
  {
   "type": "Feature",
   "geometry": {
    "type": "Point",
    "coordinates": [
     -70.7038908,
     -33.4520184
    ]
   },
   "properties": {
    "id": "ig-0786",
    "categoria": "dea",
    "nombre": "CESFAM Las Mercedes | Centro de Salud Familiar",
    "tipo_recinto": "salud",
    "referencia": "",
    "fuentes": [
     "comunidad:instagram"
    ],
    "verificacion": {
     "estado": "sin_verificar",
     "confirmaciones": 0,
     "reportes_ausencia": 0,
     "ultima_confirmacion": null
    }
   }
  },
  {
   "type": "Feature",
   "geometry": {
    "type": "Point",
    "coordinates": [
     -70.7016232,
     -33.4574432
    ]
   },
   "properties": {
    "id": "ig-0787",
    "categoria": "dea",
    "nombre": "Clínica RedSalud Santiago - Servicios de Urgencia",
    "tipo_recinto": "salud",
    "referencia": "",
    "fuentes": [
     "comunidad:instagram"
    ],
    "verificacion": {
     "estado": "sin_verificar",
     "confirmaciones": 0,
     "reportes_ausencia": 0,
     "ultima_confirmacion": null
    }
   }
  },
  {
   "type": "Feature",
   "geometry": {
    "type": "Point",
    "coordinates": [
     -70.7002653,
     -33.4564387
    ]
   },
   "properties": {
    "id": "ig-0788",
    "categoria": "dea",
    "nombre": "Mutual de Seguridad Camara Chilena de la Construccion",
    "tipo_recinto": "salud",
    "referencia": "",
    "fuentes": [
     "comunidad:instagram"
    ],
    "verificacion": {
     "estado": "sin_verificar",
     "confirmaciones": 0,
     "reportes_ausencia": 0,
     "ultima_confirmacion": null
    }
   }
  },
  {
   "type": "Feature",
   "geometry": {
    "type": "Point",
    "coordinates": [
     -70.6910094,
     -33.4502703
    ]
   },
   "properties": {
    "id": "ig-0789",
    "categoria": "dea",
    "nombre": "Estadio USACH",
    "tipo_recinto": "deportivo",
    "referencia": "",
    "fuentes": [
     "comunidad:instagram"
    ],
    "verificacion": {
     "estado": "sin_verificar",
     "confirmaciones": 0,
     "reportes_ausencia": 0,
     "ultima_confirmacion": null
    }
   }
  },
  {
   "type": "Feature",
   "geometry": {
    "type": "Point",
    "coordinates": [
     -70.6829211,
     -33.452341
    ]
   },
   "properties": {
    "id": "ig-0790",
    "categoria": "dea",
    "nombre": "IntegraMédica Estación Central",
    "tipo_recinto": "salud",
    "referencia": "",
    "fuentes": [
     "comunidad:instagram"
    ],
    "verificacion": {
     "estado": "sin_verificar",
     "confirmaciones": 0,
     "reportes_ausencia": 0,
     "ultima_confirmacion": null
    }
   }
  },
  {
   "type": "Feature",
   "geometry": {
    "type": "Point",
    "coordinates": [
     -70.6823731,
     -33.4524185
    ]
   },
   "properties": {
    "id": "ig-0791",
    "categoria": "dea",
    "nombre": "Supermercado Tottus Alameda",
    "tipo_recinto": "comercio",
    "referencia": "",
    "fuentes": [
     "comunidad:instagram"
    ],
    "verificacion": {
     "estado": "sin_verificar",
     "confirmaciones": 0,
     "reportes_ausencia": 0,
     "ultima_confirmacion": null
    }
   }
  },
  {
   "type": "Feature",
   "geometry": {
    "type": "Point",
    "coordinates": [
     -70.6822765,
     -33.4526736
    ]
   },
   "properties": {
    "id": "ig-0792",
    "categoria": "dea",
    "nombre": "Energy Mallplaza Alameda",
    "tipo_recinto": "deportivo",
    "referencia": "",
    "fuentes": [
     "comunidad:instagram"
    ],
    "verificacion": {
     "estado": "sin_verificar",
     "confirmaciones": 0,
     "reportes_ausencia": 0,
     "ultima_confirmacion": null
    }
   }
  },
  {
   "type": "Feature",
   "geometry": {
    "type": "Point",
    "coordinates": [
     -70.6788047,
     -33.4522572
    ]
   },
   "properties": {
    "id": "ig-0793",
    "categoria": "dea",
    "nombre": "MetroTrenAlameda",
    "tipo_recinto": "transporte",
    "referencia": "",
    "fuentes": [
     "comunidad:instagram"
    ],
    "verificacion": {
     "estado": "sin_verificar",
     "confirmaciones": 0,
     "reportes_ausencia": 0,
     "ultima_confirmacion": null
    }
   }
  },
  {
   "type": "Feature",
   "geometry": {
    "type": "Point",
    "coordinates": [
     -70.6781379,
     -33.4526339
    ]
   },
   "properties": {
    "id": "ig-0794",
    "categoria": "dea",
    "nombre": "Cinépolis Estación Central",
    "tipo_recinto": "comercio",
    "referencia": "",
    "fuentes": [
     "comunidad:instagram"
    ],
    "verificacion": {
     "estado": "sin_verificar",
     "confirmaciones": 0,
     "reportes_ausencia": 0,
     "ultima_confirmacion": null
    }
   }
  },
  {
   "type": "Feature",
   "geometry": {
    "type": "Point",
    "coordinates": [
     -70.5722718,
     -33.436215
    ]
   },
   "properties": {
    "id": "ig-0795",
    "categoria": "dea",
    "nombre": "Prince of Wales Country Club",
    "tipo_recinto": "deportivo",
    "referencia": "",
    "fuentes": [
     "comunidad:instagram"
    ],
    "verificacion": {
     "estado": "sin_verificar",
     "confirmaciones": 0,
     "reportes_ausencia": 0,
     "ultima_confirmacion": null
    }
   }
  },
  {
   "type": "Feature",
   "geometry": {
    "type": "Point",
    "coordinates": [
     -70.569749,
     -33.3797829
    ]
   },
   "properties": {
    "id": "ig-0796",
    "categoria": "dea",
    "nombre": "Pausa Pasteur",
    "tipo_recinto": "comercio",
    "referencia": "",
    "fuentes": [
     "comunidad:instagram"
    ],
    "verificacion": {
     "estado": "sin_verificar",
     "confirmaciones": 0,
     "reportes_ausencia": 0,
     "ultima_confirmacion": null
    }
   }
  },
  {
   "type": "Feature",
   "geometry": {
    "type": "Point",
    "coordinates": [
     -70.6695027,
     -33.3986087
    ]
   },
   "properties": {
    "id": "ig-0797",
    "categoria": "dea",
    "nombre": "Santa Isabel",
    "tipo_recinto": "comercio",
    "referencia": "",
    "fuentes": [
     "comunidad:instagram"
    ],
    "verificacion": {
     "estado": "sin_verificar",
     "confirmaciones": 0,
     "reportes_ausencia": 0,
     "ultima_confirmacion": null
    }
   }
  },
  {
   "type": "Feature",
   "geometry": {
    "type": "Point",
    "coordinates": [
     -70.6720349,
     -33.3986071
    ]
   },
   "properties": {
    "id": "ig-0798",
    "categoria": "dea",
    "nombre": "Redsalud",
    "tipo_recinto": "salud",
    "referencia": "",
    "fuentes": [
     "comunidad:instagram"
    ],
    "verificacion": {
     "estado": "sin_verificar",
     "confirmaciones": 0,
     "reportes_ausencia": 0,
     "ultima_confirmacion": null
    }
   }
  },
  {
   "type": "Feature",
   "geometry": {
    "type": "Point",
    "coordinates": [
     -70.6695711,
     -33.3974145
    ]
   },
   "properties": {
    "id": "ig-0799",
    "categoria": "dea",
    "nombre": "Metro Estacion Conchali",
    "tipo_recinto": "metro",
    "referencia": "",
    "fuentes": [
     "comunidad:instagram"
    ],
    "verificacion": {
     "estado": "sin_verificar",
     "confirmaciones": 0,
     "reportes_ausencia": 0,
     "ultima_confirmacion": null
    }
   }
  },
  {
   "type": "Feature",
   "geometry": {
    "type": "Point",
    "coordinates": [
     -70.66087,
     -33.40644
    ]
   },
   "properties": {
    "id": "ig-0800",
    "categoria": "dea",
    "nombre": "Plaza Chacabuco",
    "tipo_recinto": "metro",
    "referencia": "",
    "fuentes": [
     "comunidad:instagram"
    ],
    "verificacion": {
     "estado": "sin_verificar",
     "confirmaciones": 0,
     "reportes_ausencia": 0,
     "ultima_confirmacion": null
    }
   }
  },
  {
   "type": "Feature",
   "geometry": {
    "type": "Point",
    "coordinates": [
     -70.656373,
     -33.417663
    ]
   },
   "properties": {
    "id": "ig-0801",
    "categoria": "dea",
    "nombre": "Hospitales",
    "tipo_recinto": "metro",
    "referencia": "",
    "fuentes": [
     "comunidad:instagram"
    ],
    "verificacion": {
     "estado": "sin_verificar",
     "confirmaciones": 0,
     "reportes_ausencia": 0,
     "ultima_confirmacion": null
    }
   }
  },
  {
   "type": "Feature",
   "geometry": {
    "type": "Point",
    "coordinates": [
     -70.6523831,
     -33.4327343
    ]
   },
   "properties": {
    "id": "ig-0802",
    "categoria": "dea",
    "nombre": "Puente Cal y Canto",
    "tipo_recinto": "metro",
    "referencia": "",
    "fuentes": [
     "comunidad:instagram"
    ],
    "verificacion": {
     "estado": "sin_verificar",
     "confirmaciones": 0,
     "reportes_ausencia": 0,
     "ultima_confirmacion": null
    }
   }
  },
  {
   "type": "Feature",
   "geometry": {
    "type": "Point",
    "coordinates": [
     -70.64706,
     -33.42963
    ]
   },
   "properties": {
    "id": "ig-0803",
    "categoria": "dea",
    "nombre": "Patronato",
    "tipo_recinto": "metro",
    "referencia": "",
    "fuentes": [
     "comunidad:instagram"
    ],
    "verificacion": {
     "estado": "sin_verificar",
     "confirmaciones": 0,
     "reportes_ausencia": 0,
     "ultima_confirmacion": null
    }
   }
  },
  {
   "type": "Feature",
   "geometry": {
    "type": "Point",
    "coordinates": [
     -70.64497,
     -33.42255
    ]
   },
   "properties": {
    "id": "ig-0804",
    "categoria": "dea",
    "nombre": "Cerro Blanco",
    "tipo_recinto": "metro",
    "referencia": "",
    "fuentes": [
     "comunidad:instagram"
    ],
    "verificacion": {
     "estado": "sin_verificar",
     "confirmaciones": 0,
     "reportes_ausencia": 0,
     "ultima_confirmacion": null
    }
   }
  },
  {
   "type": "Feature",
   "geometry": {
    "type": "Point",
    "coordinates": [
     -70.64314,
     -33.40573
    ]
   },
   "properties": {
    "id": "ig-0805",
    "categoria": "dea",
    "nombre": "Einstein",
    "tipo_recinto": "metro",
    "referencia": "",
    "fuentes": [
     "comunidad:instagram"
    ],
    "verificacion": {
     "estado": "sin_verificar",
     "confirmaciones": 0,
     "reportes_ausencia": 0,
     "ultima_confirmacion": null
    }
   }
  },
  {
   "type": "Feature",
   "geometry": {
    "type": "Point",
    "coordinates": [
     -70.643089,
     -33.3967662
    ]
   },
   "properties": {
    "id": "ig-0806",
    "categoria": "dea",
    "nombre": "Dorsal",
    "tipo_recinto": "metro",
    "referencia": "",
    "fuentes": [
     "comunidad:instagram"
    ],
    "verificacion": {
     "estado": "sin_verificar",
     "confirmaciones": 0,
     "reportes_ausencia": 0,
     "ultima_confirmacion": null
    }
   }
  },
  {
   "type": "Feature",
   "geometry": {
    "type": "Point",
    "coordinates": [
     -70.64682,
     -33.38043
    ]
   },
   "properties": {
    "id": "ig-0807",
    "categoria": "dea",
    "nombre": "Vespucio Norte",
    "tipo_recinto": "metro",
    "referencia": "",
    "fuentes": [
     "comunidad:instagram"
    ],
    "verificacion": {
     "estado": "sin_verificar",
     "confirmaciones": 0,
     "reportes_ausencia": 0,
     "ultima_confirmacion": null
    }
   }
  },
  {
   "type": "Feature",
   "geometry": {
    "type": "Point",
    "coordinates": [
     -70.679226,
     -33.385877
    ]
   },
   "properties": {
    "id": "ig-0808",
    "categoria": "dea",
    "nombre": "Vivaceta",
    "tipo_recinto": "metro",
    "referencia": "",
    "fuentes": [
     "comunidad:instagram"
    ],
    "verificacion": {
     "estado": "sin_verificar",
     "confirmaciones": 0,
     "reportes_ausencia": 0,
     "ultima_confirmacion": null
    }
   }
  },
  {
   "type": "Feature",
   "geometry": {
    "type": "Point",
    "coordinates": [
     -70.6919089,
     -33.365421
    ]
   },
   "properties": {
    "id": "ig-0809",
    "categoria": "dea",
    "nombre": "Los Libertadores",
    "tipo_recinto": "metro",
    "referencia": "",
    "fuentes": [
     "comunidad:instagram"
    ],
    "verificacion": {
     "estado": "sin_verificar",
     "confirmaciones": 0,
     "reportes_ausencia": 0,
     "ultima_confirmacion": null
    }
   }
  },
  {
   "type": "Feature",
   "geometry": {
    "type": "Point",
    "coordinates": [
     -70.686104,
     -33.373452
    ]
   },
   "properties": {
    "id": "ig-0810",
    "categoria": "dea",
    "nombre": "Cardenal Caro",
    "tipo_recinto": "metro",
    "referencia": "",
    "fuentes": [
     "comunidad:instagram"
    ],
    "verificacion": {
     "estado": "sin_verificar",
     "confirmaciones": 0,
     "reportes_ausencia": 0,
     "ultima_confirmacion": null
    }
   }
  },
  {
   "type": "Feature",
   "geometry": {
    "type": "Point",
    "coordinates": [
     -70.7233,
     -33.44422
    ]
   },
   "properties": {
    "id": "ig-0811",
    "categoria": "dea",
    "nombre": "San Pablo L5",
    "tipo_recinto": "metro",
    "referencia": "",
    "fuentes": [
     "comunidad:instagram"
    ],
    "verificacion": {
     "estado": "sin_verificar",
     "confirmaciones": 0,
     "reportes_ausencia": 0,
     "ultima_confirmacion": null
    }
   }
  },
  {
   "type": "Feature",
   "geometry": {
    "type": "Point",
    "coordinates": [
     -70.6584309,
     -33.3952491
    ]
   },
   "properties": {
    "id": "ig-0812",
    "categoria": "dea",
    "nombre": "Unimarc Dorsal",
    "tipo_recinto": "comercio",
    "referencia": "ESTABLECIMIENTO COMERCIAL CON SISTEMA DE SEGURIDAD LEY N°19496 O CON OBLIGACIÓN POR EL DTO. LEY N°3607",
    "fuentes": [
     "comunidad:instagram"
    ],
    "verificacion": {
     "estado": "sin_verificar",
     "confirmaciones": 0,
     "reportes_ausencia": 0,
     "ultima_confirmacion": null
    }
   }
  },
  {
   "type": "Feature",
   "geometry": {
    "type": "Point",
    "coordinates": [
     -70.6823528,
     -33.3731242
    ]
   },
   "properties": {
    "id": "ig-0813",
    "categoria": "dea",
    "nombre": "Santa Isabel",
    "tipo_recinto": "comercio",
    "referencia": "",
    "fuentes": [
     "comunidad:instagram"
    ],
    "verificacion": {
     "estado": "sin_verificar",
     "confirmaciones": 0,
     "reportes_ausencia": 0,
     "ultima_confirmacion": null
    }
   }
  },
  {
   "type": "Feature",
   "geometry": {
    "type": "Point",
    "coordinates": [
     -70.7378608,
     -33.4299717
    ]
   },
   "properties": {
    "id": "ig-0814",
    "categoria": "dea",
    "nombre": "Colegio San Damián de Molokai",
    "tipo_recinto": "educacional",
    "referencia": "",
    "fuentes": [
     "comunidad:instagram"
    ],
    "verificacion": {
     "estado": "sin_verificar",
     "confirmaciones": 0,
     "reportes_ausencia": 0,
     "ultima_confirmacion": null
    }
   }
  },
  {
   "type": "Feature",
   "geometry": {
    "type": "Point",
    "coordinates": [
     -70.7313812,
     -33.4334579
    ]
   },
   "properties": {
    "id": "ig-0815",
    "categoria": "dea",
    "nombre": "CESFAM Dr. Arturo Albertz",
    "tipo_recinto": "salud",
    "referencia": "",
    "fuentes": [
     "comunidad:instagram"
    ],
    "verificacion": {
     "estado": "sin_verificar",
     "confirmaciones": 0,
     "reportes_ausencia": 0,
     "ultima_confirmacion": null
    }
   }
  },
  {
   "type": "Feature",
   "geometry": {
    "type": "Point",
    "coordinates": [
     -70.7173757,
     -33.4176814
    ]
   },
   "properties": {
    "id": "ig-0816",
    "categoria": "dea",
    "nombre": "Cesfam Lo AMOR",
    "tipo_recinto": "salud",
    "referencia": "",
    "fuentes": [
     "comunidad:instagram"
    ],
    "verificacion": {
     "estado": "sin_verificar",
     "confirmaciones": 0,
     "reportes_ausencia": 0,
     "ultima_confirmacion": null
    }
   }
  },
  {
   "type": "Feature",
   "geometry": {
    "type": "Point",
    "coordinates": [
     -70.7508164,
     -33.4196533
    ]
   },
   "properties": {
    "id": "ig-0817",
    "categoria": "dea",
    "nombre": "Cesfam Cerro Navia",
    "tipo_recinto": "salud",
    "referencia": "",
    "fuentes": [
     "comunidad:instagram"
    ],
    "verificacion": {
     "estado": "sin_verificar",
     "confirmaciones": 0,
     "reportes_ausencia": 0,
     "ultima_confirmacion": null
    }
   }
  },
  {
   "type": "Feature",
   "geometry": {
    "type": "Point",
    "coordinates": [
     -70.7416192,
     -33.4236402
    ]
   },
   "properties": {
    "id": "ig-0818",
    "categoria": "dea",
    "nombre": "Hospital Clínico Félix Bulnes",
    "tipo_recinto": "salud",
    "referencia": "",
    "fuentes": [
     "comunidad:instagram"
    ],
    "verificacion": {
     "estado": "sin_verificar",
     "confirmaciones": 0,
     "reportes_ausencia": 0,
     "ultima_confirmacion": null
    }
   }
  },
  {
   "type": "Feature",
   "geometry": {
    "type": "Point",
    "coordinates": [
     -70.7413404,
     -33.4176132
    ]
   },
   "properties": {
    "id": "ig-0819",
    "categoria": "dea",
    "nombre": "Cesfam Steeger",
    "tipo_recinto": "salud",
    "referencia": "",
    "fuentes": [
     "comunidad:instagram"
    ],
    "verificacion": {
     "estado": "sin_verificar",
     "confirmaciones": 0,
     "reportes_ausencia": 0,
     "ultima_confirmacion": null
    }
   }
  },
  {
   "type": "Feature",
   "geometry": {
    "type": "Point",
    "coordinates": [
     -70.9797757,
     -33.6800316
    ]
   },
   "properties": {
    "id": "ig-0820",
    "categoria": "dea",
    "nombre": "Supermercado Tottus El Monte",
    "tipo_recinto": "comercio",
    "referencia": "",
    "fuentes": [
     "comunidad:instagram"
    ],
    "verificacion": {
     "estado": "sin_verificar",
     "confirmaciones": 0,
     "reportes_ausencia": 0,
     "ultima_confirmacion": null
    }
   }
  },
  {
   "type": "Feature",
   "geometry": {
    "type": "Point",
    "coordinates": [
     -70.6327539,
     -33.3634091
    ]
   },
   "properties": {
    "id": "ig-0821",
    "categoria": "dea",
    "nombre": "CESFAM Dr. Salvador Allende G.",
    "tipo_recinto": "salud",
    "referencia": "",
    "fuentes": [
     "comunidad:instagram"
    ],
    "verificacion": {
     "estado": "sin_verificar",
     "confirmaciones": 0,
     "reportes_ausencia": 0,
     "ultima_confirmacion": null
    }
   }
  },
  {
   "type": "Feature",
   "geometry": {
    "type": "Point",
    "coordinates": [
     -70.6367762,
     -33.3732043
    ]
   },
   "properties": {
    "id": "ig-0822",
    "categoria": "dea",
    "nombre": "Centro de Salud Familiar La Pincoya",
    "tipo_recinto": "salud",
    "referencia": "",
    "fuentes": [
     "comunidad:instagram"
    ],
    "verificacion": {
     "estado": "sin_verificar",
     "confirmaciones": 0,
     "reportes_ausencia": 0,
     "ultima_confirmacion": null
    }
   }
  },
  {
   "type": "Feature",
   "geometry": {
    "type": "Point",
    "coordinates": [
     -70.6244151,
     -33.376267
    ]
   },
   "properties": {
    "id": "ig-0823",
    "categoria": "dea",
    "nombre": "CESFAM El Barrero",
    "tipo_recinto": "salud",
    "referencia": "",
    "fuentes": [
     "comunidad:instagram"
    ],
    "verificacion": {
     "estado": "sin_verificar",
     "confirmaciones": 0,
     "reportes_ausencia": 0,
     "ultima_confirmacion": null
    }
   }
  },
  {
   "type": "Feature",
   "geometry": {
    "type": "Point",
    "coordinates": [
     -70.6465974,
     -33.3797038
    ]
   },
   "properties": {
    "id": "ig-0824",
    "categoria": "dea",
    "nombre": "Banco De Chile",
    "tipo_recinto": "comercio",
    "referencia": "",
    "fuentes": [
     "comunidad:instagram"
    ],
    "verificacion": {
     "estado": "sin_verificar",
     "confirmaciones": 0,
     "reportes_ausencia": 0,
     "ultima_confirmacion": null
    }
   }
  },
  {
   "type": "Feature",
   "geometry": {
    "type": "Point",
    "coordinates": [
     -70.6200867,
     -33.3900105
    ]
   },
   "properties": {
    "id": "ig-0825",
    "categoria": "dea",
    "nombre": "Supermercado Tottus Ciudad Empresarial",
    "tipo_recinto": "comercio",
    "referencia": "",
    "fuentes": [
     "comunidad:instagram"
    ],
    "verificacion": {
     "estado": "sin_verificar",
     "confirmaciones": 0,
     "reportes_ausencia": 0,
     "ultima_confirmacion": null
    }
   }
  },
  {
   "type": "Feature",
   "geometry": {
    "type": "Point",
    "coordinates": [
     -70.7542448,
     -33.4780157
    ]
   },
   "properties": {
    "id": "ig-0826",
    "categoria": "dea",
    "nombre": "AMCI - Clínica INDISA Maipú",
    "tipo_recinto": "salud",
    "referencia": "",
    "fuentes": [
     "comunidad:instagram"
    ],
    "verificacion": {
     "estado": "sin_verificar",
     "confirmaciones": 0,
     "reportes_ausencia": 0,
     "ultima_confirmacion": null
    }
   }
  },
  {
   "type": "Feature",
   "geometry": {
    "type": "Point",
    "coordinates": [
     -70.6632599,
     -33.3574711
    ]
   },
   "properties": {
    "id": "ig-0827",
    "categoria": "dea",
    "nombre": "Colegio Pumahue Huechuraba",
    "tipo_recinto": "educacional",
    "referencia": "",
    "fuentes": [
     "comunidad:instagram"
    ],
    "verificacion": {
     "estado": "sin_verificar",
     "confirmaciones": 0,
     "reportes_ausencia": 0,
     "ultima_confirmacion": null
    }
   }
  },
  {
   "type": "Feature",
   "geometry": {
    "type": "Point",
    "coordinates": [
     -70.671242,
     -33.3505884
    ]
   },
   "properties": {
    "id": "ig-0828",
    "categoria": "dea",
    "nombre": "Unimarc",
    "tipo_recinto": "comercio",
    "referencia": "",
    "fuentes": [
     "comunidad:instagram"
    ],
    "verificacion": {
     "estado": "sin_verificar",
     "confirmaciones": 0,
     "reportes_ausencia": 0,
     "ultima_confirmacion": null
    }
   }
  },
  {
   "type": "Feature",
   "geometry": {
    "type": "Point",
    "coordinates": [
     -70.6700037,
     -33.3473344
    ]
   },
   "properties": {
    "id": "ig-0829",
    "categoria": "dea",
    "nombre": "Santa Isabel",
    "tipo_recinto": "comercio",
    "referencia": "",
    "fuentes": [
     "comunidad:instagram"
    ],
    "verificacion": {
     "estado": "sin_verificar",
     "confirmaciones": 0,
     "reportes_ausencia": 0,
     "ultima_confirmacion": null
    }
   }
  },
  {
   "type": "Feature",
   "geometry": {
    "type": "Point",
    "coordinates": [
     -70.6835589,
     -33.3604159
    ]
   },
   "properties": {
    "id": "ig-0830",
    "categoria": "dea",
    "nombre": "CECOSF Los Libertadores",
    "tipo_recinto": "salud",
    "referencia": "",
    "fuentes": [
     "comunidad:instagram"
    ],
    "verificacion": {
     "estado": "sin_verificar",
     "confirmaciones": 0,
     "reportes_ausencia": 0,
     "ultima_confirmacion": null
    }
   }
  },
  {
   "type": "Feature",
   "geometry": {
    "type": "Point",
    "coordinates": [
     -70.6781852,
     -33.36344
    ]
   },
   "properties": {
    "id": "ig-0831",
    "categoria": "dea",
    "nombre": "Duoc UC: Sede Plaza Norte",
    "tipo_recinto": "educacional",
    "referencia": "",
    "fuentes": [
     "comunidad:instagram"
    ],
    "verificacion": {
     "estado": "sin_verificar",
     "confirmaciones": 0,
     "reportes_ausencia": 0,
     "ultima_confirmacion": null
    }
   }
  },
  {
   "type": "Feature",
   "geometry": {
    "type": "Point",
    "coordinates": [
     -70.678006,
     -33.3669006
    ]
   },
   "properties": {
    "id": "ig-0832",
    "categoria": "dea",
    "nombre": "Ripley Mall Plaza Norte",
    "tipo_recinto": "comercio",
    "referencia": "",
    "fuentes": [
     "comunidad:instagram"
    ],
    "verificacion": {
     "estado": "sin_verificar",
     "confirmaciones": 0,
     "reportes_ausencia": 0,
     "ultima_confirmacion": null
    }
   }
  },
  {
   "type": "Feature",
   "geometry": {
    "type": "Point",
    "coordinates": [
     -70.6781146,
     -33.3671999
    ]
   },
   "properties": {
    "id": "ig-0833",
    "categoria": "dea",
    "nombre": "Nuevo Energy Mallplaza Norte",
    "tipo_recinto": "deportivo",
    "referencia": "",
    "fuentes": [
     "comunidad:instagram"
    ],
    "verificacion": {
     "estado": "sin_verificar",
     "confirmaciones": 0,
     "reportes_ausencia": 0,
     "ultima_confirmacion": null
    }
   }
  },
  {
   "type": "Feature",
   "geometry": {
    "type": "Point",
    "coordinates": [
     -70.6704737,
     -33.3700901
    ]
   },
   "properties": {
    "id": "ig-0834",
    "categoria": "dea",
    "nombre": "Imperial S.A.",
    "tipo_recinto": "comercio",
    "referencia": "",
    "fuentes": [
     "comunidad:instagram"
    ],
    "verificacion": {
     "estado": "sin_verificar",
     "confirmaciones": 0,
     "reportes_ausencia": 0,
     "ultima_confirmacion": null
    }
   }
  },
  {
   "type": "Feature",
   "geometry": {
    "type": "Point",
    "coordinates": [
     -70.6783707,
     -33.3661076
    ]
   },
   "properties": {
    "id": "ig-0835",
    "categoria": "dea",
    "nombre": "IntegraMédica Norte",
    "tipo_recinto": "salud",
    "referencia": "",
    "fuentes": [
     "comunidad:instagram"
    ],
    "verificacion": {
     "estado": "sin_verificar",
     "confirmaciones": 0,
     "reportes_ausencia": 0,
     "ultima_confirmacion": null
    }
   }
  },
  {
   "type": "Feature",
   "geometry": {
    "type": "Point",
    "coordinates": [
     -69.7858449,
     -20.2607944
    ]
   },
   "properties": {
    "id": "ig-0836",
    "categoria": "dea",
    "nombre": "HOTEL ESTANCIA INN",
    "tipo_recinto": "comercio",
    "referencia": "",
    "fuentes": [
     "comunidad:instagram"
    ],
    "verificacion": {
     "estado": "sin_verificar",
     "confirmaciones": 0,
     "reportes_ausencia": 0,
     "ultima_confirmacion": null
    }
   }
  },
  {
   "type": "Feature",
   "geometry": {
    "type": "Point",
    "coordinates": [
     -69.5626855,
     -20.4303567
    ]
   },
   "properties": {
    "id": "ig-0837",
    "categoria": "dea",
    "nombre": "Camping Del Tamarugal",
    "tipo_recinto": "comercio",
    "referencia": "",
    "fuentes": [
     "comunidad:instagram"
    ],
    "verificacion": {
     "estado": "sin_verificar",
     "confirmaciones": 0,
     "reportes_ausencia": 0,
     "ultima_confirmacion": null
    }
   }
  },
  {
   "type": "Feature",
   "geometry": {
    "type": "Point",
    "coordinates": [
     -70.1786242,
     -20.547668
    ]
   },
   "properties": {
    "id": "ig-0838",
    "categoria": "dea",
    "nombre": "Aeropuerto Internacional General Diego Aracena Aguilar",
    "tipo_recinto": "transporte",
    "referencia": "",
    "fuentes": [
     "comunidad:instagram"
    ],
    "verificacion": {
     "estado": "sin_verificar",
     "confirmaciones": 0,
     "reportes_ausencia": 0,
     "ultima_confirmacion": null
    }
   }
  },
  {
   "type": "Feature",
   "geometry": {
    "type": "Point",
    "coordinates": [
     -70.0947082,
     -20.2930253
    ]
   },
   "properties": {
    "id": "ig-0839",
    "categoria": "dea",
    "nombre": "Liceo Bicentenario Nirvana",
    "tipo_recinto": "educacional",
    "referencia": "",
    "fuentes": [
     "comunidad:instagram"
    ],
    "verificacion": {
     "estado": "sin_verificar",
     "confirmaciones": 0,
     "reportes_ausencia": 0,
     "ultima_confirmacion": null
    }
   }
  },
  {
   "type": "Feature",
   "geometry": {
    "type": "Point",
    "coordinates": [
     -70.0860772,
     -20.282496
    ]
   },
   "properties": {
    "id": "ig-0840",
    "categoria": "dea",
    "nombre": "Colegio Marista Alto Hospicio - Hermano Fernando",
    "tipo_recinto": "educacional",
    "referencia": "",
    "fuentes": [
     "comunidad:instagram"
    ],
    "verificacion": {
     "estado": "sin_verificar",
     "confirmaciones": 0,
     "reportes_ausencia": 0,
     "ultima_confirmacion": null
    }
   }
  },
  {
   "type": "Feature",
   "geometry": {
    "type": "Point",
    "coordinates": [
     -70.0926291,
     -20.2746949
    ]
   },
   "properties": {
    "id": "ig-0841",
    "categoria": "dea",
    "nombre": "Colegio San Pedro",
    "tipo_recinto": "educacional",
    "referencia": "",
    "fuentes": [
     "comunidad:instagram"
    ],
    "verificacion": {
     "estado": "sin_verificar",
     "confirmaciones": 0,
     "reportes_ausencia": 0,
     "ultima_confirmacion": null
    }
   }
  },
  {
   "type": "Feature",
   "geometry": {
    "type": "Point",
    "coordinates": [
     -70.1039497,
     -20.2682533
    ]
   },
   "properties": {
    "id": "ig-0842",
    "categoria": "dea",
    "nombre": "Liceo Bicentenario Metodista William Taylor",
    "tipo_recinto": "educacional",
    "referencia": "",
    "fuentes": [
     "comunidad:instagram"
    ],
    "verificacion": {
     "estado": "sin_verificar",
     "confirmaciones": 0,
     "reportes_ausencia": 0,
     "ultima_confirmacion": null
    }
   }
  },
  {
   "type": "Feature",
   "geometry": {
    "type": "Point",
    "coordinates": [
     -70.0994997,
     -20.2620178
    ]
   },
   "properties": {
    "id": "ig-0843",
    "categoria": "dea",
    "nombre": "Colegio Monte Carmelo",
    "tipo_recinto": "educacional",
    "referencia": "",
    "fuentes": [
     "comunidad:instagram"
    ],
    "verificacion": {
     "estado": "sin_verificar",
     "confirmaciones": 0,
     "reportes_ausencia": 0,
     "ultima_confirmacion": null
    }
   }
  },
  {
   "type": "Feature",
   "geometry": {
    "type": "Point",
    "coordinates": [
     -70.0987586,
     -20.2783
    ]
   },
   "properties": {
    "id": "ig-0844",
    "categoria": "dea",
    "nombre": "Colegio Macaya",
    "tipo_recinto": "educacional",
    "referencia": "",
    "fuentes": [
     "comunidad:instagram"
    ],
    "verificacion": {
     "estado": "sin_verificar",
     "confirmaciones": 0,
     "reportes_ausencia": 0,
     "ultima_confirmacion": null
    }
   }
  },
  {
   "type": "Feature",
   "geometry": {
    "type": "Point",
    "coordinates": [
     -70.0970224,
     -20.2758011
    ]
   },
   "properties": {
    "id": "ig-0845",
    "categoria": "dea",
    "nombre": "Santa Isabel",
    "tipo_recinto": "comercio",
    "referencia": "",
    "fuentes": [
     "comunidad:instagram"
    ],
    "verificacion": {
     "estado": "sin_verificar",
     "confirmaciones": 0,
     "reportes_ausencia": 0,
     "ultima_confirmacion": null
    }
   }
  },
  {
   "type": "Feature",
   "geometry": {
    "type": "Point",
    "coordinates": [
     -70.0949028,
     -20.2719893
    ]
   },
   "properties": {
    "id": "ig-0846",
    "categoria": "dea",
    "nombre": "Liceo Bicentenario Minero S.S Juan Pablo II",
    "tipo_recinto": "educacional",
    "referencia": "",
    "fuentes": [
     "comunidad:instagram"
    ],
    "verificacion": {
     "estado": "sin_verificar",
     "confirmaciones": 0,
     "reportes_ausencia": 0,
     "ultima_confirmacion": null
    }
   }
  },
  {
   "type": "Feature",
   "geometry": {
    "type": "Point",
    "coordinates": [
     -70.0984547,
     -20.2641411
    ]
   },
   "properties": {
    "id": "ig-0847",
    "categoria": "dea",
    "nombre": "Colegio Salesiano Santo Domingo Savio",
    "tipo_recinto": "educacional",
    "referencia": "",
    "fuentes": [
     "comunidad:instagram"
    ],
    "verificacion": {
     "estado": "sin_verificar",
     "confirmaciones": 0,
     "reportes_ausencia": 0,
     "ultima_confirmacion": null
    }
   }
  },
  {
   "type": "Feature",
   "geometry": {
    "type": "Point",
    "coordinates": [
     -70.0971931,
     -20.2625729
    ]
   },
   "properties": {
    "id": "ig-0848",
    "categoria": "dea",
    "nombre": "Colegio Maran Atha",
    "tipo_recinto": "educacional",
    "referencia": "",
    "fuentes": [
     "comunidad:instagram"
    ],
    "verificacion": {
     "estado": "sin_verificar",
     "confirmaciones": 0,
     "reportes_ausencia": 0,
     "ultima_confirmacion": null
    }
   }
  },
  {
   "type": "Feature",
   "geometry": {
    "type": "Point",
    "coordinates": [
     -70.1040836,
     -20.2589757
    ]
   },
   "properties": {
    "id": "ig-0849",
    "categoria": "dea",
    "nombre": "Academia Hospicio",
    "tipo_recinto": "educacional",
    "referencia": "",
    "fuentes": [
     "comunidad:instagram"
    ],
    "verificacion": {
     "estado": "sin_verificar",
     "confirmaciones": 0,
     "reportes_ausencia": 0,
     "ultima_confirmacion": null
    }
   }
  },
  {
   "type": "Feature",
   "geometry": {
    "type": "Point",
    "coordinates": [
     -70.10693,
     -20.254926
    ]
   },
   "properties": {
    "id": "ig-0850",
    "categoria": "dea",
    "nombre": "LICEO LOS CONDORES",
    "tipo_recinto": "educacional",
    "referencia": "",
    "fuentes": [
     "comunidad:instagram"
    ],
    "verificacion": {
     "estado": "sin_verificar",
     "confirmaciones": 0,
     "reportes_ausencia": 0,
     "ultima_confirmacion": null
    }
   }
  },
  {
   "type": "Feature",
   "geometry": {
    "type": "Point",
    "coordinates": [
     -70.1256605,
     -20.271779
    ]
   },
   "properties": {
    "id": "ig-0851",
    "categoria": "dea",
    "nombre": "Inacap",
    "tipo_recinto": "educacional",
    "referencia": "",
    "fuentes": [
     "comunidad:instagram"
    ],
    "verificacion": {
     "estado": "sin_verificar",
     "confirmaciones": 0,
     "reportes_ausencia": 0,
     "ultima_confirmacion": null
    }
   }
  },
  {
   "type": "Feature",
   "geometry": {
    "type": "Point",
    "coordinates": [
     -70.129637,
     -20.267913
    ]
   },
   "properties": {
    "id": "ig-0852",
    "categoria": "dea",
    "nombre": "Hotel NH Iquique Costa",
    "tipo_recinto": "hotel",
    "referencia": "",
    "fuentes": [
     "comunidad:instagram"
    ],
    "verificacion": {
     "estado": "sin_verificar",
     "confirmaciones": 0,
     "reportes_ausencia": 0,
     "ultima_confirmacion": null
    }
   }
  },
  {
   "type": "Feature",
   "geometry": {
    "type": "Point",
    "coordinates": [
     -70.1267272,
     -20.269164
    ]
   },
   "properties": {
    "id": "ig-0853",
    "categoria": "dea",
    "nombre": "Supermercado Lider",
    "tipo_recinto": "comercio",
    "referencia": "",
    "fuentes": [
     "comunidad:instagram"
    ],
    "verificacion": {
     "estado": "sin_verificar",
     "confirmaciones": 0,
     "reportes_ausencia": 0,
     "ultima_confirmacion": null
    }
   }
  },
  {
   "type": "Feature",
   "geometry": {
    "type": "Point",
    "coordinates": [
     -70.1255736,
     -20.2651579
    ]
   },
   "properties": {
    "id": "ig-0854",
    "categoria": "dea",
    "nombre": "Colegio Hispano-Britanico",
    "tipo_recinto": "educacional",
    "referencia": "",
    "fuentes": [
     "comunidad:instagram"
    ],
    "verificacion": {
     "estado": "sin_verificar",
     "confirmaciones": 0,
     "reportes_ausencia": 0,
     "ultima_confirmacion": null
    }
   }
  },
  {
   "type": "Feature",
   "geometry": {
    "type": "Point",
    "coordinates": [
     -70.1325453,
     -20.2578197
    ]
   },
   "properties": {
    "id": "ig-0855",
    "categoria": "dea",
    "nombre": "Unimarc",
    "tipo_recinto": "comercio",
    "referencia": "",
    "fuentes": [
     "comunidad:instagram"
    ],
    "verificacion": {
     "estado": "sin_verificar",
     "confirmaciones": 0,
     "reportes_ausencia": 0,
     "ultima_confirmacion": null
    }
   }
  },
  {
   "type": "Feature",
   "geometry": {
    "type": "Point",
    "coordinates": [
     -70.1310137,
     -20.2563238
    ]
   },
   "properties": {
    "id": "ig-0856",
    "categoria": "dea",
    "nombre": "CIAS - Centro Integral Ariel Standen",
    "tipo_recinto": "deportivo",
    "referencia": "",
    "fuentes": [
     "comunidad:instagram"
    ],
    "verificacion": {
     "estado": "sin_verificar",
     "confirmaciones": 0,
     "reportes_ausencia": 0,
     "ultima_confirmacion": null
    }
   }
  },
  {
   "type": "Feature",
   "geometry": {
    "type": "Point",
    "coordinates": [
     -70.1327125,
     -20.2566446
    ]
   },
   "properties": {
    "id": "ig-0857",
    "categoria": "dea",
    "nombre": "Hotel Agualuna",
    "tipo_recinto": "hotel",
    "referencia": "",
    "fuentes": [
     "comunidad:instagram"
    ],
    "verificacion": {
     "estado": "sin_verificar",
     "confirmaciones": 0,
     "reportes_ausencia": 0,
     "ultima_confirmacion": null
    }
   }
  },
  {
   "type": "Feature",
   "geometry": {
    "type": "Point",
    "coordinates": [
     -70.1301146,
     -20.2498615
    ]
   },
   "properties": {
    "id": "ig-0858",
    "categoria": "dea",
    "nombre": "Colegio Humberstone",
    "tipo_recinto": "educacional",
    "referencia": "",
    "fuentes": [
     "comunidad:instagram"
    ],
    "verificacion": {
     "estado": "sin_verificar",
     "confirmaciones": 0,
     "reportes_ausencia": 0,
     "ultima_confirmacion": null
    }
   }
  },
  {
   "type": "Feature",
   "geometry": {
    "type": "Point",
    "coordinates": [
     -70.1344855,
     -20.2473909
    ]
   },
   "properties": {
    "id": "ig-0859",
    "categoria": "dea",
    "nombre": "Unimarc",
    "tipo_recinto": "comercio",
    "referencia": "",
    "fuentes": [
     "comunidad:instagram"
    ],
    "verificacion": {
     "estado": "sin_verificar",
     "confirmaciones": 0,
     "reportes_ausencia": 0,
     "ultima_confirmacion": null
    }
   }
  },
  {
   "type": "Feature",
   "geometry": {
    "type": "Point",
    "coordinates": [
     -70.136767,
     -20.2490115
    ]
   },
   "properties": {
    "id": "ig-0860",
    "categoria": "dea",
    "nombre": "Colegio María Reina",
    "tipo_recinto": "educacional",
    "referencia": "",
    "fuentes": [
     "comunidad:instagram"
    ],
    "verificacion": {
     "estado": "sin_verificar",
     "confirmaciones": 0,
     "reportes_ausencia": 0,
     "ultima_confirmacion": null
    }
   }
  },
  {
   "type": "Feature",
   "geometry": {
    "type": "Point",
    "coordinates": [
     -70.1332168,
     -20.2423171
    ]
   },
   "properties": {
    "id": "ig-0861",
    "categoria": "dea",
    "nombre": "Estadio Tierra de Campeones",
    "tipo_recinto": "deportivo",
    "referencia": "",
    "fuentes": [
     "comunidad:instagram"
    ],
    "verificacion": {
     "estado": "sin_verificar",
     "confirmaciones": 0,
     "reportes_ausencia": 0,
     "ultima_confirmacion": null
    }
   }
  },
  {
   "type": "Feature",
   "geometry": {
    "type": "Point",
    "coordinates": [
     -70.1437076,
     -20.2400983
    ]
   },
   "properties": {
    "id": "ig-0862",
    "categoria": "dea",
    "nombre": "Hotel Terrado Club",
    "tipo_recinto": "hotel",
    "referencia": "",
    "fuentes": [
     "comunidad:instagram"
    ],
    "verificacion": {
     "estado": "sin_verificar",
     "confirmaciones": 0,
     "reportes_ausencia": 0,
     "ultima_confirmacion": null
    }
   }
  },
  {
   "type": "Feature",
   "geometry": {
    "type": "Point",
    "coordinates": [
     -70.1468136,
     -20.237077
    ]
   },
   "properties": {
    "id": "ig-0863",
    "categoria": "dea",
    "nombre": "Hilton Garden Inn Iquique",
    "tipo_recinto": "hotel",
    "referencia": "",
    "fuentes": [
     "comunidad:instagram"
    ],
    "verificacion": {
     "estado": "sin_verificar",
     "confirmaciones": 0,
     "reportes_ausencia": 0,
     "ultima_confirmacion": null
    }
   }
  },
  {
   "type": "Feature",
   "geometry": {
    "type": "Point",
    "coordinates": [
     -70.1448787,
     -20.2397762
    ]
   },
   "properties": {
    "id": "ig-0864",
    "categoria": "dea",
    "nombre": "Universidad Santo Tomás",
    "tipo_recinto": "educacional",
    "referencia": "",
    "fuentes": [
     "comunidad:instagram"
    ],
    "verificacion": {
     "estado": "sin_verificar",
     "confirmaciones": 0,
     "reportes_ausencia": 0,
     "ultima_confirmacion": null
    }
   }
  },
  {
   "type": "Feature",
   "geometry": {
    "type": "Point",
    "coordinates": [
     -70.14577,
     -20.2397749
    ]
   },
   "properties": {
    "id": "ig-0865",
    "categoria": "dea",
    "nombre": "Holiday Inn Express Iquique, an IHG Hotel",
    "tipo_recinto": "hotel",
    "referencia": "",
    "fuentes": [
     "comunidad:instagram"
    ],
    "verificacion": {
     "estado": "sin_verificar",
     "confirmaciones": 0,
     "reportes_ausencia": 0,
     "ultima_confirmacion": null
    }
   }
  },
  {
   "type": "Feature",
   "geometry": {
    "type": "Point",
    "coordinates": [
     -70.1448671,
     -20.2386456
    ]
   },
   "properties": {
    "id": "ig-0866",
    "categoria": "dea",
    "nombre": "Jumbo",
    "tipo_recinto": "comercio",
    "referencia": "",
    "fuentes": [
     "comunidad:instagram"
    ],
    "verificacion": {
     "estado": "sin_verificar",
     "confirmaciones": 0,
     "reportes_ausencia": 0,
     "ultima_confirmacion": null
    }
   }
  },
  {
   "type": "Feature",
   "geometry": {
    "type": "Point",
    "coordinates": [
     -70.0965463,
     -20.2748183
    ]
   },
   "properties": {
    "id": "ig-0867",
    "categoria": "dea",
    "nombre": "Colegio Diego Portales 2.0",
    "tipo_recinto": "educacional",
    "referencia": "",
    "fuentes": [
     "comunidad:instagram"
    ],
    "verificacion": {
     "estado": "sin_verificar",
     "confirmaciones": 0,
     "reportes_ausencia": 0,
     "ultima_confirmacion": null
    }
   }
  },
  {
   "type": "Feature",
   "geometry": {
    "type": "Point",
    "coordinates": [
     -70.1467246,
     -20.2362833
    ]
   },
   "properties": {
    "id": "ig-0868",
    "categoria": "dea",
    "nombre": "Hotel Terrado Cavancha",
    "tipo_recinto": "hotel",
    "referencia": "",
    "fuentes": [
     "comunidad:instagram"
    ],
    "verificacion": {
     "estado": "sin_verificar",
     "confirmaciones": 0,
     "reportes_ausencia": 0,
     "ultima_confirmacion": null
    }
   }
  },
  {
   "type": "Feature",
   "geometry": {
    "type": "Point",
    "coordinates": [
     -70.1473438,
     -20.2352793
    ]
   },
   "properties": {
    "id": "ig-0869",
    "categoria": "dea",
    "nombre": "Dreams Iquique",
    "tipo_recinto": "hotel",
    "referencia": "",
    "fuentes": [
     "comunidad:instagram"
    ],
    "verificacion": {
     "estado": "sin_verificar",
     "confirmaciones": 0,
     "reportes_ausencia": 0,
     "ultima_confirmacion": null
    }
   }
  },
  {
   "type": "Feature",
   "geometry": {
    "type": "Point",
    "coordinates": [
     -70.1502755,
     -20.2350971
    ]
   },
   "properties": {
    "id": "ig-0870",
    "categoria": "dea",
    "nombre": "Hotel Terrado Suites Iquique",
    "tipo_recinto": "hotel",
    "referencia": "",
    "fuentes": [
     "comunidad:instagram"
    ],
    "verificacion": {
     "estado": "sin_verificar",
     "confirmaciones": 0,
     "reportes_ausencia": 0,
     "ultima_confirmacion": null
    }
   }
  },
  {
   "type": "Feature",
   "geometry": {
    "type": "Point",
    "coordinates": [
     -70.1430282,
     -20.2333869
    ]
   },
   "properties": {
    "id": "ig-0871",
    "categoria": "dea",
    "nombre": "La Polar",
    "tipo_recinto": "comercio",
    "referencia": "",
    "fuentes": [
     "comunidad:instagram"
    ],
    "verificacion": {
     "estado": "sin_verificar",
     "confirmaciones": 0,
     "reportes_ausencia": 0,
     "ultima_confirmacion": null
    }
   }
  },
  {
   "type": "Feature",
   "geometry": {
    "type": "Point",
    "coordinates": [
     -70.131733,
     -20.2278591
    ]
   },
   "properties": {
    "id": "ig-0872",
    "categoria": "dea",
    "nombre": "Terminal Agropecuario Iquique S.A.",
    "tipo_recinto": "transporte",
    "referencia": "",
    "fuentes": [
     "comunidad:instagram"
    ],
    "verificacion": {
     "estado": "sin_verificar",
     "confirmaciones": 0,
     "reportes_ausencia": 0,
     "ultima_confirmacion": null
    }
   }
  },
  {
   "type": "Feature",
   "geometry": {
    "type": "Point",
    "coordinates": [
     -70.1316257,
     -20.2295466
    ]
   },
   "properties": {
    "id": "ig-0873",
    "categoria": "dea",
    "nombre": "Centro Comercial El Progreso",
    "tipo_recinto": "comercio",
    "referencia": "",
    "fuentes": [
     "comunidad:instagram"
    ],
    "verificacion": {
     "estado": "sin_verificar",
     "confirmaciones": 0,
     "reportes_ausencia": 0,
     "ultima_confirmacion": null
    }
   }
  },
  {
   "type": "Feature",
   "geometry": {
    "type": "Point",
    "coordinates": [
     -70.1485015,
     -20.2251335
    ]
   },
   "properties": {
    "id": "ig-0874",
    "categoria": "dea",
    "nombre": "Colegio Adventista de Iquique",
    "tipo_recinto": "educacional",
    "referencia": "",
    "fuentes": [
     "comunidad:instagram"
    ],
    "verificacion": {
     "estado": "sin_verificar",
     "confirmaciones": 0,
     "reportes_ausencia": 0,
     "ultima_confirmacion": null
    }
   }
  },
  {
   "type": "Feature",
   "geometry": {
    "type": "Point",
    "coordinates": [
     -70.1462933,
     -20.224348
    ]
   },
   "properties": {
    "id": "ig-0875",
    "categoria": "dea",
    "nombre": "Residencial Turqueza",
    "tipo_recinto": "hotel",
    "referencia": "",
    "fuentes": [
     "comunidad:instagram"
    ],
    "verificacion": {
     "estado": "sin_verificar",
     "confirmaciones": 0,
     "reportes_ausencia": 0,
     "ultima_confirmacion": null
    }
   }
  },
  {
   "type": "Feature",
   "geometry": {
    "type": "Point",
    "coordinates": [
     -70.1466038,
     -20.2233205
    ]
   },
   "properties": {
    "id": "ig-0876",
    "categoria": "dea",
    "nombre": "Unimarc",
    "tipo_recinto": "comercio",
    "referencia": "",
    "fuentes": [
     "comunidad:instagram"
    ],
    "verificacion": {
     "estado": "sin_verificar",
     "confirmaciones": 0,
     "reportes_ausencia": 0,
     "ultima_confirmacion": null
    }
   }
  },
  {
   "type": "Feature",
   "geometry": {
    "type": "Point",
    "coordinates": [
     -70.1485264,
     -20.2221964
    ]
   },
   "properties": {
    "id": "ig-0877",
    "categoria": "dea",
    "nombre": "Liceo María Auxiliadora",
    "tipo_recinto": "educacional",
    "referencia": "",
    "fuentes": [
     "comunidad:instagram"
    ],
    "verificacion": {
     "estado": "sin_verificar",
     "confirmaciones": 0,
     "reportes_ausencia": 0,
     "ultima_confirmacion": null
    }
   }
  },
  {
   "type": "Feature",
   "geometry": {
    "type": "Point",
    "coordinates": [
     -70.1499313,
     -20.2241068
    ]
   },
   "properties": {
    "id": "ig-0878",
    "categoria": "dea",
    "nombre": "Colegio Don Bosco",
    "tipo_recinto": "educacional",
    "referencia": "",
    "fuentes": [
     "comunidad:instagram"
    ],
    "verificacion": {
     "estado": "sin_verificar",
     "confirmaciones": 0,
     "reportes_ausencia": 0,
     "ultima_confirmacion": null
    }
   }
  },
  {
   "type": "Feature",
   "geometry": {
    "type": "Point",
    "coordinates": [
     -70.148229,
     -20.219163
    ]
   },
   "properties": {
    "id": "ig-0879",
    "categoria": "dea",
    "nombre": "Colegio Bulnes",
    "tipo_recinto": "educacional",
    "referencia": "",
    "fuentes": [
     "comunidad:instagram"
    ],
    "verificacion": {
     "estado": "sin_verificar",
     "confirmaciones": 0,
     "reportes_ausencia": 0,
     "ultima_confirmacion": null
    }
   }
  },
  {
   "type": "Feature",
   "geometry": {
    "type": "Point",
    "coordinates": [
     -70.149084,
     -20.219739
    ]
   },
   "properties": {
    "id": "ig-0880",
    "categoria": "dea",
    "nombre": "Hotel Pekin",
    "tipo_recinto": "hotel",
    "referencia": "",
    "fuentes": [
     "comunidad:instagram"
    ],
    "verificacion": {
     "estado": "sin_verificar",
     "confirmaciones": 0,
     "reportes_ausencia": 0,
     "ultima_confirmacion": null
    }
   }
  },
  {
   "type": "Feature",
   "geometry": {
    "type": "Point",
    "coordinates": [
     -70.1512354,
     -20.2202039
    ]
   },
   "properties": {
    "id": "ig-0881",
    "categoria": "dea",
    "nombre": "Hotel Ibis Iquique",
    "tipo_recinto": "hotel",
    "referencia": "",
    "fuentes": [
     "comunidad:instagram"
    ],
    "verificacion": {
     "estado": "sin_verificar",
     "confirmaciones": 0,
     "reportes_ausencia": 0,
     "ultima_confirmacion": null
    }
   }
  },
  {
   "type": "Feature",
   "geometry": {
    "type": "Point",
    "coordinates": [
     -70.1530834,
     -20.2188654
    ]
   },
   "properties": {
    "id": "ig-0882",
    "categoria": "dea",
    "nombre": "Kimed",
    "tipo_recinto": "salud",
    "referencia": "",
    "fuentes": [
     "comunidad:instagram"
    ],
    "verificacion": {
     "estado": "sin_verificar",
     "confirmaciones": 0,
     "reportes_ausencia": 0,
     "ultima_confirmacion": null
    }
   }
  },
  {
   "type": "Feature",
   "geometry": {
    "type": "Point",
    "coordinates": [
     -70.1554029,
     -20.2163621
    ]
   },
   "properties": {
    "id": "ig-0883",
    "categoria": "dea",
    "nombre": "Hotel Mareblu",
    "tipo_recinto": "hotel",
    "referencia": "",
    "fuentes": [
     "comunidad:instagram"
    ],
    "verificacion": {
     "estado": "sin_verificar",
     "confirmaciones": 0,
     "reportes_ausencia": 0,
     "ultima_confirmacion": null
    }
   }
  },
  {
   "type": "Feature",
   "geometry": {
    "type": "Point",
    "coordinates": [
     -70.1503347,
     -20.2159921
    ]
   },
   "properties": {
    "id": "ig-0884",
    "categoria": "dea",
    "nombre": "Hotel Intillanka",
    "tipo_recinto": "hotel",
    "referencia": "",
    "fuentes": [
     "comunidad:instagram"
    ],
    "verificacion": {
     "estado": "sin_verificar",
     "confirmaciones": 0,
     "reportes_ausencia": 0,
     "ultima_confirmacion": null
    }
   }
  },
  {
   "type": "Feature",
   "geometry": {
    "type": "Point",
    "coordinates": [
     -70.1467741,
     -20.2127749
    ]
   },
   "properties": {
    "id": "ig-0885",
    "categoria": "dea",
    "nombre": "Hotel Las Dunas.",
    "tipo_recinto": "hotel",
    "referencia": "",
    "fuentes": [
     "comunidad:instagram"
    ],
    "verificacion": {
     "estado": "sin_verificar",
     "confirmaciones": 0,
     "reportes_ausencia": 0,
     "ultima_confirmacion": null
    }
   }
  },
  {
   "type": "Feature",
   "geometry": {
    "type": "Point",
    "coordinates": [
     -70.1494703,
     -20.2113349
    ]
   },
   "properties": {
    "id": "ig-0886",
    "categoria": "dea",
    "nombre": "Terminal Esmeralda - TurBus",
    "tipo_recinto": "transporte",
    "referencia": "",
    "fuentes": [
     "comunidad:instagram"
    ],
    "verificacion": {
     "estado": "sin_verificar",
     "confirmaciones": 0,
     "reportes_ausencia": 0,
     "ultima_confirmacion": null
    }
   }
  },
  {
   "type": "Feature",
   "geometry": {
    "type": "Point",
    "coordinates": [
     -70.1530376,
     -20.2141648
    ]
   },
   "properties": {
    "id": "ig-0887",
    "categoria": "dea",
    "nombre": "Hotel Terrado Arturo Prat",
    "tipo_recinto": "hotel",
    "referencia": "",
    "fuentes": [
     "comunidad:instagram"
    ],
    "verificacion": {
     "estado": "sin_verificar",
     "confirmaciones": 0,
     "reportes_ausencia": 0,
     "ultima_confirmacion": null
    }
   }
  },
  {
   "type": "Feature",
   "geometry": {
    "type": "Point",
    "coordinates": [
     -70.1519575,
     -20.2141901
    ]
   },
   "properties": {
    "id": "ig-0888",
    "categoria": "dea",
    "nombre": "Banco de Chile",
    "tipo_recinto": "comercio",
    "referencia": "",
    "fuentes": [
     "comunidad:instagram"
    ],
    "verificacion": {
     "estado": "sin_verificar",
     "confirmaciones": 0,
     "reportes_ausencia": 0,
     "ultima_confirmacion": null
    }
   }
  },
  {
   "type": "Feature",
   "geometry": {
    "type": "Point",
    "coordinates": [
     -70.1502897,
     -20.2140926
    ]
   },
   "properties": {
    "id": "ig-0889",
    "categoria": "dea",
    "nombre": "Santa Isabel",
    "tipo_recinto": "comercio",
    "referencia": "",
    "fuentes": [
     "comunidad:instagram"
    ],
    "verificacion": {
     "estado": "sin_verificar",
     "confirmaciones": 0,
     "reportes_ausencia": 0,
     "ultima_confirmacion": null
    }
   }
  },
  {
   "type": "Feature",
   "geometry": {
    "type": "Point",
    "coordinates": [
     -70.1505288,
     -20.2140388
    ]
   },
   "properties": {
    "id": "ig-0890",
    "categoria": "dea",
    "nombre": "París",
    "tipo_recinto": "comercio",
    "referencia": "",
    "fuentes": [
     "comunidad:instagram"
    ],
    "verificacion": {
     "estado": "sin_verificar",
     "confirmaciones": 0,
     "reportes_ausencia": 0,
     "ultima_confirmacion": null
    }
   }
  },
  {
   "type": "Feature",
   "geometry": {
    "type": "Point",
    "coordinates": [
     -70.1486307,
     -20.2142569
    ]
   },
   "properties": {
    "id": "ig-0891",
    "categoria": "dea",
    "nombre": "Corona",
    "tipo_recinto": "comercio",
    "referencia": "",
    "fuentes": [
     "comunidad:instagram"
    ],
    "verificacion": {
     "estado": "sin_verificar",
     "confirmaciones": 0,
     "reportes_ausencia": 0,
     "ultima_confirmacion": null
    }
   }
  },
  {
   "type": "Feature",
   "geometry": {
    "type": "Point",
    "coordinates": [
     -70.148312,
     -20.2139882
    ]
   },
   "properties": {
    "id": "ig-0892",
    "categoria": "dea",
    "nombre": "Ripley",
    "tipo_recinto": "comercio",
    "referencia": "",
    "fuentes": [
     "comunidad:instagram"
    ],
    "verificacion": {
     "estado": "sin_verificar",
     "confirmaciones": 0,
     "reportes_ausencia": 0,
     "ultima_confirmacion": null
    }
   }
  },
  {
   "type": "Feature",
   "geometry": {
    "type": "Point",
    "coordinates": [
     -70.150552,
     -20.2082527
    ]
   },
   "properties": {
    "id": "ig-0893",
    "categoria": "dea",
    "nombre": "Rodoviario de Iquique",
    "tipo_recinto": "transporte",
    "referencia": "",
    "fuentes": [
     "comunidad:instagram"
    ],
    "verificacion": {
     "estado": "sin_verificar",
     "confirmaciones": 0,
     "reportes_ausencia": 0,
     "ultima_confirmacion": null
    }
   }
  },
  {
   "type": "Feature",
   "geometry": {
    "type": "Point",
    "coordinates": [
     -70.14516,
     -20.21812
    ]
   },
   "properties": {
    "id": "ig-0894",
    "categoria": "dea",
    "nombre": "Corona School",
    "tipo_recinto": "educacional",
    "referencia": "",
    "fuentes": [
     "comunidad:instagram"
    ],
    "verificacion": {
     "estado": "sin_verificar",
     "confirmaciones": 0,
     "reportes_ausencia": 0,
     "ultima_confirmacion": null
    }
   }
  },
  {
   "type": "Feature",
   "geometry": {
    "type": "Point",
    "coordinates": [
     -70.1453478,
     -20.2164325
    ]
   },
   "properties": {
    "id": "ig-0895",
    "categoria": "dea",
    "nombre": "Hotel Santa Laura",
    "tipo_recinto": "hotel",
    "referencia": "",
    "fuentes": [
     "comunidad:instagram"
    ],
    "verificacion": {
     "estado": "sin_verificar",
     "confirmaciones": 0,
     "reportes_ausencia": 0,
     "ultima_confirmacion": null
    }
   }
  },
  {
   "type": "Feature",
   "geometry": {
    "type": "Point",
    "coordinates": [
     -70.1450546,
     -20.2164598
    ]
   },
   "properties": {
    "id": "ig-0896",
    "categoria": "dea",
    "nombre": "Hostal Sol del Norte",
    "tipo_recinto": "hotel",
    "referencia": "",
    "fuentes": [
     "comunidad:instagram"
    ],
    "verificacion": {
     "estado": "sin_verificar",
     "confirmaciones": 0,
     "reportes_ausencia": 0,
     "ultima_confirmacion": null
    }
   }
  },
  {
   "type": "Feature",
   "geometry": {
    "type": "Point",
    "coordinates": [
     -68.1964319,
     -22.9060122
    ]
   },
   "properties": {
    "id": "ig-0897",
    "categoria": "dea",
    "nombre": "Museo R. P. Gustavo Le Paige, zona de recinto transitorio",
    "tipo_recinto": "sin_clasificar",
    "referencia": "",
    "fuentes": [
     "comunidad:instagram"
    ],
    "verificacion": {
     "estado": "sin_verificar",
     "confirmaciones": 0,
     "reportes_ausencia": 0,
     "ultima_confirmacion": null
    }
   }
  },
  {
   "type": "Feature",
   "geometry": {
    "type": "Point",
    "coordinates": [
     -68.6502616,
     -22.3426359
    ]
   },
   "properties": {
    "id": "ig-0898",
    "categoria": "dea",
    "nombre": "Escuela San Francisco De Chiu Chiu",
    "tipo_recinto": "educacional",
    "referencia": "",
    "fuentes": [
     "comunidad:instagram"
    ],
    "verificacion": {
     "estado": "sin_verificar",
     "confirmaciones": 0,
     "reportes_ausencia": 0,
     "ultima_confirmacion": null
    }
   }
  },
  {
   "type": "Feature",
   "geometry": {
    "type": "Point",
    "coordinates": [
     -70.2120406,
     -22.1057387
    ]
   },
   "properties": {
    "id": "ig-0899",
    "categoria": "dea",
    "nombre": "Unimarc",
    "tipo_recinto": "comercio",
    "referencia": "",
    "fuentes": [
     "comunidad:instagram"
    ],
    "verificacion": {
     "estado": "sin_verificar",
     "confirmaciones": 0,
     "reportes_ausencia": 0,
     "ultima_confirmacion": null
    }
   }
  },
  {
   "type": "Feature",
   "geometry": {
    "type": "Point",
    "coordinates": [
     -70.2000363,
     -22.0926061
    ]
   },
   "properties": {
    "id": "ig-0900",
    "categoria": "dea",
    "nombre": "Unimarc",
    "tipo_recinto": "comercio",
    "referencia": "",
    "fuentes": [
     "comunidad:instagram"
    ],
    "verificacion": {
     "estado": "sin_verificar",
     "confirmaciones": 0,
     "reportes_ausencia": 0,
     "ultima_confirmacion": null
    }
   }
  },
  {
   "type": "Feature",
   "geometry": {
    "type": "Point",
    "coordinates": [
     -70.1967302,
     -22.0888774
    ]
   },
   "properties": {
    "id": "ig-0901",
    "categoria": "dea",
    "nombre": "Terminal de Buses - Tocopilla",
    "tipo_recinto": "transporte",
    "referencia": "",
    "fuentes": [
     "comunidad:instagram"
    ],
    "verificacion": {
     "estado": "sin_verificar",
     "confirmaciones": 0,
     "reportes_ausencia": 0,
     "ultima_confirmacion": null
    }
   }
  },
  {
   "type": "Feature",
   "geometry": {
    "type": "Point",
    "coordinates": [
     -73.0368318,
     -36.8266394
    ]
   },
   "properties": {
    "id": "ig-0902",
    "categoria": "dea",
    "nombre": "Casa del Deporte UdeC",
    "tipo_recinto": "deportivo",
    "referencia": "",
    "fuentes": [
     "comunidad:instagram"
    ],
    "verificacion": {
     "estado": "sin_verificar",
     "confirmaciones": 0,
     "reportes_ausencia": 0,
     "ultima_confirmacion": null
    }
   }
  },
  {
   "type": "Feature",
   "geometry": {
    "type": "Point",
    "coordinates": [
     -70.5434265,
     -33.38869
    ]
   },
   "properties": {
    "id": "ig-0903",
    "categoria": "dea",
    "nombre": "Club Palestino",
    "tipo_recinto": "deportivo",
    "referencia": "",
    "fuentes": [
     "comunidad:instagram"
    ],
    "verificacion": {
     "estado": "sin_verificar",
     "confirmaciones": 0,
     "reportes_ausencia": 0,
     "ultima_confirmacion": null
    }
   }
  },
  {
   "type": "Feature",
   "geometry": {
    "type": "Point",
    "coordinates": [
     -72.1121808,
     -36.6040102
    ]
   },
   "properties": {
    "id": "ig-0904",
    "categoria": "dea",
    "nombre": "Estación de Ferrocarriles de Chillán",
    "tipo_recinto": "transporte",
    "referencia": "",
    "fuentes": [
     "comunidad:instagram"
    ],
    "verificacion": {
     "estado": "sin_verificar",
     "confirmaciones": 0,
     "reportes_ausencia": 0,
     "ultima_confirmacion": null
    }
   }
  }
 ]
}